{
  "mean": [
    0.9350277568193575,
    -1.0854860408291325,
    -0.04538134843198755,
    -4.225086520603008,
    -2.9840087852075195,
    -0.05562798949624634
  ],
  "std": [
    1.557570635345781,
    1.2700601479717152,
    1.2031059278856879,
    114.74365453734741,
    93.75305130004518,
    95.28935921920281
  ],
  "channels": [
    "accX",
    "accY",
    "accZ",
    "gyroX",
    "gyroY",
    "gyroZ"
  ]
}
