{
  "mean": [
    1915.136445926244,
    -2222.7754116186634,
    -92.94102150871045,
    -69.23744962489933,
    -48.88914174075672,
    -0.9113457644647055
  ],
  "std": [
    3189.904663188159,
    2601.0831826462727,
    2464.1609405096888,
    1879.8900739939795,
    1536.0500336551013,
    1561.1619017886628
  ]
}
