{
  "mean": [
    1916.0625992329878,
    -2223.3709419251018,
    -93.50274540433607,
    -69.27944811079628,
    -48.904664110408355,
    -0.9124877753603922
  ],
  "std": [
    3190.1034052965156,
    2601.1312245606523,
    2464.074362383159,
    1880.2410774988496,
    1536.3758970280326,
    1561.485755909182
  ]
}
