{
  "mean": [
    1917.247802734375,
    -2223.91259765625,
    -94.01901245117188,
    -69.32743072509766,
    -48.92448425292969,
    -0.9227896928787231
  ],
  "std": [
    3191.30126953125,
    2603.224609375,
    2465.12255859375,
    1881.6754150390625,
    1537.2916259765625,
    1562.2393798828125
  ]
}
