ACC_TIME	ACC_X	ACC_Y	ACC_Z	GYRO_X	GYRO_Y	GYRO_Z
1700000000000	1917	-2208	-38	-69	-42	15
1700000000010	1915	-2204	-44	-59	-33	23
1700000000020	1922	-2208	-54	-67	-43	25
1700000000030	1909	-2205	-41	-74	-38	11
1700000000040	1932	-2201	-41	-69	-39	12
1700000000050	1921	-2194	-33	-60	-34	19
1700000000060	1911	-2215	-40	-69	-41	8
1700000000070	1937	-2199	-45	-74	-40	2
1700000000080	1919	-2213	-47	-73	-35	12
1700000000090	1912	-2210	-41	-57	-41	7
1700000000100	1921	-2197	-53	-61	-37	10
1700000000110	1919	-2194	-37	-57	-41	11
1700000000120	1922	-2211	-40	-71	-41	15
1700000000130	1927	-2202	-33	-53	-32	14
1700000000140	1920	-2208	-35	-61	-34	15
1700000000150	1922	-2206	-32	-65	-31	2
1700000000160	1930	-2203	-38	-67	-35	13
1700000000170	1916	-2204	-38	-71	-37	13
1700000000180	1927	-2212	-50	-57	-32	19
1700000000190	1928	-2201	-45	-68	-40	19
1700000000200	1927	-2201	-33	-60	-38	10
1700000000210	1927	-2201	-34	-65	-21	16
1700000000220	1928	-2191	-37	-62	-34	5
1700000000230	1931	-2210	-38	-66	-34	14
1700000000240	1933	-2201	-36	-60	-47	20
1700000000250	1925	-2199	-29	-66	-30	22
1700000000260	1921	-2204	-40	-66	-30	17
1700000000270	1935	-2199	-35	-57	-33	10
1700000000280	1929	-2209	-36	-71	-42	9
1700000000290	1922	-2207	-43	-68	-37	-2
1700000000300	1934	-2209	-33	-52	-35	18
1700000000310	1929	-2203	-42	-67	-57	11
1700000000320	1941	-2196	-47	-49	-35	20
1700000000330	1940	-2193	-50	-68	-45	24
1700000000340	1937	-2193	-40	-64	-29	24
1700000000350	1932	-2193	-37	-58	-36	12
1700000000360	1931	-2193	-41	-59	-27	7
1700000000370	1947	-2196	-43	-58	-29	22
1700000000380	1931	-2190	-48	-57	-37	16
1700000000390	1930	-2179	-41	-66	-39	14
1700000000400	1938	-2192	-33	-64	-27	6
1700000000410	1950	-2197	-43	-61	-34	12
1700000000420	1930	-2193	-39	-59	-30	15
1700000000430	1936	-2194	-43	-61	-32	19
1700000000440	1943	-2195	-38	-56	-34	8
1700000000450	1936	-2197	-41	-68	-33	17
1700000000460	1936	-2194	-38	-60	-31	18
1700000000470	1944	-2183	-49	-65	-32	19
1700000000480	1944	-2187	-41	-70	-25	9
1700000000490	1944	-2194	-34	-52	-40	12
1700000000500	1948	-2194	-35	-52	-37	14
1700000000510	1938	-2210	-45	-53	-27	20
1700000000520	1938	-2182	-45	-55	-33	22
1700000000530	1941	-2195	-49	-54	-24	14
1700000000540	1950	-2193	-36	-56	-33	15
1700000000550	1937	-2190	-30	-58	-45	15
1700000000560	1939	-2195	-47	-53	-29	16
1700000000570	1941	-2195	-36	-44	-31	21
1700000000580	1945	-2194	-43	-52	-30	14
1700000000590	1954	-2183	-23	-50	-32	15
1700000000600	1950	-2186	-46	-59	-26	12
1700000000610	1938	-2193	-47	-53	-43	12
1700000000620	1948	-2186	-41	-56	-30	14
1700000000630	1950	-2181	-32	-49	-40	20
1700000000640	1952	-2195	-39	-63	-42	18
1700000000650	1956	-2190	-35	-61	-30	13
1700000000660	1946	-2188	-41	-57	-32	17
1700000000670	1946	-2180	-54	-53	-31	16
1700000000680	1959	-2185	-42	-56	-30	16
1700000000690	1946	-2186	-49	-56	-32	17
1700000000700	1938	-2195	-40	-64	-31	6
1700000000710	1953	-2185	-39	-58	-30	21
1700000000720	1944	-2175	-38	-43	-36	18
1700000000730	1952	-2188	-40	-56	-40	19
1700000000740	1966	-2188	-40	-59	-26	10
1700000000750	1948	-2185	-45	-54	-39	22
1700000000760	1955	-2187	-47	-54	-25	19
1700000000770	1949	-2187	-52	-49	-21	11
1700000000780	1956	-2187	-46	-53	-31	11
1700000000790	1956	-2183	-49	-54	-34	18
1700000000800	1961	-2197	-45	-55	-39	12
1700000000810	1945	-2188	-46	-46	-27	18
1700000000820	1950	-2182	-38	-51	-29	14
1700000000830	1947	-2192	-40	-52	-20	18
1700000000840	1952	-2187	-45	-54	-21	16
1700000000850	1943	-2184	-32	-42	-19	7
1700000000860	1957	-2184	-49	-53	-24	10
1700000000870	1964	-2191	-41	-47	-33	16
1700000000880	1963	-2177	-37	-51	-34	15
1700000000890	1960	-2190	-40	-47	-22	16
1700000000900	1962	-2182	-38	-45	-30	9
1700000000910	1967	-2185	-29	-62	-26	9
1700000000920	1956	-2185	-38	-57	-34	13
1700000000930	1964	-2185	-41	-52	-30	23
1700000000940	1958	-2183	-40	-52	-36	25
1700000000950	1960	-2189	-37	-45	-25	28
1700000000960	1960	-2195	-38	-47	-30	26
1700000000970	1962	-2189	-49	-46	-36	17
1700000000980	1959	-2181	-40	-49	-30	20
1700000000990	1950	-2185	-43	-48	-30	8
1700000001000	1972	-2191	-53	-44	-36	11
1700000001010	1958	-2178	-52	-58	-27	19
1700000001020	1962	-2183	-44	-49	-36	6
1700000001030	1954	-2179	-47	-45	-30	15
1700000001040	1964	-2184	-46	-43	-34	17
1700000001050	1966	-2188	-50	-55	-34	1
1700000001060	1960	-2176	-44	-50	-31	16
1700000001070	1964	-2192	-41	-47	-36	11
1700000001080	1959	-2186	-58	-51	-21	17
1700000001090	1964	-2181	-51	-39	-39	18
1700000001100	1966	-2187	-31	-46	-29	12
1700000001110	1960	-2184	-44	-50	-35	11
1700000001120	1954	-2181	-57	-42	-34	1
1700000001130	1954	-2185	-51	-40	-33	13
1700000001140	1965	-2196	-39	-52	-24	10
1700000001150	1954	-2183	-49	-55	-31	13
1700000001160	1960	-2177	-50	-43	-26	18
1700000001170	1954	-2182	-49	-44	-33	15
1700000001180	1958	-2193	-42	-43	-35	27
1700000001190	1946	-2184	-52	-53	-23	14
1700000001200	1955	-2186	-61	-46	-43	22
1700000001210	1969	-2184	-60	-52	-43	15
1700000001220	1959	-2180	-59	-37	-29	17
1700000001230	1964	-2183	-51	-49	-30	9
1700000001240	1953	-2190	-56	-53	-37	13
1700000001250	1966	-2189	-47	-50	-28	19
1700000001260	1966	-2188	-60	-34	-31	16
1700000001270	1957	-2191	-50	-49	-39	9
1700000001280	1958	-2180	-34	-43	-27	9
1700000001290	1964	-2185	-57	-39	-35	6
1700000001300	1952	-2183	-50	-51	-32	15
1700000001310	1957	-2190	-42	-42	-31	7
1700000001320	1964	-2190	-56	-57	-18	18
1700000001330	1962	-2183	-48	-41	-33	3
1700000001340	1968	-2175	-54	-40	-32	7
1700000001350	1957	-2177	-56	-38	-32	9
1700000001360	1943	-2189	-60	-48	-28	6
1700000001370	1960	-2189	-63	-40	-30	16
1700000001380	1957	-2189	-62	-53	-33	9
1700000001390	1961	-2181	-52	-49	-31	8
1700000001400	1954	-2193	-63	-63	-31	7
1700000001410	1952	-2190	-50	-37	-14	2
1700000001420	1956	-2189	-50	-48	-27	11
1700000001430	1967	-2188	-53	-45	-28	2
1700000001440	1957	-2188	-57	-55	-37	9
1700000001450	1948	-2177	-68	-52	-34	10
1700000001460	1951	-2185	-57	-57	-29	9
1700000001470	1957	-2197	-65	-50	-37	23
1700000001480	1965	-2182	-63	-46	-18	10
1700000001490	1965	-2185	-57	-41	-22	13
1700000001500	1954	-2184	-59	-43	-36	7
1700000001510	1949	-2175	-52	-59	-38	11
1700000001520	1951	-2187	-54	-46	-27	0
1700000001530	1951	-2193	-52	-49	-31	-2
1700000001540	1950	-2188	-69	-48	-23	18
1700000001550	1948	-2189	-53	-51	-31	16
1700000001560	1953	-2199	-68	-52	-41	5
1700000001570	1961	-2179	-51	-47	-26	0
1700000001580	1942	-2199	-59	-48	-35	7
1700000001590	1953	-2193	-61	-55	-31	13
1700000001600	1967	-2187	-62	-38	-24	1
1700000001610	1955	-2200	-49	-52	-39	8
1700000001620	1944	-2188	-64	-51	-37	2
1700000001630	1957	-2190	-63	-49	-35	-4
1700000001640	1946	-2195	-60	-52	-37	20
1700000001650	1961	-2191	-67	-45	-32	4
1700000001660	1962	-2198	-80	-46	-28	12
1700000001670	1954	-2195	-63	-49	-50	4
1700000001680	1967	-2192	-74	-52	-32	8
1700000001690	1936	-2193	-62	-52	-27	2
1700000001700	1964	-2182	-66	-52	-30	10
1700000001710	1946	-2195	-62	-47	-37	16
1700000001720	1968	-2196	-69	-43	-30	4
1700000001730	1947	-2191	-67	-53	-25	-4
1700000001740	1947	-2194	-69	-54	-35	2
1700000001750	1957	-2196	-69	-45	-39	1
1700000001760	1937	-2189	-71	-50	-22	8
1700000001770	1946	-2197	-69	-39	-39	2
1700000001780	1942	-2206	-68	-51	-34	-1
1700000001790	1957	-2209	-69	-45	-31	4
1700000001800	1946	-2193	-64	-47	-46	6
1700000001810	1949	-2200	-65	-43	-26	-1
1700000001820	1947	-2196	-73	-50	-39	0
1700000001830	1954	-2204	-66	-58	-28	3
1700000001840	1937	-2190	-66	-49	-27	7
1700000001850	1945	-2196	-68	-46	-31	1
1700000001860	1945	-2199	-64	-48	-32	-2
1700000001870	1952	-2195	-69	-55	-35	13
1700000001880	1949	-2199	-69	-50	-22	-4
1700000001890	1947	-2198	-79	-48	-26	5
1700000001900	1951	-2199	-66	-49	-30	10
1700000001910	1944	-2206	-62	-51	-21	-2
1700000001920	1941	-2201	-75	-55	-36	-2
1700000001930	1947	-2195	-75	-54	-43	14
1700000001940	1949	-2197	-70	-44	-26	5
1700000001950	1938	-2194	-70	-42	-41	-3
1700000001960	1939	-2205	-67	-47	-36	5
1700000001970	1944	-2196	-74	-52	-21	4
1700000001980	1952	-2204	-80	-57	-38	-4
1700000001990	1939	-2202	-74	-65	-33	2
1700000002000	1939	-2199	-77	-53	-38	6
1700000002010	1936	-2195	-77	-40	-33	3
1700000002020	1943	-2206	-84	-45	-32	1
1700000002030	1939	-2197	-76	-50	-36	5
1700000002040	1940	-2210	-71	-63	-30	4
1700000002050	1942	-2196	-88	-60	-40	-4
1700000002060	1943	-2191	-84	-52	-29	7
1700000002070	1935	-2207	-75	-61	-17	1
1700000002080	1938	-2205	-68	-64	-41	7
1700000002090	1940	-2209	-86	-58	-34	7
1700000002100	1937	-2206	-84	-50	-37	-4
1700000002110	1939	-2203	-87	-53	-32	0
1700000002120	1945	-2200	-87	-61	-27	-2
1700000002130	1937	-2199	-90	-52	-36	1
1700000002140	1938	-2210	-86	-51	-33	-4
1700000002150	1923	-2200	-90	-60	-49	-5
1700000002160	1946	-2203	-83	-63	-34	-2
1700000002170	1930	-2196	-79	-56	-39	6
1700000002180	1930	-2219	-79	-52	-30	-9
1700000002190	1931	-2205	-83	-55	-39	2
1700000002200	1934	-2206	-77	-51	-34	-3
1700000002210	1934	-2202	-96	-64	-33	-5
1700000002220	1934	-2215	-83	-53	-24	1
1700000002230	1928	-2208	-88	-58	-34	-6
1700000002240	1923	-2217	-89	-57	-36	-19
1700000002250	1935	-2207	-93	-47	-30	-6
1700000002260	1933	-2213	-91	-57	-35	11
1700000002270	1925	-2211	-91	-64	-32	2
1700000002280	1920	-2203	-93	-68	-40	4
1700000002290	1926	-2207	-77	-56	-37	8
1700000002300	1918	-2210	-94	-53	-27	3
1700000002310	1938	-2210	-98	-56	-34	-4
1700000002320	1927	-2217	-94	-50	-27	-7
1700000002330	1920	-2210	-95	-51	-37	11
1700000002340	1921	-2203	-97	-58	-38	-1
1700000002350	1925	-2218	-91	-61	-28	-3
1700000002360	1918	-2216	-93	-64	-40	8
1700000002370	1930	-2216	-95	-60	-42	0
1700000002380	1914	-2223	-99	-61	-29	0
1700000002390	1921	-2213	-84	-68	-42	1
1700000002400	1923	-2212	-97	-50	-24	0
1700000002410	1922	-2221	-96	-60	-46	-9
1700000002420	1924	-2218	-91	-60	-27	0
1700000002430	1915	-2217	-95	-59	-45	-5
1700000002440	1920	-2214	-97	-59	-28	-12
1700000002450	1921	-2221	-108	-62	-34	-5
1700000002460	1922	-2230	-94	-69	-38	-5
1700000002470	1919	-2222	-96	-65	-34	-2
1700000002480	1913	-2224	-95	-61	-36	-4
1700000002490	1919	-2214	-111	-58	-37	3
1700000002500	1913	-2214	-105	-73	-40	-3
1700000002510	1913	-2211	-93	-62	-31	-8
1700000002520	1917	-2220	-106	-56	-38	3
1700000002530	1903	-2226	-101	-57	-35	-5
1700000002540	1908	-2216	-98	-59	-35	0
1700000002550	1908	-2226	-116	-67	-43	-10
1700000002560	1921	-2220	-102	-67	-36	-11
1700000002570	1911	-2236	-114	-61	-40	-7
1700000002580	1919	-2225	-110	-65	-37	-9
1700000002590	1904	-2230	-106	-60	-46	-16
1700000002600	1906	-2223	-100	-57	-40	-13
1700000002610	1910	-2231	-114	-66	-41	-8
1700000002620	1911	-2217	-99	-60	-30	-4
1700000002630	1896	-2229	-101	-63	-41	-18
1700000002640	1906	-2229	-109	-71	-42	-4
1700000002650	1904	-2216	-114	-64	-40	-7
1700000002660	1909	-2230	-110	-66	-41	11
1700000002670	1914	-2237	-105	-77	-45	-5
1700000002680	1911	-2220	-107	-73	-36	5
1700000002690	1896	-2227	-111	-78	-35	-7
1700000002700	1909	-2229	-109	-69	-36	-16
1700000002710	1906	-2229	-110	-73	-40	-12
1700000002720	1910	-2236	-114	-81	-23	-7
1700000002730	1903	-2229	-110	-74	-48	-11
1700000002740	1908	-2234	-95	-61	-48	-14
1700000002750	1904	-2233	-107	-65	-32	-7
1700000002760	1894	-2227	-127	-75	-33	-7
1700000002770	1888	-2238	-113	-64	-47	-14
1700000002780	1896	-2221	-101	-66	-37	-1
1700000002790	1902	-2229	-117	-73	-38	-9
1700000002800	1895	-2233	-116	-75	-39	-1
1700000002810	1890	-2238	-113	-59	-48	-12
1700000002820	1906	-2229	-126	-75	-27	-4
1700000002830	1895	-2228	-122	-66	-44	-6
1700000002840	1887	-2234	-112	-75	-30	-5
1700000002850	1902	-2233	-99	-79	-34	-16
1700000002860	1895	-2233	-113	-67	-41	-8
1700000002870	1903	-2240	-111	-64	-31	-11
1700000002880	1893	-2230	-121	-73	-39	-3
1700000002890	1890	-2235	-114	-72	-49	-13
1700000002900	1886	-2229	-112	-77	-42	-13
1700000002910	1889	-2236	-113	-79	-48	-3
1700000002920	1891	-2242	-126	-82	-47	-11
1700000002930	1886	-2238	-108	-62	-42	-5
1700000002940	1896	-2241	-126	-68	-44	-4
1700000002950	1898	-2231	-113	-68	-44	-16
1700000002960	1896	-2246	-126	-57	-37	-15
1700000002970	1891	-2242	-119	-76	-41	-13
1700000002980	1887	-2238	-118	-76	-48	-23
1700000002990	1895	-2246	-120	-76	-34	-9
1700000003000	1879	-2243	-112	-74	-48	-12
1700000003010	1887	-2246	-121	-72	-45	-20
1700000003020	1893	-2246	-111	-70	-41	-18
1700000003030	1891	-2231	-119	-78	-39	-9
1700000003040	1893	-2245	-126	-81	-48	-6
1700000003050	1879	-2246	-126	-83	-39	-4
1700000003060	1894	-2235	-124	-85	-45	-13
1700000003070	1879	-2245	-125	-75	-41	-20
1700000003080	1880	-2234	-114	-79	-38	-23
1700000003090	1891	-2242	-133	-83	-42	-12
1700000003100	1884	-2230	-126	-53	-44	-16
1700000003110	1875	-2255	-131	-85	-41	-7
1700000003120	1879	-2228	-128	-69	-39	-17
1700000003130	1878	-2247	-133	-68	-37	-14
1700000003140	1889	-2230	-118	-70	-32	-16
1700000003150	1880	-2243	-136	-78	-50	-4
1700000003160	1874	-2255	-135	-80	-41	-10
1700000003170	1881	-2245	-125	-80	-61	-28
1700000003180	1879	-2241	-133	-83	-45	-11
1700000003190	1880	-2246	-127	-74	-37	-22
1700000003200	1885	-2239	-133	-77	-47	-14
1700000003210	1869	-2249	-140	-81	-48	-17
1700000003220	1871	-2244	-124	-79	-46	-14
1700000003230	1884	-2250	-134	-74	-34	-23
1700000003240	1882	-2249	-126	-81	-36	-14
1700000003250	1886	-2254	-128	-89	-43	-9
1700000003260	1879	-2253	-129	-74	-53	-13
1700000003270	1882	-2249	-126	-83	-42	-24
1700000003280	1874	-2248	-124	-78	-31	-16
1700000003290	1875	-2247	-124	-94	-46	-12
1700000003300	1883	-2255	-130	-83	-40	-16
1700000003310	1869	-2242	-129	-91	-46	-17
1700000003320	1877	-2252	-135	-87	-57	-20
1700000003330	1881	-2250	-123	-84	-37	-19
1700000003340	1871	-2254	-126	-84	-38	-12
1700000003350	1876	-2259	-133	-74	-43	-15
1700000003360	1876	-2253	-129	-86	-50	-21
1700000003370	1865	-2246	-137	-74	-55	-18
1700000003380	1879	-2244	-132	-77	-45	-10
1700000003390	1872	-2259	-127	-82	-48	-22
1700000003400	1879	-2247	-127	-97	-48	-17
1700000003410	1878	-2257	-128	-91	-34	-20
1700000003420	1877	-2253	-127	-83	-49	-8
1700000003430	1872	-2249	-131	-80	-51	-21
1700000003440	1865	-2265	-134	-85	-54	-8
1700000003450	1876	-2256	-128	-84	-42	-7
1700000003460	1871	-2255	-146	-83	-54	-19
1700000003470	1882	-2251	-132	-86	-49	-21
1700000003480	1863	-2257	-134	-74	-59	-16
1700000003490	1872	-2249	-126	-93	-52	-27
1700000003500	1872	-2256	-144	-87	-46	-9
1700000003510	1880	-2255	-133	-88	-51	-28
1700000003520	1860	-2250	-132	-77	-64	-17
1700000003530	1870	-2253	-142	-84	-47	-16
1700000003540	1876	-2253	-137	-86	-41	-11
1700000003550	1871	-2261	-136	-83	-51	-13
1700000003560	1877	-2254	-147	-84	-43	-18
1700000003570	1870	-2260	-151	-83	-59	-11
1700000003580	1865	-2257	-130	-82	-45	-17
1700000003590	1862	-2261	-137	-96	-54	-21
1700000003600	1885	-2252	-140	-92	-42	-19
1700000003610	1880	-2262	-135	-87	-56	-16
1700000003620	1879	-2262	-148	-86	-49	-11
1700000003630	1865	-2261	-144	-89	-55	-19
1700000003640	1867	-2258	-147	-85	-45	-20
1700000003650	1878	-2263	-136	-94	-47	-13
1700000003660	1869	-2255	-137	-94	-45	-21
1700000003670	1867	-2247	-138	-92	-59	-22
1700000003680	1860	-2260	-139	-98	-60	-18
1700000003690	1872	-2261	-139	-91	-51	-17
1700000003700	1865	-2259	-139	-86	-47	-18
1700000003710	1861	-2257	-147	-82	-40	0
1700000003720	1871	-2253	-149	-86	-50	-11
1700000003730	1874	-2264	-140	-99	-48	-12
1700000003740	1874	-2266	-142	-94	-55	-8
1700000003750	1873	-2266	-135	-92	-55	-15
1700000003760	1870	-2254	-153	-77	-51	-14
1700000003770	1874	-2256	-145	-90	-58	-23
1700000003780	1861	-2265	-145	-92	-58	-19
1700000003790	1873	-2260	-141	-90	-50	-21
1700000003800	1871	-2264	-154	-101	-50	-21
1700000003810	1884	-2260	-150	-89	-44	-18
1700000003820	1872	-2255	-155	-81	-50	-18
1700000003830	1864	-2262	-144	-93	-52	-12
1700000003840	1865	-2263	-150	-86	-52	-16
1700000003850	1876	-2260	-137	-89	-55	-21
1700000003860	1871	-2260	-145	-92	-57	-17
1700000003870	1873	-2261	-127	-92	-53	-14
1700000003880	1864	-2261	-142	-97	-38	-26
1700000003890	1866	-2262	-154	-93	-51	-22
1700000003900	1869	-2254	-143	-86	-49	-18
1700000003910	1875	-2259	-153	-89	-50	-15
1700000003920	1872	-2262	-132	-98	-53	-15
1700000003930	1868	-2266	-151	-79	-55	-13
1700000003940	1871	-2265	-149	-84	-63	-26
1700000003950	1869	-2259	-141	-86	-47	-25
1700000003960	1873	-2248	-135	-92	-46	-17
1700000003970	1867	-2260	-150	-97	-57	-28
1700000003980	1874	-2256	-144	-93	-52	-25
1700000003990	1872	-2246	-141	-90	-67	-20
1700000004000	1872	-2269	-157	-85	-52	-21
1700000004010	1865	-2262	-155	-85	-57	-19
1700000004020	1866	-2275	-145	-79	-57	-16
1700000004030	1877	-2256	-139	-90	-59	-12
1700000004040	1878	-2264	-154	-98	-50	-6
1700000004050	1871	-2263	-145	-77	-51	-13
1700000004060	1871	-2262	-143	-97	-64	-13
1700000004070	1878	-2258	-147	-91	-56	-11
1700000004080	1881	-2278	-155	-91	-50	-18
1700000004090	1881	-2260	-130	-99	-63	-23
1700000004100	1873	-2255	-155	-84	-62	-17
1700000004110	1882	-2253	-136	-103	-63	-13
1700000004120	1877	-2261	-144	-84	-54	-16
1700000004130	1887	-2261	-156	-94	-66	-23
1700000004140	1877	-2273	-144	-86	-37	-16
1700000004150	1875	-2255	-151	-100	-53	-12
1700000004160	1872	-2257	-141	-93	-59	-15
1700000004170	1875	-2260	-152	-88	-56	-23
1700000004180	1882	-2258	-151	-87	-65	-16
1700000004190	1879	-2254	-144	-90	-48	-23
1700000004200	1878	-2266	-156	-94	-60	-13
1700000004210	1882	-2261	-147	-78	-60	-13
1700000004220	1880	-2267	-155	-89	-55	-16
1700000004230	1876	-2256	-157	-86	-55	-16
1700000004240	1876	-2256	-148	-93	-66	-24
1700000004250	1878	-2255	-153	-87	-57	-15
1700000004260	1867	-2266	-142	-92	-53	-14
1700000004270	1873	-2254	-155	-83	-54	-16
1700000004280	1883	-2260	-151	-86	-45	-21
1700000004290	1867	-2268	-143	-88	-58	-8
1700000004300	1881	-2264	-148	-88	-59	-22
1700000004310	1874	-2256	-142	-87	-64	-19
1700000004320	1873	-2252	-148	-88	-61	-18
1700000004330	1881	-2255	-149	-83	-55	-23
1700000004340	1880	-2246	-151	-91	-61	-15
1700000004350	1884	-2264	-151	-92	-66	-18
1700000004360	1888	-2259	-144	-85	-64	-9
1700000004370	1877	-2264	-145	-94	-62	-17
1700000004380	1878	-2268	-147	-87	-58	-17
1700000004390	1879	-2259	-148	-78	-68	-11
1700000004400	1885	-2260	-156	-100	-50	-19
1700000004410	1874	-2257	-146	-85	-59	-7
1700000004420	1877	-2264	-148	-100	-63	-9
1700000004430	1888	-2255	-138	-93	-59	-8
1700000004440	1889	-2256	-154	-97	-67	-5
1700000004450	1898	-2260	-145	-86	-64	-11
1700000004460	1899	-2268	-156	-81	-51	-11
1700000004470	1890	-2258	-158	-88	-58	-25
1700000004480	1893	-2262	-155	-96	-63	-3
1700000004490	1893	-2245	-149	-83	-58	-18
1700000004500	1897	-2266	-144	-86	-59	-19
1700000004510	1887	-2248	-149	-85	-67	-12
1700000004520	1887	-2258	-152	-94	-62	-14
1700000004530	1896	-2257	-146	-90	-56	-20
1700000004540	1895	-2260	-142	-86	-62	-18
1700000004550	1893	-2257	-150	-84	-67	-15
1700000004560	1882	-2259	-143	-88	-59	-18
1700000004570	1888	-2254	-141	-90	-63	-7
1700000004580	1895	-2256	-147	-76	-56	-4
1700000004590	1898	-2258	-147	-81	-61	-17
1700000004600	1893	-2250	-127	-84	-66	-11
1700000004610	1898	-2245	-151	-84	-58	-13
1700000004620	1888	-2248	-149	-86	-54	-9
1700000004630	1897	-2250	-153	-86	-70	-10
1700000004640	1904	-2246	-139	-81	-65	-25
1700000004650	1902	-2255	-157	-93	-66	-17
1700000004660	1892	-2251	-145	-91	-59	-10
1700000004670	1893	-2251	-148	-93	-52	-3
1700000004680	1897	-2249	-151	-91	-58	-26
1700000004690	1902	-2249	-149	-89	-57	-12
1700000004700	1894	-2248	-138	-74	-65	-10
1700000004710	1909	-2247	-138	-81	-64	-7
1700000004720	1902	-2257	-145	-88	-63	-17
1700000004730	1906	-2254	-148	-70	-64	2
1700000004740	1905	-2246	-142	-87	-60	-20
1700000004750	1904	-2261	-143	-80	-63	-1
1700000004760	1898	-2249	-144	-83	-62	-7
1700000004770	1903	-2243	-140	-88	-61	-13
1700000004780	1911	-2242	-146	-92	-66	-17
1700000004790	1895	-2246	-143	-82	-65	-15
1700000004800	1908	-2240	-154	-67	-62	-9
1700000004810	1903	-2253	-149	-89	-55	-9
1700000004820	1908	-2260	-150	-78	-70	-21
1700000004830	1909	-2256	-138	-97	-57	-12
1700000004840	1906	-2248	-159	-90	-71	-5
1700000004850	1907	-2243	-140	-94	-62	-14
1700000004860	1912	-2244	-149	-85	-64	-7
1700000004870	1902	-2235	-141	-88	-71	-11
1700000004880	1913	-2236	-146	-84	-68	-4
1700000004890	1903	-2247	-147	-85	-69	-17
1700000004900	1912	-2251	-149	-84	-62	1
1700000004910	1914	-2249	-131	-77	-65	-12
1700000004920	1916	-2244	-144	-78	-70	1
1700000004930	1908	-2250	-150	-75	-71	-12
1700000004940	1903	-2250	-145	-72	-69	-17
1700000004950	1909	-2253	-134	-88	-57	-13
1700000004960	1906	-2239	-143	-78	-63	-8
1700000004970	1908	-2239	-140	-77	-74	-2
1700000004980	1925	-2242	-133	-91	-58	-15
1700000004990	1908	-2250	-140	-82	-61	-15
1700000005000	1913	-2247	-138	-76	-58	-1
1700000005010	1905	-2248	-136	-80	-56	-16
1700000005020	1922	-2244	-142	-66	-67	-4
1700000005030	1919	-2240	-135	-71	-69	-7
1700000005040	1918	-2239	-148	-85	-76	-13
1700000005050	1911	-2236	-137	-85	-60	-2
1700000005060	1916	-2237	-141	-89	-58	-12
1700000005070	1922	-2248	-135	-82	-62	-5
1700000005080	1929	-2239	-133	-89	-61	-3
1700000005090	1927	-2233	-128	-84	-59	-4
1700000005100	1925	-2237	-146	-83	-75	-8
1700000005110	1929	-2231	-137	-83	-54	-9
1700000005120	1924	-2246	-137	-80	-66	-7
1700000005130	1919	-2242	-136	-72	-67	-24
1700000005140	1920	-2241	-129	-85	-63	-8
1700000005150	1942	-2230	-139	-78	-72	-13
1700000005160	1927	-2229	-141	-69	-67	-9
1700000005170	1930	-2229	-137	-70	-72	-9
1700000005180	1926	-2244	-127	-92	-73	0
1700000005190	1918	-2229	-136	-79	-58	-13
1700000005200	1931	-2242	-121	-77	-73	5
1700000005210	1915	-2242	-134	-74	-67	0
1700000005220	1929	-2229	-140	-87	-55	-6
1700000005230	1932	-2235	-124	-77	-68	-12
1700000005240	1937	-2231	-138	-76	-69	-8
1700000005250	1931	-2238	-134	-78	-65	-5
1700000005260	1933	-2223	-118	-82	-61	-13
1700000005270	1933	-2244	-131	-76	-69	-4
1700000005280	1929	-2229	-129	-77	-67	-12
1700000005290	1932	-2232	-136	-79	-66	-2
1700000005300	1927	-2224	-120	-85	-64	3
1700000005310	1914	-2234	-133	-72	-65	11
1700000005320	1936	-2232	-130	-70	-68	-3
1700000005330	1928	-2229	-142	-71	-73	-3
1700000005340	1928	-2229	-130	-81	-59	-8
1700000005350	1928	-2212	-139	-81	-68	-10
1700000005360	1928	-2229	-121	-72	-79	1
1700000005370	1924	-2222	-135	-89	-71	-2
1700000005380	1942	-2249	-128	-78	-67	-3
1700000005390	1949	-2235	-132	-70	-70	-6
1700000005400	1955	-2231	-129	-67	-54	-6
1700000005410	1943	-2230	-130	-66	-67	3
1700000005420	1941	-2231	-137	-68	-62	-2
1700000005430	1935	-2226	-119	-77	-70	0
1700000005440	1941	-2208	-132	-80	-72	-4
1700000005450	1937	-2213	-130	-63	-63	-4
1700000005460	1944	-2219	-130	-70	-73	-2
1700000005470	1931	-2216	-122	-71	-65	10
1700000005480	1953	-2235	-127	-72	-62	1
1700000005490	1950	-2224	-118	-64	-70	12
1700000005500	1939	-2227	-116	-90	-70	-3
1700000005510	1931	-2227	-123	-84	-63	-2
1700000005520	1942	-2222	-141	-78	-79	-4
1700000005530	1946	-2223	-122	-70	-77	-5
1700000005540	1949	-2225	-118	-75	-72	2
1700000005550	1939	-2219	-124	-74	-63	2
1700000005560	1943	-2225	-112	-66	-68	-4
1700000005570	1943	-2220	-119	-73	-70	-10
1700000005580	1942	-2225	-123	-59	-66	-5
1700000005590	1950	-2221	-108	-54	-67	-2
1700000005600	1945	-2210	-121	-76	-62	11
1700000005610	1954	-2225	-114	-66	-70	4
1700000005620	1951	-2208	-114	-66	-60	17
1700000005630	1952	-2218	-116	-78	-61	-2
1700000005640	1940	-2219	-121	-59	-62	8
1700000005650	1955	-2216	-111	-71	-68	1
1700000005660	1942	-2218	-121	-65	-71	-5
1700000005670	1952	-2214	-125	-71	-63	5
1700000005680	1952	-2217	-113	-66	-70	5
1700000005690	1959	-2216	-117	-60	-72	4
1700000005700	1958	-2214	-130	-65	-64	-5
1700000005710	1946	-2218	-113	-65	-63	10
1700000005720	1958	-2213	-118	-62	-58	-8
1700000005730	1954	-2214	-130	-54	-65	8
1700000005740	1944	-2220	-118	-65	-64	12
1700000005750	1965	-2215	-116	-60	-64	-10
1700000005760	1955	-2222	-112	-78	-51	2
1700000005770	1958	-2212	-117	-72	-62	-5
1700000005780	1953	-2213	-104	-80	-60	0
1700000005790	1960	-2218	-121	-57	-56	5
1700000005800	1947	-2209	-102	-66	-59	0
1700000005810	1945	-2210	-108	-59	-69	9
1700000005820	1954	-2212	-110	-58	-65	8
1700000005830	1956	-2214	-113	-58	-72	9
1700000005840	1954	-2201	-117	-61	-68	2
1700000005850	1945	-2205	-109	-54	-57	-3
1700000005860	1967	-2210	-122	-53	-57	-1
1700000005870	1952	-2218	-109	-64	-59	1
1700000005880	1954	-2201	-105	-60	-61	2
1700000005890	1956	-2214	-110	-62	-66	14
1700000005900	1959	-2210	-106	-59	-71	5
1700000005910	1956	-2212	-110	-68	-63	-1
1700000005920	1955	-2215	-101	-61	-60	12
1700000005930	1961	-2199	-113	-71	-72	11
1700000005940	1954	-2199	-99	-68	-59	14
1700000005950	1948	-2213	-119	-55	-65	10
1700000005960	1960	-2212	-112	-66	-72	4
1700000005970	1948	-2198	-115	-58	-65	-5
1700000005980	1958	-2202	-103	-57	-57	2
1700000005990	1959	-2213	-105	-65	-62	5
1700000006000	1969	-2201	-109	-57	-64	8
1700000006010	1954	-2194	-95	-54	-67	17
1700000006020	1955	-2198	-102	-48	-65	12
1700000006030	1969	-2201	-102	-56	-70	4
1700000006040	1959	-2202	-101	-56	-56	11
1700000006050	1949	-2209	-97	-51	-69	5
1700000006060	1959	-2205	-108	-66	-69	-1
1700000006070	1960	-2194	-95	-55	-61	0
1700000006080	1957	-2202	-97	-49	-68	2
1700000006090	1962	-2216	-92	-58	-65	1
1700000006100	1953	-2201	-106	-57	-58	7
1700000006110	1963	-2192	-101	-46	-72	14
1700000006120	1958	-2194	-91	-55	-67	0
1700000006130	1954	-2200	-99	-55	-60	17
1700000006140	1965	-2198	-103	-52	-60	8
1700000006150	1958	-2196	-94	-70	-73	7
1700000006160	1966	-2195	-93	-59	-62	9
1700000006170	1965	-2200	-92	-53	-77	0
1700000006180	1956	-2199	-101	-58	-65	7
1700000006190	1959	-2185	-95	-45	-69	12
1700000006200	1964	-2189	-96	-65	-72	6
1700000006210	1959	-2207	-105	-61	-72	17
1700000006220	1966	-2186	-96	-59	-69	1
1700000006230	1954	-2197	-90	-39	-53	17
1700000006240	1957	-2195	-104	-54	-62	-3
1700000006250	1962	-2191	-87	-56	-53	4
1700000006260	1948	-2192	-89	-58	-70	5
1700000006270	1960	-2183	-89	-58	-57	15
1700000006280	1959	-2194	-86	-64	-60	10
1700000006290	1959	-2204	-83	-59	-59	9
1700000006300	1954	-2194	-92	-51	-62	2
1700000006310	1951	-2205	-81	-53	-65	12
1700000006320	1955	-2194	-91	-56	-61	1
1700000006330	1953	-2191	-87	-50	-66	16
1700000006340	1966	-2193	-92	-49	-62	10
1700000006350	1962	-2198	-82	-51	-78	23
1700000006360	1960	-2201	-92	-48	-68	12
1700000006370	1968	-2208	-84	-54	-73	17
1700000006380	1958	-2197	-91	-41	-62	8
1700000006390	1959	-2190	-83	-49	-57	17
1700000006400	1951	-2198	-90	-41	-68	11
1700000006410	1961	-2187	-83	-57	-63	18
1700000006420	1955	-2185	-80	-55	-68	14
1700000006430	1957	-2192	-83	-55	-66	21
1700000006440	1955	-2185	-86	-48	-59	10
1700000006450	1959	-2186	-87	-52	-64	10
1700000006460	1952	-2182	-87	-46	-70	12
1700000006470	1957	-2194	-73	-53	-57	1
1700000006480	1955	-2187	-83	-55	-64	12
1700000006490	1956	-2198	-86	-60	-75	-2
1700000006500	1955	-2190	-77	-53	-71	11
1700000006510	1955	-2202	-75	-46	-60	23
1700000006520	1961	-2189	-81	-46	-51	17
1700000006530	1960	-2189	-91	-50	-61	19
1700000006540	1958	-2183	-71	-51	-63	10
1700000006550	1958	-2191	-76	-64	-70	9
1700000006560	1972	-2185	-83	-52	-68	6
1700000006570	1954	-2190	-68	-48	-62	13
1700000006580	1954	-2190	-70	-36	-63	16
1700000006590	1950	-2181	-76	-44	-68	22
1700000006600	1956	-2194	-71	-45	-67	8
1700000006610	1961	-2175	-73	-51	-79	7
1700000006620	1952	-2188	-83	-39	-67	20
1700000006630	1960	-2178	-66	-50	-68	19
1700000006640	1955	-2190	-81	-48	-58	18
1700000006650	1955	-2179	-71	-44	-71	9
1700000006660	1947	-2190	-73	-46	-55	15
1700000006670	1961	-2182	-67	-54	-63	14
1700000006680	1957	-2184	-64	-47	-64	10
1700000006690	1949	-2182	-75	-62	-73	0
1700000006700	1946	-2192	-76	-52	-70	14
1700000006710	1945	-2185	-69	-41	-65	15
1700000006720	1949	-2187	-70	-44	-70	8
1700000006730	1945	-2192	-76	-46	-68	27
1700000006740	1959	-2192	-59	-43	-63	13
1700000006750	1933	-2176	-72	-41	-56	13
1700000006760	1946	-2179	-67	-47	-61	8
1700000006770	1955	-2185	-76	-52	-62	16
1700000006780	1950	-2189	-72	-46	-61	9
1700000006790	1955	-2184	-85	-47	-65	23
1700000006800	1953	-2181	-72	-58	-64	16
1700000006810	1942	-2187	-80	-50	-62	12
1700000006820	1946	-2198	-66	-50	-63	22
1700000006830	1949	-2187	-70	-46	-64	12
1700000006840	1958	-2195	-60	-58	-58	11
1700000006850	1958	-2190	-65	-44	-51	3
1700000006860	1946	-2186	-60	-46	-63	16
1700000006870	1946	-2192	-70	-54	-64	17
1700000006880	1948	-2179	-66	-50	-59	7
1700000006890	1950	-2188	-73	-55	-71	5
1700000006900	1951	-2183	-62	-46	-62	15
1700000006910	1944	-2185	-58	-48	-78	14
1700000006920	1937	-2188	-65	-49	-63	20
1700000006930	1942	-2190	-55	-52	-51	13
1700000006940	1942	-2191	-68	-51	-60	16
1700000006950	1950	-2181	-63	-43	-58	11
1700000006960	1937	-2182	-54	-46	-60	7
1700000006970	1932	-2183	-63	-56	-70	-1
1700000006980	1937	-2183	-62	-38	-64	11
1700000006990	1939	-2180	-67	-43	-64	23
1700000007000	1943	-2189	-59	-45	-63	5
1700000007010	1926	-2192	-54	-46	-54	13
1700000007020	1929	-2187	-61	-51	-56	13
1700000007030	1941	-2178	-63	-41	-62	16
1700000007040	1938	-2188	-64	-45	-69	8
1700000007050	1942	-2192	-59	-49	-63	5
1700000007060	1948	-2194	-60	-37	-56	20
1700000007070	1927	-2194	-56	-55	-56	6
1700000007080	1931	-2189	-62	-42	-63	11
1700000007090	1932	-2184	-58	-44	-61	20
1700000007100	1931	-2185	-67	-46	-63	13
1700000007110	1934	-2188	-58	-36	-61	30
1700000007120	1946	-2189	-59	-47	-55	20
1700000007130	1933	-2189	-59	-41	-55	20
1700000007140	1931	-2180	-60	-40	-67	17
1700000007150	1927	-2181	-60	-49	-62	15
1700000007160	1930	-2177	-60	-49	-55	13
1700000007170	1933	-2193	-51	-44	-47	19
1700000007180	1939	-2186	-47	-52	-65	8
1700000007190	1928	-2186	-58	-40	-63	9
1700000007200	1930	-2202	-60	-47	-65	18
1700000007210	1924	-2182	-57	-53	-63	14
1700000007220	1932	-2195	-60	-56	-52	14
1700000007230	1925	-2188	-56	-45	-54	19
1700000007240	1932	-2193	-51	-49	-61	21
1700000007250	1927	-2188	-54	-42	-58	16
1700000007260	1929	-2178	-66	-49	-57	15
1700000007270	1930	-2187	-53	-45	-62	21
1700000007280	1920	-2180	-56	-48	-58	9
1700000007290	1922	-2182	-45	-39	-52	9
1700000007300	1931	-2186	-57	-35	-62	16
1700000007310	1920	-2179	-49	-46	-50	13
1700000007320	1942	-2184	-43	-37	-55	26
1700000007330	1918	-2186	-49	-47	-68	14
1700000007340	1919	-2181	-47	-44	-45	2
1700000007350	1922	-2188	-52	-50	-52	14
1700000007360	1932	-2181	-41	-44	-53	14
1700000007370	1918	-2188	-58	-56	-80	17
1700000007380	1922	-2201	-55	-54	-71	21
1700000007390	1926	-2194	-42	-44	-63	18
1700000007400	1921	-2179	-50	-51	-58	18
1700000007410	1917	-2190	-56	-58	-60	14
1700000007420	1918	-2184	-56	-55	-52	3
1700000007430	1915	-2184	-55	-43	-58	9
1700000007440	1920	-2191	-42	-38	-60	16
1700000007450	1926	-2191	-40	-52	-57	11
1700000007460	1915	-2188	-47	-56	-56	23
1700000007470	1915	-2196	-44	-58	-53	10
1700000007480	1907	-2189	-45	-47	-58	15
1700000007490	1914	-2188	-46	-48	-54	18
1700000007500	1923	-2201	-42	-47	-59	12
1700000007510	1909	-2183	-44	-43	-58	11
1700000007520	1918	-2189	-42	-59	-59	18
1700000007530	1909	-2182	-51	-44	-44	23
1700000007540	1906	-2196	-47	-49	-55	10
1700000007550	1908	-2194	-37	-55	-51	19
1700000007560	1909	-2195	-40	-53	-56	4
1700000007570	1914	-2189	-43	-53	-61	16
1700000007580	1907	-2190	-49	-58	-58	4
1700000007590	1910	-2201	-50	-56	-60	18
1700000007600	1901	-2193	-39	-70	-52	9
1700000007610	1904	-2207	-51	-51	-52	6
1700000007620	1905	-2194	-42	-59	-38	16
1700000007630	1903	-2188	-46	-53	-59	6
1700000007640	1906	-2196	-42	-55	-51	11
1700000007650	1904	-2191	-36	-55	-62	11
1700000007660	1900	-2192	-47	-53	-54	10
1700000007670	1905	-2188	-48	-66	-59	22
1700000007680	1910	-2196	-37	-55	-58	8
1700000007690	1908	-2193	-41	-58	-47	16
1700000007700	1895	-2189	-54	-55	-48	27
1700000007710	1912	-2193	-33	-49	-50	1
1700000007720	1897	-2199	-45	-56	-49	3
1700000007730	1895	-2194	-52	-57	-61	15
1700000007740	1915	-2204	-41	-55	-52	18
1700000007750	1908	-2192	-43	-51	-54	5
1700000007760	1902	-2201	-34	-57	-47	0
1700000007770	1898	-2189	-47	-53	-50	15
1700000007780	1902	-2198	-35	-57	-49	11
1700000007790	1906	-2197	-40	-55	-55	22
1700000007800	1896	-2207	-33	-63	-51	17
1700000007810	1902	-2201	-45	-53	-50	8
1700000007820	1898	-2193	-52	-53	-48	7
1700000007830	1893	-2206	-46	-62	-48	13
1700000007840	1890	-2204	-47	-69	-53	21
1700000007850	1895	-2210	-33	-51	-50	11
1700000007860	1890	-2209	-50	-54	-50	5
1700000007870	1904	-2205	-35	-59	-55	7
1700000007880	1900	-2202	-43	-61	-52	7
1700000007890	1890	-2196	-34	-55	-51	8
1700000007900	1894	-2216	-33	-66	-55	20
1700000007910	1901	-2201	-40	-53	-59	18
1700000007920	1898	-2201	-44	-63	-55	16
1700000007930	1888	-2197	-47	-54	-55	10
1700000007940	1886	-2194	-33	-61	-53	-5
1700000007950	1893	-2194	-27	-54	-57	3
1700000007960	1882	-2201	-42	-72	-37	19
1700000007970	1887	-2203	-29	-55	-52	12
1700000007980	1878	-2207	-42	-56	-47	3
1700000007990	1888	-2206	-44	-55	-51	11
1700000008000	1879	-2204	-35	-59	-52	2
1700000008010	1897	-2205	-30	-57	-46	5
1700000008020	1885	-2200	-37	-69	-54	11
1700000008030	1889	-2208	-35	-63	-43	15
1700000008040	1893	-2214	-43	-63	-39	12
1700000008050	1873	-2201	-36	-59	-40	18
1700000008060	1890	-2218	-19	-72	-52	11
1700000008070	1891	-2215	-45	-61	-49	2
1700000008080	1894	-2198	-34	-64	-54	9
1700000008090	1887	-2215	-40	-55	-43	20
1700000008100	1886	-2225	-42	-66	-45	18
1700000008110	1882	-2202	-43	-58	-43	13
1700000008120	1890	-2207	-37	-67	-47	8
1700000008130	1887	-2214	-39	-63	-47	14
1700000008140	1875	-2209	-36	-65	-46	8
1700000008150	1876	-2215	-42	-65	-60	13
1700000008160	1896	-2214	-37	-67	-42	12
1700000008170	1881	-2204	-31	-53	-47	9
1700000008180	1880	-2205	-44	-63	-36	15
1700000008190	1872	-2204	-47	-48	-65	19
1700000008200	1883	-2212	-35	-63	-49	2
1700000008210	1886	-2213	-37	-64	-62	8
1700000008220	1866	-2223	-37	-69	-64	7
1700000008230	1880	-2210	-44	-54	-45	5
1700000008240	1866	-2213	-28	-85	-42	13
1700000008250	1883	-2215	-30	-66	-50	20
1700000008260	1887	-2208	-38	-70	-43	13
1700000008270	1872	-2225	-34	-70	-37	-1
1700000008280	1885	-2209	-34	-67	-41	9
1700000008290	1885	-2222	-30	-72	-48	0
1700000008300	1884	-2220	-47	-62	-61	5
1700000008310	1879	-2219	-39	-59	-52	14
1700000008320	1887	-2224	-38	-77	-45	1
1700000008330	1880	-2226	-36	-71	-54	21
1700000008340	1881	-2218	-23	-72	-39	2
1700000008350	1875	-2205	-42	-72	-38	10
1700000008360	1879	-2222	-35	-69	-52	-2
1700000008370	1877	-2214	-45	-68	-49	11
1700000008380	1865	-2225	-43	-77	-49	-8
1700000008390	1876	-2212	-31	-79	-37	4
1700000008400	1877	-2220	-38	-66	-53	4
1700000008410	1881	-2223	-32	-70	-47	12
1700000008420	1877	-2221	-41	-86	-48	10
1700000008430	1876	-2233	-41	-65	-41	3
1700000008440	1866	-2227	-28	-78	-50	3
1700000008450	1870	-2220	-43	-77	-49	2
1700000008460	1872	-2230	-47	-80	-44	-1
1700000008470	1869	-2208	-45	-74	-60	10
1700000008480	1873	-2224	-41	-70	-40	8
1700000008490	1883	-2223	-35	-77	-41	4
1700000008500	1869	-2231	-45	-74	-30	9
1700000008510	1869	-2225	-44	-66	-50	9
1700000008520	1876	-2232	-42	-73	-33	-3
1700000008530	1880	-2225	-41	-78	-49	-1
1700000008540	1873	-2226	-47	-75	-38	6
1700000008550	1863	-2228	-45	-85	-34	-3
1700000008560	1867	-2228	-41	-76	-47	3
1700000008570	1883	-2231	-48	-70	-45	-6
1700000008580	1874	-2223	-49	-77	-45	1
1700000008590	1870	-2230	-52	-61	-39	-3
1700000008600	1886	-2229	-42	-76	-44	3
1700000008610	1877	-2229	-44	-70	-44	3
1700000008620	1870	-2225	-41	-75	-43	-2
1700000008630	1862	-2218	-49	-75	-43	5
1700000008640	1869	-2230	-43	-74	-46	4
1700000008650	1877	-2225	-38	-72	-36	8
1700000008660	1873	-2236	-45	-88	-49	10
1700000008670	1862	-2226	-43	-83	-44	5
1700000008680	1873	-2247	-42	-89	-41	10
1700000008690	1881	-2229	-50	-85	-41	0
1700000008700	1867	-2220	-47	-76	-43	1
1700000008710	1871	-2230	-43	-80	-41	0
1700000008720	1868	-2225	-40	-79	-43	-6
1700000008730	1874	-2239	-47	-73	-40	-1
1700000008740	1866	-2239	-50	-80	-33	-8
1700000008750	1875	-2228	-36	-80	-41	-5
1700000008760	1864	-2235	-46	-78	-43	-7
1700000008770	1881	-2227	-56	-79	-37	11
1700000008780	1860	-2241	-44	-77	-35	-1
1700000008790	1860	-2233	-57	-80	-37	-10
1700000008800	1866	-2235	-45	-93	-29	-5
1700000008810	1869	-2240	-42	-86	-47	-1
1700000008820	1868	-2223	-41	-74	-41	1
1700000008830	1868	-2233	-50	-90	-52	7
1700000008840	1877	-2250	-58	-85	-54	-5
1700000008850	1876	-2238	-40	-85	-38	0
1700000008860	1867	-2239	-39	-87	-46	-4
1700000008870	1875	-2241	-55	-76	-20	3
1700000008880	1864	-2228	-49	-84	-49	-1
1700000008890	1862	-2239	-51	-81	-42	0
1700000008900	1866	-2239	-44	-78	-38	-13
1700000008910	1866	-2244	-45	-90	-38	0
1700000008920	1870	-2237	-49	-75	-36	-8
1700000008930	1860	-2242	-48	-83	-32	-2
1700000008940	1868	-2246	-45	-88	-38	5
1700000008950	1874	-2243	-44	-79	-39	3
1700000008960	1875	-2235	-56	-89	-47	-11
1700000008970	1868	-2253	-53	-85	-27	-13
1700000008980	1870	-2240	-54	-86	-51	-10
1700000008990	1872	-2238	-42	-84	-33	0
1700000009000	1872	-2245	-48	-82	-34	-3
1700000009010	1882	-2248	-66	-77	-44	-9
1700000009020	1882	-2248	-50	-94	-47	-7
1700000009030	1866	-2243	-59	-78	-45	-1
1700000009040	1875	-2243	-54	-86	-31	-5
1700000009050	1877	-2238	-50	-87	-40	-4
1700000009060	1869	-2234	-62	-92	-22	-7
1700000009070	1872	-2250	-56	-80	-35	-7
1700000009080	1875	-2263	-56	-83	-42	4
1700000009090	1869	-2246	-54	-76	-35	-1
1700000009100	1877	-2255	-63	-86	-37	6
1700000009110	1879	-2244	-60	-86	-36	-2
1700000009120	1868	-2243	-59	-82	-24	-11
1700000009130	1867	-2247	-52	-92	-49	-15
1700000009140	1879	-2245	-57	-83	-30	-7
1700000009150	1860	-2243	-66	-83	-24	-13
1700000009160	1866	-2248	-56	-90	-44	0
1700000009170	1877	-2254	-56	-79	-43	-4
1700000009180	1889	-2244	-61	-83	-33	-9
1700000009190	1880	-2257	-48	-86	-36	-11
1700000009200	1887	-2241	-56	-84	-31	-2
1700000009210	1869	-2241	-63	-86	-32	-20
1700000009220	1880	-2244	-66	-93	-43	-12
1700000009230	1886	-2258	-45	-91	-39	-5
1700000009240	1886	-2249	-73	-79	-35	11
1700000009250	1873	-2246	-48	-81	-32	-6
1700000009260	1885	-2253	-65	-86	-27	-10
1700000009270	1887	-2258	-70	-94	-37	-9
1700000009280	1878	-2249	-50	-92	-43	-11
1700000009290	1887	-2250	-55	-86	-36	-20
1700000009300	1874	-2263	-64	-98	-26	-16
1700000009310	1885	-2262	-67	-81	-36	-13
1700000009320	1872	-2247	-64	-90	-47	-4
1700000009330	1879	-2252	-60	-84	-50	2
1700000009340	1881	-2256	-66	-91	-40	2
1700000009350	1876	-2255	-75	-94	-39	-8
1700000009360	1894	-2257	-59	-89	-35	-12
1700000009370	1888	-2254	-67	-79	-36	-14
1700000009380	1889	-2261	-62	-101	-46	-12
1700000009390	1883	-2256	-69	-84	-35	-9
1700000009400	1884	-2258	-74	-92	-34	-12
1700000009410	1885	-2257	-65	-80	-40	-7
1700000009420	1893	-2259	-64	-88	-37	-9
1700000009430	1884	-2261	-50	-91	-37	-17
1700000009440	1887	-2257	-70	-100	-37	-7
1700000009450	1883	-2258	-64	-94	-23	-12
1700000009460	1876	-2256	-69	-85	-31	-11
1700000009470	1891	-2256	-58	-98	-40	-9
1700000009480	1886	-2259	-68	-84	-33	-12
1700000009490	1886	-2257	-70	-78	-43	-10
1700000009500	1884	-2260	-76	-95	-44	-11
1700000009510	1888	-2260	-68	-86	-28	-22
1700000009520	1876	-2253	-73	-88	-35	-4
1700000009530	1893	-2258	-63	-100	-32	-18
1700000009540	1895	-2263	-71	-79	-33	-8
1700000009550	1886	-2253	-74	-78	-36	-13
1700000009560	1895	-2266	-64	-83	-25	-18
1700000009570	1893	-2260	-80	-90	-18	-14
1700000009580	1884	-2264	-70	-89	-22	-8
1700000009590	1884	-2257	-65	-82	-33	-3
1700000009600	1897	-2247	-81	-91	-35	-9
1700000009610	1884	-2256	-69	-92	-29	-16
1700000009620	1893	-2256	-75	-76	-37	-6
1700000009630	1908	-2257	-79	-97	-24	-19
1700000009640	1897	-2252	-73	-84	-38	-10
1700000009650	1896	-2272	-78	-95	-23	-9
1700000009660	1903	-2262	-65	-91	-39	-13
1700000009670	1903	-2265	-72	-85	-40	-7
1700000009680	1901	-2261	-74	-93	-25	-14
1700000009690	1896	-2254	-72	-92	-29	-17
1700000009700	1899	-2269	-75	-95	-25	-9
1700000009710	1905	-2262	-71	-92	-42	-19
1700000009720	1894	-2259	-81	-93	-28	-10
1700000009730	1910	-2260	-85	-86	-29	-20
1700000009740	1903	-2254	-76	-92	-27	-20
1700000009750	1897	-2263	-90	-83	-35	-13
1700000009760	1899	-2269	-72	-87	-42	1
1700000009770	1904	-2256	-82	-91	-30	-8
1700000009780	1901	-2263	-81	-79	-38	-11
1700000009790	1896	-2259	-75	-93	-21	-19
1700000009800	1903	-2250	-82	-84	-32	-18
1700000009810	1902	-2265	-83	-87	-34	-12
1700000009820	1900	-2262	-91	-90	-38	-17
1700000009830	1921	-2254	-79	-82	-29	-26
1700000009840	1911	-2262	-82	-94	-33	-19
1700000009850	1909	-2256	-75	-93	-21	-13
1700000009860	1899	-2266	-77	-87	-37	-13
1700000009870	1914	-2272	-84	-80	-35	-15
1700000009880	1913	-2268	-80	-80	-18	-18
1700000009890	1899	-2264	-86	-95	-40	-4
1700000009900	1901	-2268	-84	-96	-32	-8
1700000009910	1912	-2257	-80	-91	-37	-23
1700000009920	1909	-2258	-84	-91	-31	-25
1700000009930	1907	-2257	-77	-87	-34	-16
1700000009940	1912	-2267	-84	-82	-40	-2
1700000009950	1912	-2247	-88	-98	-25	-17
1700000009960	1919	-2259	-96	-90	-36	-5
1700000009970	1920	-2278	-90	-92	-23	-11
1700000009980	1915	-2266	-87	-89	-31	-19
1700000009990	1916	-2253	-90	-77	-34	-19
1700000010000	1918	-2271	-99	-95	-27	-31
1700000010010	1913	-2268	-104	-87	-37	-10
1700000010020	1908	-2258	-96	-101	-28	-20
1700000010030	1913	-2272	-100	-85	-26	-16
1700000010040	1917	-2263	-107	-93	-43	-18
1700000010050	1915	-2260	-94	-97	-22	-23
1700000010060	1910	-2260	-91	-85	-40	-12
1700000010070	1916	-2269	-97	-91	-28	-25
1700000010080	1930	-2262	-98	-78	-28	-13
1700000010090	1922	-2261	-104	-85	-27	-18
1700000010100	1922	-2264	-101	-86	-29	-11
1700000010110	1925	-2264	-105	-82	-31	-14
1700000010120	1914	-2253	-96	-77	-27	-18
1700000010130	1912	-2259	-99	-84	-34	-18
1700000010140	1913	-2262	-105	-91	-37	-17
1700000010150	1911	-2249	-100	-94	-21	-15
1700000010160	1929	-2264	-95	-96	-33	-17
1700000010170	1915	-2264	-103	-87	-33	-15
1700000010180	1925	-2259	-101	-97	-36	-20
1700000010190	1918	-2267	-104	-83	-28	-13
1700000010200	1918	-2253	-105	-92	-34	-16
1700000010210	1924	-2247	-107	-89	-44	-22
1700000010220	1926	-2262	-109	-74	-31	-20
1700000010230	1923	-2253	-91	-85	-26	-20
1700000010240	1933	-2259	-104	-94	-47	-22
1700000010250	1925	-2253	-113	-79	-31	-14
1700000010260	1921	-2252	-101	-86	-29	-20
1700000010270	1931	-2268	-90	-83	-32	-14
1700000010280	1926	-2259	-93	-79	-37	-25
1700000010290	1923	-2259	-104	-79	-34	-21
1700000010300	1933	-2263	-107	-88	-27	-10
1700000010310	1935	-2255	-103	-85	-30	-12
1700000010320	1928	-2249	-106	-86	-31	-31
1700000010330	1928	-2255	-102	-81	-22	-21
1700000010340	1934	-2258	-113	-76	-42	-24
1700000010350	1940	-2253	-110	-85	-31	-17
1700000010360	1934	-2261	-97	-81	-40	-18
1700000010370	1945	-2268	-104	-76	-26	-17
1700000010380	1937	-2255	-98	-84	-30	-2
1700000010390	1931	-2258	-102	-84	-32	-19
1700000010400	1944	-2254	-101	-77	-31	-21
1700000010410	1945	-2254	-108	-74	-46	-24
1700000010420	1942	-2251	-108	-80	-35	-15
1700000010430	1941	-2259	-117	-87	-30	-7
1700000010440	1939	-2254	-110	-92	-28	-15
1700000010450	1930	-2239	-116	-87	-42	-10
1700000010460	1940	-2254	-112	-87	-22	-17
1700000010470	1944	-2256	-104	-80	-22	-19
1700000010480	1929	-2252	-114	-72	-31	-11
1700000010490	1935	-2248	-108	-83	-42	-13
1700000010500	1944	-2253	-104	-92	-37	-35
1700000010510	1937	-2253	-117	-81	-33	-23
1700000010520	1941	-2258	-125	-86	-38	-19
1700000010530	1944	-2244	-112	-78	-28	-27
1700000010540	1946	-2256	-113	-90	-36	-26
1700000010550	1939	-2258	-105	-83	-38	-21
1700000010560	1945	-2244	-128	-90	-27	-15
1700000010570	1946	-2253	-112	-90	-31	-32
1700000010580	1946	-2247	-122	-86	-27	-9
1700000010590	1943	-2254	-120	-79	-48	-19
1700000010600	1937	-2251	-110	-83	-29	-22
1700000010610	1946	-2240	-112	-85	-40	-21
1700000010620	1939	-2251	-110	-74	-38	-24
1700000010630	1960	-2238	-118	-80	-29	-17
1700000010640	1948	-2251	-118	-74	-29	-27
1700000010650	1946	-2250	-119	-78	-28	-11
1700000010660	1948	-2247	-124	-83	-36	-15
1700000010670	1947	-2246	-113	-87	-29	-22
1700000010680	1940	-2255	-127	-75	-34	-19
1700000010690	1943	-2247	-118	-77	-41	-11
1700000010700	1940	-2260	-138	-74	-25	-19
1700000010710	1948	-2250	-120	-78	-24	-28
1700000010720	1952	-2242	-127	-77	-36	-7
1700000010730	1959	-2249	-133	-72	-30	-20
1700000010740	1947	-2241	-126	-82	-30	-10
1700000010750	1955	-2253	-128	-80	-23	-16
1700000010760	1947	-2236	-140	-69	-35	-26
1700000010770	1946	-2254	-126	-71	-28	-14
1700000010780	1951	-2238	-125	-65	-28	-18
1700000010790	1940	-2243	-119	-79	-34	-25
1700000010800	1951	-2252	-134	-76	-25	-14
1700000010810	1956	-2250	-133	-68	-34	-21
1700000010820	1954	-2241	-126	-72	-30	-15
1700000010830	1953	-2243	-131	-83	-23	-13
1700000010840	1949	-2242	-122	-81	-39	-15
1700000010850	1947	-2234	-122	-69	-43	-12
1700000010860	1952	-2242	-123	-74	-23	-7
1700000010870	1948	-2250	-122	-68	-35	-16
1700000010880	1953	-2248	-114	-73	-27	-8
1700000010890	1954	-2231	-133	-82	-43	-14
1700000010900	1959	-2238	-125	-84	-29	-16
1700000010910	1964	-2241	-125	-81	-34	-24
1700000010920	1956	-2240	-134	-70	-39	-24
1700000010930	1955	-2243	-125	-79	-32	-8
1700000010940	1962	-2242	-128	-79	-32	-23
1700000010950	1951	-2246	-124	-62	-29	-10
1700000010960	1949	-2248	-132	-66	-31	-25
1700000010970	1956	-2244	-136	-67	-32	-15
1700000010980	1965	-2248	-136	-87	-30	-15
1700000010990	1955	-2242	-128	-73	-30	-20
1700000011000	1972	-2237	-131	-81	-35	-12
1700000011010	1955	-2238	-137	-77	-31	-17
1700000011020	1944	-2227	-131	-78	-34	-10
1700000011030	1961	-2234	-132	-75	-24	-21
1700000011040	1950	-2233	-136	-62	-22	-16
1700000011050	1954	-2241	-143	-73	-35	-20
1700000011060	1962	-2243	-124	-75	-35	-12
1700000011070	1960	-2247	-137	-78	-23	-12
1700000011080	1965	-2239	-142	-67	-33	-23
1700000011090	1960	-2245	-130	-77	-26	-18
1700000011100	1954	-2232	-131	-74	-31	-6
1700000011110	1956	-2228	-135	-66	-25	-10
1700000011120	1964	-2224	-128	-64	-32	-8
1700000011130	1955	-2246	-138	-60	-28	-11
1700000011140	1957	-2227	-127	-69	-44	-30
1700000011150	1959	-2239	-143	-75	-29	-6
1700000011160	1962	-2222	-147	-66	-31	-27
1700000011170	1964	-2243	-147	-65	-33	-19
1700000011180	1962	-2237	-131	-65	-45	-19
1700000011190	1957	-2228	-133	-66	-31	-20
1700000011200	1972	-2232	-143	-60	-31	-18
1700000011210	1964	-2235	-144	-67	-32	-14
1700000011220	1955	-2238	-138	-57	-36	-16
1700000011230	1963	-2229	-142	-71	-43	-14
1700000011240	1967	-2230	-148	-56	-36	-17
1700000011250	1976	-2230	-140	-56	-24	-12
1700000011260	1965	-2226	-147	-63	-34	-15
1700000011270	1952	-2227	-125	-56	-39	-14
1700000011280	1957	-2226	-141	-61	-38	-16
1700000011290	1968	-2222	-140	-65	-40	-15
1700000011300	1958	-2228	-133	-51	-28	-8
1700000011310	1958	-2228	-140	-62	-32	-8
1700000011320	1963	-2221	-136	-69	-36	-14
1700000011330	1953	-2222	-136	-64	-36	-14
1700000011340	1968	-2231	-140	-56	-34	-30
1700000011350	1961	-2221	-146	-61	-20	-13
1700000011360	1944	-2221	-146	-63	-35	-17
1700000011370	1963	-2223	-137	-61	-29	-16
1700000011380	1962	-2214	-143	-69	-29	-18
1700000011390	1964	-2220	-138	-58	-36	-14
1700000011400	1956	-2221	-148	-76	-34	-10
1700000011410	1966	-2231	-134	-56	-24	-17
1700000011420	1963	-2211	-147	-57	-49	-8
1700000011430	1959	-2222	-142	-59	-42	-12
1700000011440	1974	-2231	-148	-68	-36	3
1700000011450	1965	-2225	-144	-58	-36	-8
1700000011460	1965	-2220	-141	-55	-36	-13
1700000011470	1964	-2211	-141	-42	-38	-9
1700000011480	1970	-2220	-144	-65	-34	-13
1700000011490	1954	-2218	-150	-51	-42	-6
1700000011500	1968	-2219	-149	-50	-38	-12
1700000011510	1946	-2213	-136	-57	-36	-18
1700000011520	1957	-2213	-150	-64	-30	-7
1700000011530	1958	-2222	-146	-57	-37	-6
1700000011540	1972	-2215	-141	-61	-31	-19
1700000011550	1955	-2223	-135	-59	-31	-4
1700000011560	1950	-2224	-148	-59	-36	-8
1700000011570	1950	-2218	-147	-52	-36	-9
1700000011580	1960	-2215	-145	-61	-34	-3
1700000011590	1956	-2217	-148	-63	-39	-7
1700000011600	1955	-2220	-153	-61	-38	-12
1700000011610	1953	-2217	-147	-47	-33	-14
1700000011620	1955	-2205	-141	-68	-45	-6
1700000011630	1955	-2217	-151	-53	-31	-1
1700000011640	1958	-2210	-153	-59	-37	-10
1700000011650	1949	-2210	-156	-58	-44	-14
1700000011660	1946	-2212	-148	-61	-29	-16
1700000011670	1950	-2208	-153	-55	-34	-1
1700000011680	1954	-2204	-139	-52	-49	-8
1700000011690	1952	-2211	-156	-48	-39	-7
1700000011700	1953	-2210	-151	-50	-29	-18
1700000011710	1945	-2206	-147	-56	-34	-17
1700000011720	1960	-2216	-152	-50	-36	-12
1700000011730	1949	-2203	-144	-60	-40	1
1700000011740	1967	-2210	-146	-54	-42	-17
1700000011750	1960	-2205	-145	-51	-44	-7
1700000011760	1958	-2208	-143	-56	-42	-9
1700000011770	1946	-2198	-158	-54	-41	-8
1700000011780	1959	-2212	-155	-62	-35	-10
1700000011790	1941	-2222	-146	-49	-34	-6
1700000011800	1952	-2207	-147	-64	-34	-5
1700000011810	1954	-2207	-142	-52	-39	-12
1700000011820	1954	-2214	-145	-53	-41	-2
1700000011830	1959	-2204	-144	-54	-43	-8
1700000011840	1957	-2218	-135	-53	-40	-12
1700000011850	1961	-2201	-145	-47	-46	-6
1700000011860	1948	-2203	-141	-57	-33	-14
1700000011870	1942	-2201	-142	-52	-47	13
1700000011880	1959	-2202	-150	-47	-33	-9
1700000011890	1950	-2211	-159	-51	-31	0
1700000011900	1933	-2209	-139	-43	-42	-4
1700000011910	1948	-2201	-152	-53	-39	-8
1700000011920	1939	-2205	-145	-54	-45	-3
1700000011930	1944	-2212	-142	-51	-42	-12
1700000011940	1937	-2200	-157	-58	-41	-5
1700000011950	1938	-2198	-152	-51	-47	1
1700000011960	1942	-2187	-151	-52	-24	-4
1700000011970	1937	-2196	-155	-52	-39	-11
1700000011980	1935	-2192	-143	-58	-39	0
1700000011990	1946	-2203	-151	-41	-41	-1
1700000012000	1936	-2198	-146	-49	-48	-5
1700000012010	1941	-2206	-156	-51	-30	-3
1700000012020	1941	-2192	-146	-48	-48	-2
1700000012030	1950	-2207	-149	-50	-40	-1
1700000012040	1949	-2199	-142	-52	-49	-1
1700000012050	1932	-2200	-156	-47	-47	-4
1700000012060	1937	-2203	-157	-39	-28	-12
1700000012070	1939	-2192	-152	-51	-42	-12
1700000012080	1936	-2186	-160	-50	-36	0
1700000012090	1934	-2199	-154	-49	-44	0
1700000012100	1939	-2193	-150	-40	-39	-7
1700000012110	1939	-2192	-142	-52	-45	0
1700000012120	1935	-2191	-149	-52	-32	-6
1700000012130	1936	-2185	-157	-43	-47	3
1700000012140	1934	-2196	-151	-38	-42	-7
1700000012150	1929	-2205	-152	-45	-43	6
1700000012160	1931	-2202	-150	-49	-43	0
1700000012170	1941	-2202	-149	-55	-44	8
1700000012180	1936	-2203	-150	-44	-49	-2
1700000012190	1934	-2199	-156	-55	-45	1
1700000012200	1929	-2201	-141	-44	-39	1
1700000012210	1928	-2194	-147	-52	-38	3
1700000012220	1933	-2183	-156	-50	-44	-5
1700000012230	1923	-2193	-140	-46	-45	9
1700000012240	1936	-2199	-140	-44	-40	6
1700000012250	1932	-2195	-150	-45	-41	-4
1700000012260	1927	-2193	-140	-51	-53	-1
1700000012270	1926	-2193	-148	-49	-45	8
1700000012280	1942	-2195	-134	-42	-40	-4
1700000012290	1929	-2197	-143	-44	-50	1
1700000012300	1926	-2190	-149	-42	-45	0
1700000012310	1924	-2196	-137	-56	-40	0
1700000012320	1930	-2189	-154	-49	-46	-5
1700000012330	1933	-2197	-155	-40	-40	5
1700000012340	1923	-2184	-147	-55	-39	2
1700000012350	1924	-2193	-146	-43	-46	-9
1700000012360	1928	-2208	-151	-46	-54	6
1700000012370	1930	-2186	-149	-61	-42	12
1700000012380	1919	-2192	-155	-47	-45	3
1700000012390	1919	-2201	-149	-37	-48	5
1700000012400	1929	-2194	-135	-59	-57	-1
1700000012410	1910	-2184	-139	-46	-45	10
1700000012420	1911	-2191	-149	-48	-45	-3
1700000012430	1922	-2186	-146	-49	-47	10
1700000012440	1925	-2187	-149	-56	-52	4
1700000012450	1910	-2192	-154	-36	-44	4
1700000012460	1925	-2195	-145	-50	-48	12
1700000012470	1903	-2188	-142	-50	-51	1
1700000012480	1917	-2182	-137	-46	-34	5
1700000012490	1918	-2182	-153	-61	-59	8
1700000012500	1913	-2188	-136	-48	-52	12
1700000012510	1901	-2183	-141	-53	-41	11
1700000012520	1914	-2185	-156	-50	-48	12
1700000012530	1917	-2194	-143	-48	-49	-2
1700000012540	1925	-2193	-144	-49	-53	12
1700000012550	1910	-2180	-141	-60	-43	14
1700000012560	1909	-2189	-144	-45	-40	8
1700000012570	1918	-2187	-146	-48	-57	6
1700000012580	1915	-2181	-129	-47	-49	-2
1700000012590	1901	-2182	-145	-45	-47	5
1700000012600	1915	-2181	-141	-40	-50	2
1700000012610	1907	-2178	-146	-46	-58	7
1700000012620	1905	-2185	-139	-47	-45	-6
1700000012630	1899	-2176	-142	-51	-53	23
1700000012640	1904	-2186	-136	-52	-53	8
1700000012650	1908	-2183	-148	-46	-43	11
1700000012660	1906	-2189	-143	-41	-48	2
1700000012670	1898	-2179	-138	-50	-54	-1
1700000012680	1907	-2178	-135	-47	-51	20
1700000012690	1901	-2183	-145	-55	-47	14
1700000012700	1910	-2180	-138	-48	-51	4
1700000012710	1896	-2184	-149	-44	-41	2
1700000012720	1903	-2190	-138	-54	-50	4
1700000012730	1894	-2194	-137	-58	-52	-1
1700000012740	1906	-2182	-143	-49	-47	12
1700000012750	1892	-2186	-133	-45	-43	-1
1700000012760	1902	-2176	-146	-58	-51	5
1700000012770	1902	-2188	-137	-55	-55	5
1700000012780	1895	-2183	-128	-57	-52	14
1700000012790	1896	-2177	-134	-43	-48	5
1700000012800	1902	-2198	-143	-34	-54	12
1700000012810	1893	-2186	-145	-47	-62	13
1700000012820	1899	-2181	-127	-39	-58	10
1700000012830	1900	-2192	-140	-38	-57	8
1700000012840	1890	-2184	-138	-45	-57	8
1700000012850	1891	-2186	-130	-52	-69	4
1700000012860	1896	-2186	-142	-48	-48	12
1700000012870	1892	-2180	-136	-56	-49	2
1700000012880	1896	-2185	-141	-44	-42	-4
1700000012890	1898	-2196	-124	-47	-49	13
1700000012900	1894	-2184	-141	-54	-38	13
1700000012910	1886	-2184	-132	-47	-46	13
1700000012920	1893	-2186	-135	-50	-50	10
1700000012930	1892	-2183	-137	-63	-58	1
1700000012940	1889	-2193	-134	-50	-64	7
1700000012950	1902	-2188	-129	-43	-61	15
1700000012960	1896	-2186	-131	-54	-55	19
1700000012970	1889	-2195	-128	-57	-55	9
1700000012980	1891	-2182	-124	-45	-48	16
1700000012990	1891	-2189	-138	-43	-49	16
1700000013000	1883	-2183	-142	-52	-52	11
1700000013010	1885	-2186	-134	-53	-51	5
1700000013020	1888	-2184	-128	-51	-62	11
1700000013030	1885	-2191	-138	-45	-56	14
1700000013040	1885	-2181	-130	-52	-62	13
1700000013050	1888	-2198	-130	-57	-58	14
1700000013060	1881	-2179	-139	-47	-50	5
1700000013070	1884	-2178	-122	-52	-53	21
1700000013080	1890	-2193	-130	-58	-55	16
1700000013090	1890	-2185	-138	-43	-56	5
1700000013100	1883	-2188	-124	-42	-54	11
1700000013110	1883	-2174	-137	-49	-49	11
1700000013120	1891	-2185	-127	-48	-52	16
1700000013130	1885	-2192	-127	-48	-42	23
1700000013140	1888	-2182	-127	-55	-56	0
1700000013150	1876	-2195	-132	-51	-50	23
1700000013160	1887	-2186	-124	-46	-41	10
1700000013170	1891	-2186	-121	-49	-49	25
1700000013180	1890	-2192	-116	-51	-55	22
1700000013190	1881	-2193	-117	-56	-57	17
1700000013200	1875	-2187	-128	-52	-46	7
1700000013210	1882	-2185	-118	-52	-59	19
1700000013220	1874	-2184	-121	-45	-56	6
1700000013230	1883	-2187	-122	-53	-56	3
1700000013240	1880	-2193	-120	-52	-64	6
1700000013250	1888	-2181	-117	-55	-69	10
1700000013260	1875	-2185	-116	-56	-60	0
1700000013270	1880	-2192	-123	-41	-58	16
1700000013280	1871	-2189	-129	-49	-56	18
1700000013290	1864	-2172	-128	-42	-51	10
1700000013300	1878	-2185	-124	-61	-58	14
1700000013310	1888	-2192	-123	-50	-63	20
1700000013320	1879	-2185	-119	-49	-56	9
1700000013330	1880	-2196	-119	-41	-68	11
1700000013340	1879	-2192	-122	-61	-62	16
1700000013350	1871	-2197	-122	-55	-50	25
1700000013360	1866	-2190	-118	-55	-58	9
1700000013370	1876	-2185	-126	-54	-48	19
1700000013380	1871	-2181	-121	-51	-52	21
1700000013390	1872	-2190	-114	-54	-54	-2
1700000013400	1870	-2197	-115	-57	-66	16
1700000013410	1869	-2197	-113	-57	-58	16
1700000013420	1873	-2187	-110	-52	-54	1
1700000013430	1884	-2194	-128	-53	-59	5
1700000013440	1869	-2180	-123	-61	-55	12
1700000013450	1878	-2186	-127	-54	-56	18
1700000013460	1867	-2195	-115	-53	-51	24
1700000013470	1872	-2198	-109	-45	-56	17
1700000013480	1871	-2186	-122	-57	-66	10
1700000013490	1870	-2198	-122	-67	-61	10
1700000013500	1872	-2208	-116	-60	-66	8
1700000013510	1872	-2198	-105	-64	-68	24
1700000013520	1861	-2196	-116	-52	-62	9
1700000013530	1884	-2188	-105	-60	-54	26
1700000013540	1874	-2200	-99	-56	-53	15
1700000013550	1883	-2200	-109	-52	-56	11
1700000013560	1868	-2204	-110	-71	-58	11
1700000013570	1866	-2191	-103	-63	-52	18
1700000013580	1869	-2195	-110	-66	-65	14
1700000013590	1870	-2204	-111	-68	-61	13
1700000013600	1872	-2204	-107	-63	-69	17
1700000013610	1861	-2199	-100	-66	-59	16
1700000013620	1868	-2189	-107	-65	-58	14
1700000013630	1865	-2196	-109	-57	-55	18
1700000013640	1863	-2192	-113	-56	-57	9
1700000013650	1870	-2199	-112	-58	-56	16
1700000013660	1870	-2198	-100	-69	-64	20
1700000013670	1876	-2199	-105	-60	-54	5
1700000013680	1871	-2207	-108	-78	-58	14
1700000013690	1870	-2197	-117	-68	-55	15
1700000013700	1863	-2209	-108	-56	-59	22
1700000013710	1867	-2200	-102	-61	-63	20
1700000013720	1860	-2204	-100	-61	-71	13
1700000013730	1868	-2203	-106	-69	-58	24
1700000013740	1872	-2198	-101	-72	-58	-6
1700000013750	1871	-2201	-95	-76	-72	14
1700000013760	1884	-2204	-103	-69	-61	15
1700000013770	1877	-2198	-104	-61	-62	14
1700000013780	1874	-2207	-96	-56	-57	24
1700000013790	1869	-2211	-101	-68	-72	19
1700000013800	1868	-2195	-100	-59	-58	16
1700000013810	1866	-2196	-95	-66	-55	10
1700000013820	1862	-2205	-95	-70	-61	13
1700000013830	1864	-2208	-112	-53	-53	15
1700000013840	1881	-2215	-105	-82	-64	12
1700000013850	1868	-2201	-93	-67	-57	15
1700000013860	1873	-2209	-84	-78	-66	6
1700000013870	1869	-2212	-88	-68	-67	18
1700000013880	1870	-2204	-95	-62	-56	25
1700000013890	1854	-2206	-100	-85	-66	14
1700000013900	1868	-2214	-97	-55	-70	13
1700000013910	1878	-2213	-93	-71	-60	16
1700000013920	1859	-2213	-100	-70	-72	14
1700000013930	1875	-2203	-92	-74	-62	25
1700000013940	1861	-2207	-92	-71	-73	23
1700000013950	1869	-2225	-92	-68	-66	15
1700000013960	1865	-2206	-78	-57	-57	22
1700000013970	1874	-2213	-95	-65	-58	32
1700000013980	1868	-2216	-96	-63	-73	22
1700000013990	1863	-2218	-88	-71	-69	10
1700000014000	1866	-2199	-89	-81	-60	26
1700000014010	1876	-2220	-89	-83	-69	15
1700000014020	1876	-2212	-89	-74	-68	5
1700000014030	1877	-2209	-87	-76	-66	12
1700000014040	1866	-2210	-83	-77	-68	17
1700000014050	1875	-2212	-84	-62	-57	8
1700000014060	1867	-2221	-86	-73	-58	13
1700000014070	1868	-2209	-95	-68	-59	11
1700000014080	1868	-2217	-94	-75	-73	15
1700000014090	1869	-2211	-86	-71	-56	1
1700000014100	1877	-2210	-81	-74	-64	16
1700000014110	1869	-2209	-87	-74	-54	15
1700000014120	1873	-2203	-89	-79	-63	13
1700000014130	1879	-2205	-87	-80	-68	18
1700000014140	1870	-2215	-93	-83	-61	14
1700000014150	1875	-2213	-85	-85	-61	11
1700000014160	1875	-2221	-75	-77	-67	3
1700000014170	1869	-2207	-84	-78	-62	23
1700000014180	1886	-2215	-91	-80	-60	15
1700000014190	1880	-2213	-88	-78	-59	7
1700000014200	1873	-2220	-77	-71	-68	23
1700000014210	1868	-2207	-79	-87	-65	21
1700000014220	1872	-2216	-80	-85	-58	10
1700000014230	1875	-2216	-79	-83	-55	11
1700000014240	1884	-2216	-79	-79	-61	14
1700000014250	1879	-2226	-75	-74	-59	8
1700000014260	1895	-2236	-78	-83	-72	6
1700000014270	1886	-2217	-79	-80	-62	7
1700000014280	1888	-2229	-85	-78	-73	16
1700000014290	1885	-2225	-73	-89	-66	20
1700000014300	1887	-2220	-76	-76	-61	13
1700000014310	1887	-2233	-80	-71	-61	22
1700000014320	1881	-2216	-78	-72	-60	12
1700000014330	1872	-2222	-83	-77	-59	17
1700000014340	1889	-2222	-80	-81	-59	5
1700000014350	1886	-2229	-68	-75	-61	16
1700000014360	1879	-2210	-78	-73	-68	13
1700000014370	1867	-2223	-72	-79	-54	12
1700000014380	1886	-2234	-72	-76	-65	12
1700000014390	1889	-2231	-68	-82	-72	2
1700000014400	1882	-2231	-68	-86	-59	9
1700000014410	1890	-2237	-72	-69	-62	12
1700000014420	1885	-2221	-82	-63	-66	10
1700000014430	1874	-2223	-70	-80	-60	19
1700000014440	1896	-2236	-75	-81	-61	10
1700000014450	1887	-2235	-77	-72	-63	10
1700000014460	1890	-2221	-65	-70	-72	18
1700000014470	1892	-2232	-71	-85	-68	10
1700000014480	1885	-2228	-58	-78	-65	6
1700000014490	1886	-2223	-71	-89	-69	9
1700000014500	1885	-2226	-78	-86	-67	7
1700000014510	1884	-2244	-60	-92	-75	12
1700000014520	1886	-2233	-59	-82	-75	2
1700000014530	1881	-2228	-74	-86	-66	21
1700000014540	1898	-2234	-68	-100	-66	9
1700000014550	1898	-2234	-61	-87	-64	7
1700000014560	1888	-2235	-63	-82	-58	21
1700000014570	1900	-2233	-72	-92	-70	6
1700000014580	1882	-2233	-64	-102	-71	17
1700000014590	1893	-2234	-73	-72	-61	13
1700000014600	1893	-2228	-57	-82	-68	4
1700000014610	1892	-2237	-50	-87	-68	19
1700000014620	1885	-2245	-84	-80	-59	7
1700000014630	1908	-2234	-62	-88	-64	15
1700000014640	1895	-2228	-69	-89	-63	23
1700000014650	1894	-2228	-52	-81	-65	15
1700000014660	1893	-2240	-65	-85	-68	7
1700000014670	1897	-2233	-60	-85	-64	10
1700000014680	1904	-2239	-67	-87	-66	11
1700000014690	1901	-2238	-58	-83	-62	7
1700000014700	1893	-2237	-62	-79	-64	9
1700000014710	1896	-2240	-68	-88	-77	-5
1700000014720	1891	-2234	-59	-89	-63	8
1700000014730	1891	-2237	-69	-82	-71	17
1700000014740	1894	-2233	-54	-92	-72	9
1700000014750	1897	-2239	-61	-89	-70	12
1700000014760	1896	-2243	-64	-93	-61	15
1700000014770	1894	-2246	-49	-84	-72	15
1700000014780	1894	-2238	-58	-81	-71	9
1700000014790	1910	-2248	-49	-96	-64	3
1700000014800	1901	-2235	-54	-89	-64	16
1700000014810	1897	-2246	-67	-86	-67	16
1700000014820	1901	-2237	-59	-76	-70	7
1700000014830	1910	-2236	-58	-80	-60	9
1700000014840	1908	-2248	-59	-91	-57	11
1700000014850	1900	-2238	-57	-93	-72	11
1700000014860	1908	-2243	-52	-84	-60	5
1700000014870	1911	-2242	-62	-92	-56	10
1700000014880	1903	-2243	-54	-94	-68	2
1700000014890	1905	-2233	-57	-94	-63	8
1700000014900	1903	-2240	-60	-92	-63	11
1700000014910	1910	-2243	-44	-82	-70	0
1700000014920	1914	-2246	-55	-83	-64	6
1700000014930	1924	-2262	-48	-94	-69	6
1700000014940	1913	-2246	-48	-96	-60	4
1700000014950	1914	-2244	-53	-104	-70	8
1700000014960	1912	-2256	-44	-82	-68	4
1700000014970	1919	-2246	-52	-93	-72	8
1700000014980	1915	-2251	-44	-86	-72	12
1700000014990	1918	-2243	-47	-97	-71	13
1700000015000	1913	-2237	-49	-86	-60	-2
1700000015010	1924	-2254	-51	-86	-67	6
1700000015020	1928	-2251	-53	-90	-63	11
1700000015030	1917	-2254	-50	-95	-77	11
1700000015040	1922	-2250	-57	-93	-52	15
1700000015050	1910	-2246	-63	-83	-52	0
1700000015060	1915	-2236	-48	-86	-56	18
1700000015070	1918	-2258	-50	-96	-74	3
1700000015080	1914	-2256	-63	-93	-64	11
1700000015090	1916	-2247	-51	-97	-66	9
1700000015100	1923	-2252	-52	-101	-67	0
1700000015110	1919	-2248	-48	-87	-66	10
1700000015120	1923	-2253	-50	-99	-74	-1
1700000015130	1924	-2251	-50	-90	-66	6
1700000015140	1918	-2246	-52	-94	-69	1
1700000015150	1927	-2253	-44	-89	-58	-11
1700000015160	1909	-2254	-42	-95	-71	10
1700000015170	1929	-2255	-52	-108	-79	1
1700000015180	1923	-2245	-49	-87	-73	12
1700000015190	1925	-2258	-39	-88	-70	-1
1700000015200	1931	-2250	-45	-77	-73	-4
1700000015210	1935	-2262	-43	-94	-66	0
1700000015220	1927	-2254	-47	-82	-69	13
1700000015230	1931	-2253	-49	-93	-61	-5
1700000015240	1924	-2259	-46	-96	-71	6
1700000015250	1920	-2248	-54	-96	-73	-4
1700000015260	1928	-2247	-48	-97	-59	3
1700000015270	1934	-2249	-40	-84	-71	14
1700000015280	1916	-2261	-30	-101	-71	12
1700000015290	1929	-2262	-54	-93	-65	11
1700000015300	1932	-2258	-48	-83	-51	3
1700000015310	1930	-2268	-38	-91	-76	3
1700000015320	1924	-2252	-47	-100	-59	2
1700000015330	1945	-2260	-52	-77	-74	10
1700000015340	1932	-2270	-42	-94	-62	9
1700000015350	1932	-2262	-44	-94	-59	-5
1700000015360	1934	-2262	-49	-92	-66	-1
1700000015370	1931	-2259	-51	-83	-67	8
1700000015380	1933	-2254	-38	-96	-70	7
1700000015390	1943	-2256	-47	-93	-70	5
1700000015400	1934	-2268	-41	-92	-72	-6
1700000015410	1935	-2254	-39	-101	-78	-1
1700000015420	1930	-2276	-46	-105	-66	5
1700000015430	1937	-2262	-41	-89	-69	-4
1700000015440	1946	-2261	-49	-87	-65	-3
1700000015450	1947	-2259	-38	-99	-66	9
1700000015460	1938	-2266	-38	-94	-55	-4
1700000015470	1944	-2260	-40	-83	-63	4
1700000015480	1939	-2275	-38	-93	-58	-13
1700000015490	1943	-2254	-44	-93	-73	4
1700000015500	1940	-2263	-46	-84	-62	0
1700000015510	1935	-2257	-44	-89	-60	-6
1700000015520	1938	-2262	-44	-90	-59	-11
1700000015530	1956	-2249	-30	-83	-63	-6
1700000015540	1950	-2264	-45	-91	-73	-5
1700000015550	1947	-2258	-39	-77	-67	4
1700000015560	1940	-2261	-45	-99	-73	4
1700000015570	1946	-2251	-42	-95	-61	10
1700000015580	1943	-2260	-45	-92	-73	0
1700000015590	1935	-2245	-31	-87	-62	2
1700000015600	1938	-2251	-33	-85	-62	4
1700000015610	1945	-2265	-38	-93	-73	-9
1700000015620	1943	-2267	-47	-98	-67	-6
1700000015630	1956	-2247	-50	-91	-77	-5
1700000015640	1953	-2266	-38	-88	-69	-4
1700000015650	1953	-2264	-27	-87	-62	-3
1700000015660	1958	-2261	-43	-98	-62	-2
1700000015670	1949	-2261	-48	-87	-73	-9
1700000015680	1940	-2259	-33	-87	-67	4
1700000015690	1950	-2273	-58	-78	-64	-18
1700000015700	1940	-2263	-46	-90	-71	-12
1700000015710	1945	-2261	-31	-85	-70	-11
1700000015720	1954	-2247	-32	-87	-72	-12
1700000015730	1950	-2263	-33	-96	-62	-10
1700000015740	1941	-2262	-40	-83	-67	-1
1700000015750	1953	-2264	-38	-79	-64	-1
1700000015760	1957	-2262	-36	-88	-67	-1
1700000015770	1948	-2257	-35	-94	-67	-6
1700000015780	1953	-2254	-40	-88	-61	-3
1700000015790	1952	-2263	-40	-82	-62	-11
1700000015800	1946	-2274	-39	-82	-66	-14
1700000015810	1950	-2258	-42	-80	-66	-4
1700000015820	1951	-2263	-45	-79	-58	-3
1700000015830	1963	-2259	-37	-85	-51	2
1700000015840	1956	-2270	-41	-90	-60	3
1700000015850	1953	-2259	-33	-73	-75	-6
1700000015860	1949	-2262	-37	-74	-70	-10
1700000015870	1962	-2258	-27	-82	-73	-9
1700000015880	1961	-2271	-50	-77	-66	-15
1700000015890	1962	-2257	-39	-86	-56	-1
1700000015900	1950	-2254	-37	-89	-63	-11
1700000015910	1964	-2255	-43	-78	-72	-8
1700000015920	1972	-2258	-41	-89	-64	-3
1700000015930	1953	-2253	-42	-88	-62	-11
1700000015940	1958	-2256	-39	-82	-67	-10
1700000015950	1971	-2268	-54	-80	-62	-7
1700000015960	1958	-2262	-37	-81	-60	-11
1700000015970	1958	-2265	-38	-87	-64	-17
1700000015980	1961	-2260	-33	-84	-61	-16
1700000015990	1960	-2269	-48	-85	-64	-14
1700000016000	1965	-2265	-24	-90	-55	-6
1700000016010	1962	-2253	-31	-101	-59	-9
1700000016020	1955	-2263	-45	-80	-60	-7
1700000016030	1960	-2258	-41	-95	-60	-9
1700000016040	1950	-2263	-52	-80	-56	-19
1700000016050	1961	-2253	-28	-82	-63	-10
1700000016060	1962	-2266	-45	-89	-50	-10
1700000016070	1956	-2276	-47	-86	-68	-12
1700000016080	1958	-2257	-44	-84	-62	-7
1700000016090	1963	-2254	-41	-85	-64	-11
1700000016100	1970	-2263	-43	-84	-72	-26
1700000016110	1957	-2259	-38	-82	-73	-10
1700000016120	1961	-2265	-34	-74	-64	6
1700000016130	1955	-2253	-42	-81	-65	-7
1700000016140	1968	-2273	-42	-81	-61	3
1700000016150	1961	-2262	-36	-82	-58	-12
1700000016160	1969	-2260	-43	-83	-66	-18
1700000016170	1963	-2264	-42	-78	-67	-11
1700000016180	1956	-2263	-34	-86	-56	-5
1700000016190	1969	-2259	-43	-78	-60	-14
1700000016200	1956	-2264	-31	-84	-62	-6
1700000016210	1957	-2254	-29	-71	-61	-7
1700000016220	1954	-2267	-40	-64	-51	-11
1700000016230	1959	-2255	-52	-70	-53	-7
1700000016240	1965	-2263	-33	-80	-66	-10
1700000016250	1966	-2254	-43	-79	-65	-8
1700000016260	1946	-2251	-42	-77	-60	-12
1700000016270	1962	-2249	-43	-68	-52	-19
1700000016280	1966	-2258	-46	-85	-59	-16
1700000016290	1960	-2263	-41	-85	-71	5
1700000016300	1973	-2252	-45	-86	-65	-7
1700000016310	1964	-2259	-39	-65	-57	-11
1700000016320	1969	-2260	-33	-81	-58	-15
1700000016330	1963	-2253	-35	-76	-57	-11
1700000016340	1960	-2263	-45	-78	-55	-10
1700000016350	1971	-2257	-42	-82	-56	-12
1700000016360	1956	-2256	-41	-81	-63	-21
1700000016370	1961	-2255	-40	-75	-59	-12
1700000016380	1960	-2257	-27	-75	-57	-12
1700000016390	1949	-2258	-55	-66	-63	-14
1700000016400	1956	-2253	-47	-81	-51	-13
1700000016410	1957	-2241	-46	-76	-60	-19
1700000016420	1961	-2259	-44	-66	-58	-20
1700000016430	1968	-2251	-49	-79	-62	3
1700000016440	1966	-2255	-41	-77	-52	-10
1700000016450	1965	-2255	-53	-77	-71	-7
1700000016460	1958	-2258	-45	-71	-51	-15
1700000016470	1946	-2255	-44	-71	-62	-5
1700000016480	1958	-2259	-35	-77	-57	-16
1700000016490	1946	-2253	-42	-80	-66	-16
1700000016500	1969	-2249	-49	-72	-55	-7
1700000016510	1954	-2253	-40	-72	-74	-28
1700000016520	1945	-2262	-43	-71	-54	-17
1700000016530	1962	-2239	-46	-79	-60	-23
1700000016540	1963	-2253	-43	-76	-55	-9
1700000016550	1958	-2251	-59	-80	-47	-7
1700000016560	1949	-2258	-48	-69	-45	-18
1700000016570	1955	-2247	-48	-65	-53	-17
1700000016580	1964	-2255	-51	-69	-44	-8
1700000016590	1960	-2245	-57	-74	-50	0
1700000016600	1945	-2252	-52	-77	-49	-15
1700000016610	1949	-2249	-41	-87	-60	-25
1700000016620	1959	-2241	-54	-71	-48	-11
1700000016630	1950	-2261	-48	-70	-60	-17
1700000016640	1959	-2248	-51	-65	-57	-18
1700000016650	1947	-2246	-40	-73	-46	-5
1700000016660	1961	-2249	-52	-74	-53	-23
1700000016670	1953	-2237	-47	-65	-39	-13
1700000016680	1950	-2248	-48	-65	-53	-6
1700000016690	1956	-2258	-65	-66	-50	-21
1700000016700	1955	-2247	-55	-70	-52	-13
1700000016710	1957	-2247	-58	-63	-49	-13
1700000016720	1947	-2253	-51	-66	-54	-15
1700000016730	1941	-2241	-49	-68	-52	-11
1700000016740	1960	-2240	-62	-69	-50	-11
1700000016750	1952	-2247	-62	-76	-56	-9
1700000016760	1950	-2252	-60	-65	-64	-19
1700000016770	1953	-2245	-50	-69	-52	-20
1700000016780	1952	-2222	-50	-54	-46	-8
1700000016790	1956	-2241	-58	-63	-53	-15
1700000016800	1949	-2251	-54	-56	-68	-10
1700000016810	1944	-2244	-56	-65	-50	-22
1700000016820	1957	-2239	-66	-69	-55	-24
1700000016830	1950	-2232	-50	-67	-61	-14
1700000016840	1949	-2238	-47	-67	-54	-18
1700000016850	1950	-2244	-62	-80	-52	-13
1700000016860	1947	-2239	-58	-71	-54	-23
1700000016870	1946	-2239	-55	-61	-39	-20
1700000016880	1949	-2243	-47	-66	-53	-21
1700000016890	1938	-2236	-49	-68	-49	-17
1700000016900	1955	-2240	-56	-65	-52	-7
1700000016910	1956	-2240	-62	-67	-61	-22
1700000016920	1953	-2229	-63	-65	-53	-26
1700000016930	1948	-2240	-71	-58	-53	-23
1700000016940	1950	-2231	-57	-63	-51	-17
1700000016950	1948	-2234	-63	-59	-59	-15
1700000016960	1951	-2236	-59	-60	-46	-23
1700000016970	1943	-2238	-65	-67	-52	-31
1700000016980	1936	-2245	-67	-64	-57	-16
1700000016990	1940	-2226	-54	-66	-55	-15
1700000017000	1943	-2231	-52	-62	-49	-20
1700000017010	1933	-2240	-56	-63	-41	-19
1700000017020	1950	-2219	-64	-51	-48	-11
1700000017030	1939	-2238	-62	-62	-40	-6
1700000017040	1956	-2232	-49	-58	-44	-24
1700000017050	1938	-2227	-70	-57	-60	-23
1700000017060	1937	-2234	-63	-63	-57	-16
1700000017070	1933	-2234	-71	-47	-41	-2
1700000017080	1947	-2231	-76	-55	-56	-25
1700000017090	1940	-2239	-70	-61	-51	-15
1700000017100	1940	-2243	-68	-57	-52	-26
1700000017110	1930	-2229	-65	-64	-44	-20
1700000017120	1929	-2224	-73	-57	-55	-6
1700000017130	1936	-2232	-68	-56	-53	-15
1700000017140	1943	-2234	-62	-56	-48	-25
1700000017150	1933	-2227	-75	-60	-54	-18
1700000017160	1928	-2229	-68	-61	-47	-19
1700000017170	1926	-2222	-67	-52	-44	-12
1700000017180	1928	-2226	-72	-54	-50	-20
1700000017190	1931	-2208	-69	-50	-59	-22
1700000017200	1932	-2225	-72	-51	-51	-5
1700000017210	1936	-2230	-75	-71	-46	-14
1700000017220	1932	-2227	-64	-47	-47	-17
1700000017230	1931	-2228	-76	-59	-51	-19
1700000017240	1933	-2229	-78	-65	-57	-27
1700000017250	1927	-2224	-82	-56	-38	-15
1700000017260	1930	-2213	-73	-62	-46	-22
1700000017270	1934	-2216	-67	-45	-33	-14
1700000017280	1920	-2235	-78	-52	-49	-13
1700000017290	1926	-2239	-71	-68	-47	-21
1700000017300	1921	-2220	-64	-60	-55	-13
1700000017310	1936	-2219	-58	-47	-38	-15
1700000017320	1930	-2221	-66	-49	-54	-24
1700000017330	1924	-2213	-77	-50	-53	-5
1700000017340	1926	-2225	-73	-47	-49	-23
1700000017350	1915	-2236	-83	-51	-60	-15
1700000017360	1926	-2223	-68	-58	-49	-15
1700000017370	1936	-2218	-66	-47	-51	-15
1700000017380	1913	-2222	-77	-52	-42	-21
1700000017390	1910	-2219	-74	-63	-50	-17
1700000017400	1930	-2219	-69	-47	-54	-14
1700000017410	1931	-2226	-69	-51	-45	-17
1700000017420	1916	-2223	-79	-52	-52	-19
1700000017430	1923	-2218	-74	-48	-53	-14
1700000017440	1923	-2226	-80	-50	-44	-21
1700000017450	1904	-2213	-85	-45	-44	-15
1700000017460	1912	-2200	-74	-58	-41	-16
1700000017470	1927	-2213	-76	-48	-48	-22
1700000017480	1917	-2211	-79	-56	-56	-9
1700000017490	1918	-2215	-79	-58	-50	-20
1700000017500	1926	-2215	-85	-40	-33	-11
1700000017510	1916	-2213	-81	-51	-32	-22
1700000017520	1916	-2208	-92	-59	-46	-18
1700000017530	1913	-2210	-81	-46	-45	-17
1700000017540	1917	-2218	-74	-58	-48	-22
1700000017550	1910	-2210	-75	-52	-43	-18
1700000017560	1910	-2216	-85	-51	-52	-19
1700000017570	1904	-2217	-84	-45	-42	-14
1700000017580	1910	-2207	-86	-54	-57	-10
1700000017590	1907	-2213	-90	-56	-37	-10
1700000017600	1911	-2207	-93	-51	-39	-20
1700000017610	1912	-2222	-83	-49	-47	-7
1700000017620	1914	-2221	-89	-50	-40	-26
1700000017630	1895	-2202	-96	-53	-40	-24
1700000017640	1919	-2208	-85	-48	-47	-10
1700000017650	1915	-2213	-98	-46	-47	-9
1700000017660	1902	-2210	-89	-33	-46	-15
1700000017670	1908	-2214	-79	-49	-47	-9
1700000017680	1904	-2196	-85	-53	-50	-15
1700000017690	1913	-2206	-93	-47	-48	-17
1700000017700	1905	-2208	-88	-45	-36	-18
1700000017710	1909	-2198	-97	-52	-35	-25
1700000017720	1906	-2201	-89	-56	-46	-26
1700000017730	1908	-2216	-87	-42	-37	-11
1700000017740	1902	-2202	-95	-49	-38	-9
1700000017750	1900	-2206	-81	-52	-39	-20
1700000017760	1897	-2196	-90	-47	-25	-8
1700000017770	1897	-2203	-87	-50	-45	-7
1700000017780	1894	-2210	-87	-49	-41	-11
1700000017790	1894	-2204	-84	-54	-29	-8
1700000017800	1903	-2203	-91	-51	-48	-4
1700000017810	1894	-2210	-99	-43	-38	-11
1700000017820	1894	-2219	-96	-48	-36	-6
1700000017830	1907	-2193	-94	-35	-47	-14
1700000017840	1884	-2209	-91	-41	-46	-10
1700000017850	1894	-2204	-98	-45	-46	-7
1700000017860	1891	-2200	-114	-51	-37	-3
1700000017870	1900	-2203	-99	-51	-41	-11
1700000017880	1901	-2199	-94	-49	-41	-15
1700000017890	1890	-2200	-100	-49	-37	-16
1700000017900	1904	-2205	-91	-43	-38	-7
1700000017910	1896	-2203	-94	-38	-51	-17
1700000017920	1894	-2201	-96	-54	-28	-11
1700000017930	1883	-2195	-98	-52	-33	-7
1700000017940	1881	-2197	-103	-45	-38	-16
1700000017950	1881	-2206	-100	-47	-36	-14
1700000017960	1887	-2199	-98	-48	-49	-10
1700000017970	1899	-2222	-103	-52	-38	-11
1700000017980	1886	-2198	-101	-49	-32	-17
1700000017990	1881	-2198	-103	-38	-39	-15
1700000018000	1893	-2200	-114	-46	-44	-8
1700000018010	1887	-2196	-113	-54	-47	-8
1700000018020	1889	-2189	-86	-49	-50	-16
1700000018030	1895	-2214	-106	-54	-37	-19
1700000018040	1882	-2200	-98	-44	-37	-12
1700000018050	1891	-2195	-108	-43	-42	-9
1700000018060	1889	-2184	-109	-51	-27	-9
1700000018070	1888	-2188	-91	-38	-27	-14
1700000018080	1900	-2197	-101	-38	-43	-13
1700000018090	1885	-2196	-114	-54	-47	-21
1700000018100	1891	-2190	-104	-52	-42	-4
1700000018110	1884	-2192	-117	-53	-27	-11
1700000018120	1881	-2199	-118	-41	-39	-9
1700000018130	1880	-2188	-108	-41	-40	-10
1700000018140	1886	-2190	-100	-31	-46	-17
1700000018150	1880	-2194	-107	-43	-34	-11
1700000018160	1880	-2183	-115	-46	-47	0
1700000018170	1888	-2190	-118	-51	-35	4
1700000018180	1884	-2196	-111	-46	-41	-14
1700000018190	1879	-2198	-122	-52	-45	3
1700000018200	1880	-2193	-115	-38	-32	-5
1700000018210	1881	-2193	-104	-44	-36	-15
1700000018220	1880	-2185	-118	-43	-33	-2
1700000018230	1882	-2189	-117	-51	-31	-15
1700000018240	1871	-2201	-115	-54	-30	-15
1700000018250	1882	-2190	-122	-51	-41	-3
1700000018260	1884	-2200	-115	-53	-43	-5
1700000018270	1883	-2184	-122	-53	-42	-12
1700000018280	1880	-2191	-111	-43	-36	-19
1700000018290	1871	-2186	-121	-49	-35	-14
1700000018300	1870	-2183	-123	-37	-38	-3
1700000018310	1884	-2185	-116	-46	-43	1
1700000018320	1863	-2195	-115	-52	-36	-9
1700000018330	1885	-2188	-125	-39	-23	-4
1700000018340	1876	-2192	-112	-52	-41	-13
1700000018350	1872	-2196	-118	-47	-41	-4
1700000018360	1878	-2192	-128	-41	-31	3
1700000018370	1872	-2183	-128	-56	-37	-8
1700000018380	1870	-2198	-121	-45	-40	-2
1700000018390	1883	-2186	-117	-48	-38	-7
1700000018400	1872	-2197	-111	-59	-35	-11
1700000018410	1866	-2192	-117	-45	-46	-14
1700000018420	1872	-2189	-125	-41	-32	-13
1700000018430	1869	-2186	-129	-34	-29	-10
1700000018440	1874	-2196	-118	-45	-41	-6
1700000018450	1871	-2195	-127	-34	-34	-11
1700000018460	1876	-2175	-125	-46	-43	-2
1700000018470	1862	-2184	-132	-38	-32	4
1700000018480	1880	-2182	-132	-57	-37	-18
1700000018490	1868	-2171	-131	-48	-42	-4
1700000018500	1865	-2185	-119	-46	-39	-7
1700000018510	1873	-2188	-113	-52	-32	1
1700000018520	1871	-2182	-117	-53	-38	-5
1700000018530	1867	-2179	-133	-54	-41	-11
1700000018540	1865	-2199	-123	-48	-44	-8
1700000018550	1886	-2186	-131	-47	-25	-13
1700000018560	1873	-2175	-129	-55	-37	-3
1700000018570	1873	-2193	-122	-51	-26	1
1700000018580	1872	-2174	-132	-49	-29	0
1700000018590	1875	-2196	-127	-54	-31	0
1700000018600	1869	-2182	-122	-57	-29	-3
1700000018610	1862	-2180	-131	-62	-36	-13
1700000018620	1865	-2195	-139	-44	-41	-3
1700000018630	1873	-2184	-123	-56	-32	-5
1700000018640	1866	-2185	-122	-54	-35	9
1700000018650	1870	-2182	-130	-51	-23	-6
1700000018660	1867	-2183	-136	-48	-35	-1
1700000018670	1871	-2188	-124	-53	-37	-9
1700000018680	1869	-2187	-135	-38	-35	-8
1700000018690	1874	-2174	-143	-55	-43	-8
1700000018700	1862	-2188	-134	-50	-38	-9
1700000018710	1871	-2178	-139	-43	-41	-1
1700000018720	1863	-2178	-131	-56	-30	2
1700000018730	1861	-2178	-122	-55	-39	-3
1700000018740	1866	-2195	-119	-54	-32	4
1700000018750	1873	-2191	-129	-57	-27	2
1700000018760	1864	-2184	-141	-54	-40	-4
1700000018770	1880	-2178	-139	-46	-32	-3
1700000018780	1876	-2184	-131	-53	-35	-6
1700000018790	1886	-2191	-144	-59	-39	1
1700000018800	1866	-2181	-135	-49	-40	-6
1700000018810	1870	-2175	-146	-52	-43	-1
1700000018820	1861	-2186	-140	-46	-30	-1
1700000018830	1871	-2184	-134	-55	-17	-4
1700000018840	1871	-2177	-130	-58	-35	-4
1700000018850	1873	-2187	-140	-53	-33	2
1700000018860	1869	-2178	-144	-55	-38	0
1700000018870	1864	-2195	-141	-51	-31	-5
1700000018880	1870	-2189	-145	-55	-29	6
1700000018890	1875	-2182	-128	-58	-39	14
1700000018900	1868	-2181	-127	-47	-38	5
1700000018910	1857	-2181	-142	-51	-27	-6
1700000018920	1872	-2185	-127	-49	-18	1
1700000018930	1877	-2187	-145	-55	-21	-9
1700000018940	1857	-2189	-143	-47	-36	10
1700000018950	1888	-2197	-138	-70	-33	-4
1700000018960	1866	-2193	-143	-53	-34	2
1700000018970	1870	-2193	-144	-55	-26	-10
1700000018980	1875	-2193	-152	-69	-47	8
1700000018990	1884	-2182	-138	-62	-39	-5
1700000019000	1869	-2192	-141	-60	-34	14
1700000019010	1871	-2182	-143	-73	-34	-10
1700000019020	1878	-2187	-138	-57	-33	8
1700000019030	1866	-2189	-139	-58	-37	0
1700000019040	1874	-2187	-143	-57	-26	7
1700000019050	1870	-2195	-136	-49	-33	4
1700000019060	1873	-2194	-154	-56	-30	-9
1700000019070	1875	-2191	-142	-59	-28	9
1700000019080	1871	-2182	-143	-60	-42	3
1700000019090	1866	-2191	-146	-61	-22	1
1700000019100	1870	-2194	-136	-49	-27	0
1700000019110	1871	-2187	-148	-60	-29	2
1700000019120	1874	-2191	-140	-61	-28	4
1700000019130	1863	-2185	-136	-54	-43	2
1700000019140	1878	-2198	-140	-64	-43	12
1700000019150	1876	-2194	-138	-65	-25	8
1700000019160	1870	-2191	-138	-71	-29	10
1700000019170	1873	-2191	-156	-64	-33	-2
1700000019180	1869	-2194	-143	-60	-24	9
1700000019190	1881	-2179	-141	-55	-33	-2
1700000019200	1877	-2189	-140	-58	-29	4
1700000019210	1871	-2183	-155	-55	-31	8
1700000019220	1869	-2192	-136	-58	-25	4
1700000019230	1883	-2188	-146	-54	-30	6
1700000019240	1881	-2183	-142	-58	-26	5
1700000019250	1876	-2182	-152	-66	-33	8
1700000019260	1873	-2195	-146	-64	-21	2
1700000019270	1882	-2188	-137	-70	-36	5
1700000019280	1884	-2194	-142	-69	-36	10
1700000019290	1878	-2195	-154	-60	-33	3
1700000019300	1883	-2190	-147	-61	-33	10
1700000019310	1877	-2197	-158	-62	-31	-3
1700000019320	1877	-2194	-155	-63	-31	-4
1700000019330	1877	-2192	-148	-64	-36	5
1700000019340	1883	-2195	-147	-70	-25	4
1700000019350	1883	-2201	-152	-62	-23	8
1700000019360	1884	-2200	-141	-66	-37	9
1700000019370	1874	-2184	-160	-73	-33	9
1700000019380	1884	-2190	-150	-66	-35	5
1700000019390	1883	-2198	-150	-76	-28	9
1700000019400	1881	-2194	-154	-75	-22	14
1700000019410	1890	-2187	-147	-70	-41	5
1700000019420	1883	-2195	-146	-75	-28	7
1700000019430	1883	-2191	-138	-71	-26	6
1700000019440	1890	-2201	-151	-63	-40	10
1700000019450	1889	-2183	-153	-67	-32	12
1700000019460	1889	-2192	-146	-58	-26	10
1700000019470	1888	-2196	-146	-67	-34	3
1700000019480	1891	-2198	-154	-74	-39	0
1700000019490	1890	-2197	-144	-72	-35	-1
1700000019500	1883	-2201	-150	-77	-25	15
1700000019510	1892	-2200	-143	-76	-32	11
1700000019520	1886	-2207	-139	-79	-35	0
1700000019530	1895	-2208	-151	-72	-30	5
1700000019540	1878	-2197	-151	-69	-36	13
1700000019550	1887	-2199	-160	-73	-35	13
1700000019560	1890	-2197	-146	-63	-28	19
1700000019570	1888	-2200	-154	-64	-30	2
1700000019580	1894	-2195	-145	-76	-41	8
1700000019590	1890	-2197	-151	-64	-17	11
1700000019600	1896	-2198	-154	-84	-27	6
1700000019610	1897	-2191	-159	-79	-25	9
1700000019620	1900	-2208	-148	-86	-24	15
1700000019630	1896	-2198	-152	-69	-29	16
1700000019640	1897	-2213	-164	-78	-30	-2
1700000019650	1902	-2206	-151	-81	-24	-4
1700000019660	1892	-2208	-147	-74	-32	9
1700000019670	1895	-2203	-151	-79	-27	19
1700000019680	1902	-2191	-144	-63	-28	14
1700000019690	1900	-2206	-164	-72	-40	11
1700000019700	1903	-2216	-141	-76	-33	19
1700000019710	1897	-2204	-143	-73	-42	16
1700000019720	1899	-2200	-145	-74	-38	12
1700000019730	1905	-2205	-139	-82	-34	6
1700000019740	1904	-2201	-139	-73	-31	12
1700000019750	1894	-2196	-143	-79	-42	14
1700000019760	1901	-2211	-150	-75	-28	11
1700000019770	1906	-2195	-144	-81	-42	14
1700000019780	1903	-2197	-150	-79	-33	13
1700000019790	1893	-2213	-150	-76	-28	8
1700000019800	1913	-2200	-149	-75	-36	14
1700000019810	1903	-2211	-156	-81	-33	17
1700000019820	1907	-2202	-140	-90	-40	28
1700000019830	1903	-2207	-148	-79	-38	12
1700000019840	1907	-2206	-145	-69	-39	9
1700000019850	1907	-2213	-149	-78	-34	19
1700000019860	1912	-2203	-151	-77	-37	18
1700000019870	1915	-2204	-156	-81	-29	20
1700000019880	1914	-2208	-154	-74	-40	20
1700000019890	1904	-2211	-143	-67	-36	18
1700000019900	1916	-2211	-147	-86	-33	5
1700000019910	1902	-2221	-154	-82	-28	13
1700000019920	1906	-2211	-151	-71	-30	15
1700000019930	1913	-2208	-142	-83	-27	16
1700000019940	1905	-2212	-151	-75	-25	14
1700000019950	1919	-2209	-154	-85	-31	18
1700000019960	1905	-2223	-149	-79	-34	11
1700000019970	1909	-2214	-146	-87	-26	10
1700000019980	1906	-2213	-156	-91	-41	13
1700000019990	1920	-2203	-148	-82	-32	13
1700000020000	1956	-1380	552	864	19	673
1700000020010	2265	-1283	1452	936	94	927
1700000020020	2513	-1203	2146	935	234	1208
1700000020030	2808	-1104	2763	940	292	1332
1700000020040	3086	-1086	3111	995	373	1329
1700000020050	3297	-1059	3244	935	474	1330
1700000020060	3527	-1040	3141	894	527	1195
1700000020070	3748	-1058	2797	866	572	939
1700000020080	3913	-1135	2240	799	619	627
1700000020090	4004	-1165	1543	701	654	289
1700000020100	4096	-1258	683	600	704	-111
1700000020110	4174	-1321	-197	471	700	-454
1700000020120	4156	-1446	-1080	383	697	-781
1700000020130	4119	-1517	-1901	182	657	-1084
1700000020140	4018	-1717	-2576	72	641	-1251
1700000020150	3928	-1860	-3124	-68	591	-1368
1700000020160	3769	-2006	-3403	-245	466	-1334
1700000020170	3622	-2178	-3441	-322	421	-1315
1700000020180	3378	-2313	-3253	-503	355	-1093
1700000020190	3127	-2473	-2818	-586	274	-852
1700000020200	2848	-2651	-2212	-741	188	-500
1700000020210	2595	-2757	-1432	-818	73	-173
1700000020220	2317	-2940	-556	-911	12	265
1700000020230	2026	-3064	362	-995	-89	561
1700000020240	1705	-3164	1205	-1034	-181	886
1700000020250	1398	-3250	1996	-1049	-299	1147
1700000020260	1136	-3353	2634	-1125	-391	1296
1700000020270	790	-3329	3022	-1129	-485	1340
1700000020280	562	-3397	3262	-1147	-522	1361
1700000020290	351	-3394	3225	-1060	-564	1200
1700000020300	148	-3387	2867	-1038	-672	1025
1700000020310	-36	-3413	2410	-949	-712	728
1700000020320	-202	-3327	1708	-878	-746	364
1700000020330	-249	-3182	907	-791	-745	-29
1700000020340	-291	-3155	20	-672	-788	-335
1700000020350	-330	-3061	-857	-501	-750	-695
1700000020360	-319	-2907	-1747	-385	-742	-1002
1700000020370	-242	-2793	-2449	-280	-678	-1269
1700000020380	-135	-2648	-2994	-118	-689	-1354
1700000020390	-1	-2509	-3329	0	-597	-1383
1700000020400	186	-2366	-3460	144	-536	-1315
1700000020410	404	-2166	-3314	270	-457	-1143
1700000020420	659	-1988	-2934	392	-395	-896
1700000020430	866	-1829	-2402	567	-311	-585
1700000020440	1151	-1690	-1649	617	-219	-237
1700000020450	1479	-1559	-764	728	-145	139
1700000020460	1757	-1457	100	842	-21	465
1700000020470	2055	-1344	1029	911	77	783
1700000020480	2372	-1250	1771	965	162	1064
1700000020490	2619	-1189	2462	989	238	1260
1700000020500	2913	-1095	2963	945	378	1327
1700000020510	3192	-1074	3199	932	387	1401
1700000020520	3431	-1086	3219	960	468	1260
1700000020530	3610	-1041	3008	920	572	1054
1700000020540	3810	-1068	2574	847	574	791
1700000020550	3973	-1116	1969	770	609	465
1700000020560	4040	-1171	1167	649	654	128
1700000020570	4160	-1276	287	551	684	-252
1700000020580	4195	-1410	-613	449	681	-614
1700000020590	4149	-1484	-1495	243	676	-964
1700000020600	4106	-1629	-2269	167	651	-1129
1700000020610	4018	-1787	-2824	33	624	-1319
1700000020620	3849	-1954	-3263	-109	541	-1362
1700000020630	3699	-2088	-3430	-305	473	-1370
1700000020640	3493	-2231	-3362	-419	397	-1203
1700000020650	3275	-2434	-3078	-555	350	-944
1700000020660	3013	-2592	-2530	-611	239	-675
1700000020670	2750	-2713	-1819	-769	143	-355
1700000020680	2456	-2863	-990	-863	78	34
1700000020690	2153	-2992	-133	-987	-48	436
1700000020700	1854	-3062	767	-1004	-151	737
1700000020710	1537	-3178	1627	-1067	-253	1025
1700000020720	1209	-3286	2267	-1135	-355	1240
1700000020730	981	-3334	2854	-1139	-453	1353
1700000020740	720	-3410	3164	-1116	-473	1374
1700000020750	446	-3387	3223	-1094	-595	1320
1700000020760	252	-3427	3091	-1064	-629	1105
1700000020770	56	-3371	2722	-999	-714	872
1700000020780	-88	-3318	2112	-902	-705	545
1700000020790	-206	-3266	1367	-793	-728	232
1700000020800	-309	-3173	481	-727	-811	-177
1700000020810	-309	-3071	-395	-594	-783	-489
1700000020820	-281	-2949	-1277	-472	-753	-821
1700000020830	-332	-2875	-2050	-351	-737	-1088
1700000020840	-206	-2704	-2698	-182	-675	-1228
1700000020850	-83	-2524	-3171	-41	-662	-1358
1700000020860	142	-2419	-3499	72	-607	-1377
1700000020870	281	-2232	-3408	171	-535	-1260
1700000020880	503	-2098	-3138	376	-452	-1055
1700000020890	751	-1930	-2713	456	-317	-801
1700000020900	1017	-1787	-2029	605	-295	-392
1700000020910	1329	-1617	-1254	689	-185	-74
1700000020920	1625	-1528	-382	783	-81	290
1700000020930	1922	-1391	556	906	26	661
1700000020940	2198	-1285	1408	923	115	967
1700000020950	2493	-1193	2169	997	190	1143
1700000020960	2801	-1069	2769	965	285	1342
1700000020970	3043	-1062	3097	992	409	1330
1700000020980	3356	-1046	3255	933	446	1368
1700000020990	3554	-1040	3138	940	515	1171
1700000021000	3767	-1055	2787	858	588	934
1700000021010	3930	-1110	2304	802	607	659
1700000021020	4052	-1142	1571	713	626	281
1700000021030	4132	-1246	708	592	657	-49
1700000021040	4113	-1327	-196	509	641	-422
1700000021050	4189	-1415	-1081	387	656	-776
1700000021060	4142	-1590	-1846	236	604	-1050
1700000021070	4041	-1726	-2581	136	595	-1246
1700000021080	3925	-1868	-3096	-23	544	-1306
1700000021090	3783	-2026	-3376	-231	491	-1379
1700000021100	3589	-2169	-3465	-275	442	-1280
1700000021110	3393	-2353	-3231	-446	334	-1096
1700000021120	3142	-2446	-2809	-603	304	-845
1700000021130	2846	-2630	-2229	-742	218	-533
1700000021140	2577	-2811	-1437	-826	75	-137
1700000021150	2294	-2914	-568	-914	-14	226
1700000021160	1997	-3017	318	-980	-81	582
1700000021170	1707	-3197	1241	-1037	-217	906
1700000021180	1388	-3242	2020	-1095	-266	1128
1700000021190	1055	-3299	2608	-1110	-418	1281
1700000021200	839	-3391	3027	-1086	-447	1358
1700000021210	544	-3406	3238	-1094	-552	1360
1700000021220	343	-3363	3216	-1085	-618	1171
1700000021230	164	-3397	2943	-1052	-637	1017
1700000021240	-20	-3339	2486	-948	-713	715
1700000021250	-142	-3292	1733	-856	-735	380
1700000021260	-219	-3274	919	-768	-768	-8
1700000021270	-337	-3152	37	-634	-796	-340
1700000021280	-349	-2998	-842	-542	-771	-705
1700000021290	-293	-2928	-1704	-411	-768	-985
1700000021300	-219	-2778	-2432	-248	-709	-1212
1700000021310	-98	-2621	-2958	-159	-639	-1327
1700000021320	-19	-2469	-3361	15	-654	-1398
1700000021330	206	-2359	-3396	146	-581	-1318
1700000021340	399	-2179	-3363	341	-445	-1177
1700000021350	597	-1995	-2940	445	-427	-956
1700000021360	876	-1806	-2386	546	-326	-611
1700000021370	1160	-1720	-1655	640	-236	-255
1700000021380	1427	-1556	-799	752	-116	111
1700000021390	1783	-1455	98	899	-30	432
1700000021400	2085	-1273	1017	938	60	811
1700000021410	2342	-1230	1778	967	146	1120
1700000021420	2640	-1146	2467	959	247	1265
1700000021430	2914	-1072	2964	967	331	1316
1700000021440	3224	-1013	3241	955	400	1340
1700000021450	3432	-1026	3228	935	460	1255
1700000021460	3645	-1040	3023	917	576	1048
1700000021470	3812	-1095	2546	838	613	778
1700000021480	3992	-1137	1969	734	618	479
1700000021490	4069	-1217	1151	658	659	129
1700000021500	4174	-1283	259	547	672	-281
1700000021510	4156	-1377	-596	351	649	-607
1700000021520	4140	-1465	-1443	299	671	-894
1700000021530	4094	-1667	-2265	157	643	-1168
1700000021540	4015	-1774	-2856	-13	597	-1301
1700000021550	3854	-1923	-3243	-92	544	-1367
1700000021560	3755	-2083	-3416	-262	499	-1319
1700000021570	3545	-2259	-3372	-379	409	-1214
1700000021580	3291	-2411	-3100	-499	305	-960
1700000021590	2994	-2568	-2569	-636	209	-682
1700000021600	2716	-2666	-1855	-741	168	-316
1700000021610	2438	-2785	-1018	-863	80	21
1700000021620	2146	-2974	-120	-972	-51	398
1700000021630	1851	-3141	745	-1031	-151	732
1700000021640	1575	-3168	1605	-1069	-286	1006
1700000021650	1283	-3273	2291	-1114	-329	1163
1700000021660	991	-3331	2881	-1111	-439	1362
1700000021670	691	-3434	3177	-1118	-438	1339
1700000021680	420	-3393	3215	-1066	-554	1291
1700000021690	231	-3393	3147	-1085	-633	1141
1700000021700	24	-3354	2727	-955	-747	888
1700000021710	-109	-3367	2139	-930	-769	582
1700000021720	-214	-3318	1321	-856	-775	196
1700000021730	-313	-3191	514	-706	-753	-175
1700000021740	-344	-3076	-382	-610	-777	-488
1700000021750	-329	-2954	-1251	-471	-770	-834
1700000021760	-311	-2856	-2072	-329	-734	-1105
1700000021770	-176	-2708	-2719	-177	-680	-1336
1700000021780	-74	-2559	-3161	-83	-642	-1349
1700000021790	98	-2422	-3407	42	-625	-1340
1700000021800	274	-2246	-3420	235	-523	-1274
1700000021810	498	-2065	-3176	387	-494	-1041
1700000021820	727	-1953	-2694	453	-381	-787
1700000021830	1034	-1757	-2021	585	-298	-449
1700000021840	1292	-1659	-1231	685	-181	-55
1700000021850	1589	-1477	-383	793	-62	318
1700000021860	1886	-1410	507	859	62	692
1700000021870	2228	-1232	1400	898	68	940
1700000021880	2513	-1165	2141	958	227	1179
1700000021890	2813	-1131	2702	994	286	1349
1700000021900	3072	-1070	3094	1005	368	1396
1700000021910	3300	-1021	3279	991	437	1317
1700000021920	3517	-1019	3188	973	522	1203
1700000021930	3755	-1084	2814	895	555	963
1700000021940	3904	-1125	2307	814	629	684
1700000021950	4018	-1154	1605	684	659	296
1700000021960	4103	-1269	732	585	612	-72
1700000021970	4156	-1289	-144	497	623	-432
1700000021980	4187	-1436	-1047	345	671	-756
1700000021990	4077	-1576	-1897	226	672	-1033
1700000022000	4071	-1698	-2546	68	624	-1269
1700000022010	3897	-1856	-3079	-66	569	-1324
1700000022020	3822	-1993	-3372	-219	537	-1376
1700000022030	3608	-2158	-3443	-306	419	-1338
1700000022040	3383	-2327	-3251	-481	332	-1075
1700000022050	3160	-2518	-2836	-618	273	-869
1700000022060	2892	-2650	-2235	-689	159	-481
1700000022070	2624	-2783	-1475	-810	84	-185
1700000022080	2310	-2899	-596	-907	5	146
1700000022090	1996	-3021	319	-977	-60	562
1700000022100	1653	-3145	1142	-1040	-167	884
1700000022110	1414	-3284	1978	-1092	-290	1146
1700000022120	1126	-3343	2574	-1114	-380	1287
1700000022130	845	-3355	2998	-1091	-418	1381
1700000022140	613	-3376	3228	-1084	-523	1370
1700000022150	346	-3381	3180	-1068	-618	1266
1700000022160	128	-3386	2928	-1038	-666	1025
1700000022170	-60	-3365	2459	-953	-695	747
1700000022180	-175	-3324	1758	-906	-741	422
1700000022190	-265	-3211	947	-769	-777	60
1700000022200	-284	-3113	86	-626	-735	-334
1700000022210	-295	-3043	-809	-521	-746	-689
1700000022220	-322	-2933	-1652	-381	-782	-992
1700000022230	-208	-2787	-2427	-278	-726	-1154
1700000022240	-109	-2614	-2928	-140	-663	-1337
1700000022250	-48	-2520	-3344	28	-625	-1354
1700000022260	165	-2296	-3464	157	-561	-1322
1700000022270	374	-2207	-3336	287	-444	-1153
1700000022280	614	-2013	-2965	424	-404	-938
1700000022290	873	-1868	-2393	524	-312	-651
1700000022300	1148	-1705	-1665	645	-182	-295
1700000022310	1442	-1571	-825	776	-132	119
1700000022320	1739	-1467	20	820	-39	497
1700000022330	2059	-1334	958	889	103	790
1700000022340	2358	-1230	1766	945	178	1084
1700000022350	2635	-1148	2434	987	220	1263
1700000022360	2894	-1103	2923	973	355	1346
1700000022370	3164	-1069	3208	888	381	1328
1700000022380	3395	-1041	3254	949	487	1241
1700000022390	3630	-1034	3011	901	530	1084
1700000022400	3840	-1074	2620	866	613	830
1700000022410	3978	-1116	1955	739	631	474
1700000022420	4079	-1236	1155	626	646	105
1700000022430	4110	-1302	313	565	661	-274
1700000022440	4161	-1381	-594	400	691	-607
1700000022450	4135	-1464	-1458	266	655	-915
1700000022460	4076	-1658	-2167	162	674	-1126
1700000022470	4035	-1804	-2856	30	556	-1292
1700000022480	3877	-1916	-3259	-140	560	-1401
1700000022490	3727	-2109	-3421	-285	476	-1307
1700000022500	3516	-2220	-3361	-372	409	-1257
1700000022510	3276	-2385	-3078	-552	344	-994
1700000022520	3042	-2554	-2573	-695	238	-736
1700000022530	2764	-2721	-1838	-754	140	-362
1700000022540	2431	-2837	-1062	-855	37	27
1700000022550	2189	-3005	-169	-959	-11	414
1700000022560	1837	-3129	734	-1031	-116	732
1700000022570	1508	-3189	1601	-1095	-221	1013
1700000022580	1281	-3294	2261	-1112	-309	1217
1700000022590	991	-3322	2786	-1086	-383	1359
1700000022600	723	-3384	3125	-1112	-464	1397
1700000022610	433	-3344	3253	-1117	-593	1331
1700000022620	252	-3403	3096	-1041	-626	1136
1700000022630	40	-3404	2737	-997	-699	875
1700000022640	-94	-3364	2130	-898	-736	546
1700000022650	-241	-3262	1411	-822	-748	189
1700000022660	-307	-3220	513	-711	-788	-174
1700000022670	-302	-3092	-416	-599	-801	-494
1700000022680	-328	-2994	-1299	-494	-746	-825
1700000022690	-338	-2835	-2012	-333	-688	-1094
1700000022700	-194	-2700	-2682	-228	-679	-1289
1700000022710	-86	-2573	-3202	-72	-656	-1361
1700000022720	69	-2398	-3414	90	-614	-1390
1700000022730	267	-2258	-3404	214	-572	-1268
1700000022740	465	-2053	-3178	395	-456	-1062
1700000022750	768	-1909	-2754	457	-329	-777
1700000022760	986	-1755	-2061	611	-297	-463
1700000022770	1296	-1651	-1280	660	-166	-79
1700000022780	1593	-1492	-393	787	-82	272
1700000022790	1892	-1396	527	874	60	594
1700000022800	2194	-1283	1329	897	107	956
1700000022810	2472	-1179	2133	945	201	1168
1700000022820	2801	-1144	2717	1013	298	1320
1700000022830	3093	-1100	3101	974	374	1381
1700000022840	3301	-1042	3297	947	426	1290
1700000022850	3531	-1006	3145	957	496	1197
1700000022860	3694	-1075	2830	831	538	971
1700000022870	3859	-1107	2313	786	610	670
1700000022880	3983	-1154	1587	686	651	312
1700000022890	4116	-1246	732	623	646	-50
1700000022900	4139	-1291	-128	506	638	-456
1700000022910	4133	-1439	-1043	350	650	-762
1700000022920	4146	-1549	-1857	263	641	-1073
1700000022930	4025	-1683	-2542	103	634	-1218
1700000022940	3942	-1821	-3115	-15	611	-1338
1700000022950	3804	-2018	-3315	-190	450	-1324
1700000022960	3590	-2135	-3419	-360	451	-1263
1700000022970	3366	-2289	-3273	-455	428	-1115
1700000022980	3132	-2502	-2860	-577	276	-846
1700000022990	2906	-2651	-2254	-707	203	-536
1700000023000	2605	-2753	-1471	-854	119	-164
1700000023010	2329	-2919	-633	-902	-47	182
1700000023020	2023	-3054	284	-995	-99	561
1700000023030	1688	-3092	1169	-1026	-216	849
1700000023040	1407	-3241	1937	-1058	-312	1087
1700000023050	1109	-3281	2587	-1063	-377	1273
1700000023060	826	-3389	3033	-1108	-448	1379
1700000023070	572	-3420	3253	-1105	-526	1341
1700000023080	337	-3430	3259	-1063	-630	1205
1700000023090	161	-3415	2951	-1019	-670	1018
1700000023100	-34	-3365	2433	-982	-718	725
1700000023110	-78	-3295	1840	-896	-740	380
1700000023120	-286	-3223	1020	-790	-783	71
1700000023130	-358	-3127	80	-666	-756	-347
1700000023140	-306	-3056	-809	-535	-750	-654
1700000023150	-333	-2907	-1622	-416	-727	-973
1700000023160	-238	-2807	-2398	-236	-725	-1253
1700000023170	-143	-2645	-2947	-110	-675	-1300
1700000023180	-22	-2512	-3316	-16	-633	-1413
1700000023190	172	-2313	-3440	148	-538	-1303
1700000023200	380	-2130	-3343	263	-512	-1178
1700000023210	623	-1986	-2961	406	-423	-937
1700000023220	864	-1819	-2409	524	-333	-627
1700000023230	1189	-1708	-1720	655	-241	-266
1700000023240	1431	-1608	-844	746	-159	64
1700000023250	1742	-1410	36	840	-30	501
1700000023260	2054	-1329	939	917	17	815
1700000023270	2367	-1237	1776	970	169	1080
1700000023280	2624	-1182	2409	960	259	1247
1700000023290	2930	-1106	2929	980	334	1373
1700000023300	3188	-1039	3181	994	386	1332
1700000023310	3420	-1041	3237	922	520	1238
1700000023320	3578	-1047	3055	933	477	1077
1700000023330	3788	-1043	2645	865	597	836
1700000023340	3951	-1106	1967	763	639	473
1700000023350	4064	-1170	1231	656	665	111
1700000023360	4135	-1278	301	573	696	-239
1700000023370	4168	-1410	-607	423	677	-670
1700000023380	4105	-1491	-1438	297	637	-901
1700000023390	4056	-1637	-2238	192	648	-1140
1700000023400	4007	-1747	-2840	38	582	-1302
1700000023410	3889	-1927	-3247	-131	547	-1355
1700000023420	3707	-2109	-3453	-266	487	-1364
1700000023430	3491	-2200	-3385	-351	389	-1224
1700000023440	3295	-2376	-3060	-538	331	-1012
1700000023450	3061	-2583	-2597	-616	233	-684
1700000023460	2743	-2698	-1858	-791	169	-378
1700000023470	2458	-2830	-1064	-910	87	-6
1700000023480	2184	-2934	-168	-937	-9	348
1700000023490	1912	-3096	759	-1005	-121	710
1700000023500	1565	-3220	1537	-1034	-276	999
1700000023510	1260	-3255	2301	-1108	-326	1192
1700000023520	965	-3318	2792	-1127	-421	1331
1700000023530	681	-3401	3161	-1123	-504	1409
1700000023540	447	-3393	3291	-1097	-566	1309
1700000023550	262	-3410	3069	-1009	-644	1128
1700000023560	44	-3369	2746	-1014	-688	921
1700000023570	-90	-3363	2187	-897	-708	621
1700000023580	-243	-3263	1449	-850	-757	201
1700000023590	-322	-3207	541	-725	-785	-143
1700000023600	-327	-3075	-343	-637	-748	-505
1700000023610	-296	-3010	-1214	-435	-748	-810
1700000023620	-244	-2840	-2065	-339	-678	-1140
1700000023630	-214	-2681	-2699	-174	-668	-1271
1700000023640	-76	-2532	-3158	-57	-662	-1367
1700000023650	118	-2403	-3402	47	-593	-1360
1700000023660	250	-2222	-3406	212	-561	-1258
1700000023670	482	-2106	-3198	349	-449	-1068
1700000023680	740	-1937	-2784	450	-381	-766
1700000023690	964	-1813	-2065	582	-281	-440
1700000023700	1312	-1655	-1353	674	-184	-90
1700000023710	1593	-1522	-395	780	-62	288
1700000023720	1880	-1341	494	859	24	632
1700000023730	2225	-1305	1386	946	95	931
1700000023740	2457	-1207	2085	936	205	1200
1700000023750	2804	-1127	2708	962	327	1296
1700000023760	3063	-1074	3079	985	378	1369
1700000023770	3311	-1063	3300	948	427	1342
1700000023780	3537	-1067	3199	959	519	1220
1700000023790	3743	-1040	2871	889	558	954
1700000023800	3914	-1103	2311	797	600	645
1700000023810	4031	-1131	1586	739	655	324
1700000023820	4107	-1228	767	568	693	-19
1700000023830	4163	-1307	-61	548	687	-395
1700000023840	4178	-1410	-1017	387	651	-749
1700000023850	4134	-1543	-1827	212	632	-1059
1700000023860	4073	-1723	-2557	116	612	-1230
1700000023870	3931	-1860	-3065	-10	549	-1355
1700000023880	3784	-2017	-3390	-180	520	-1352
1700000023890	3595	-2126	-3429	-292	459	-1298
1700000023900	3394	-2312	-3277	-461	373	-1157
1700000023910	3152	-2471	-2876	-591	330	-809
1700000023920	2869	-2649	-2236	-699	195	-536
1700000023930	2628	-2765	-1494	-781	102	-198
1700000023940	2318	-2871	-641	-889	-16	158
1700000023950	2074	-3025	265	-998	-77	535
1700000023960	1724	-3140	1114	-1076	-133	892
1700000023970	1433	-3205	1936	-1064	-267	1048
1700000023980	1129	-3284	2562	-1128	-326	1253
1700000023990	875	-3354	3048	-1124	-456	1359
1700000024000	620	-3379	3208	-1106	-535	1347
1700000024010	353	-3417	3265	-1069	-602	1243
1700000024020	170	-3376	2956	-1038	-653	1030
1700000024030	-26	-3362	2484	-925	-691	730
1700000024040	-116	-3283	1839	-863	-728	400
1700000024050	-283	-3253	995	-791	-753	43
1700000024060	-321	-3132	134	-692	-732	-283
1700000024070	-307	-3086	-806	-521	-786	-664
1700000024080	-303	-2917	-1653	-384	-716	-986
1700000024090	-242	-2802	-2403	-221	-681	-1190
1700000024100	-147	-2638	-2920	-134	-647	-1355
1700000024110	28	-2492	-3337	35	-641	-1396
1700000024120	170	-2302	-3446	150	-562	-1309
1700000024130	322	-2129	-3346	256	-470	-1140
1700000024140	623	-2034	-3003	386	-447	-943
1700000024150	878	-1855	-2434	549	-341	-678
1700000024160	1166	-1704	-1726	629	-244	-255
1700000024170	1470	-1580	-856	731	-133	103
1700000024180	1755	-1441	37	843	-23	468
1700000024190	2038	-1337	950	883	27	829
1700000024200	2345	-1273	1734	987	177	1025
1700000024210	2652	-1169	2402	975	286	1255
1700000024220	2906	-1111	2937	977	317	1335
1700000024230	3172	-1012	3222	995	395	1382
1700000024240	3428	-1061	3282	916	502	1288
1700000024250	3618	-1078	3043	883	540	1095
1700000024260	3754	-1099	2598	853	593	840
1700000024270	3943	-1110	1979	727	650	467
1700000024280	4077	-1211	1194	670	690	156
1700000024290	4151	-1270	362	578	651	-236
1700000024300	4175	-1385	-547	447	722	-639
1700000024310	4123	-1489	-1416	288	653	-889
1700000024320	4118	-1607	-2196	132	636	-1154
1700000024330	4029	-1773	-2820	74	561	-1300
1700000024340	3856	-1953	-3251	-78	498	-1374
1700000024350	3746	-2107	-3401	-257	517	-1371
1700000024360	3569	-2207	-3416	-378	383	-1202
1700000024370	3290	-2435	-3063	-490	330	-992
1700000024380	3074	-2520	-2618	-640	198	-696
1700000024390	2758	-2665	-1877	-755	158	-367
1700000024400	2469	-2859	-1095	-849	26	14
1700000024410	2165	-2977	-163	-953	-26	323
1700000024420	1884	-3101	696	-1032	-130	685
1700000024430	1562	-3157	1529	-1083	-205	1005
1700000024440	1276	-3258	2255	-1099	-302	1243
1700000024450	992	-3324	2821	-1134	-390	1370
1700000024460	726	-3371	3136	-1105	-478	1380
1700000024470	489	-3411	3286	-1093	-584	1342
1700000024480	255	-3386	3104	-1043	-631	1127
1700000024490	97	-3362	2765	-976	-662	901
1700000024500	-107	-3298	2154	-950	-733	597
1700000024510	-226	-3304	1457	-830	-783	209
1700000024520	-291	-3181	563	-753	-778	-165
1700000024530	-306	-3098	-324	-629	-753	-506
1700000024540	-362	-2981	-1212	-474	-778	-854
1700000024550	-247	-2836	-1979	-350	-743	-1109
1700000024560	-189	-2745	-2716	-237	-717	-1281
1700000024570	-53	-2600	-3151	-54	-643	-1393
1700000024580	72	-2441	-3404	53	-571	-1369
1700000024590	252	-2251	-3429	258	-522	-1259
1700000024600	466	-2097	-3168	334	-461	-1058
1700000024610	690	-1967	-2752	498	-399	-812
1700000024620	1000	-1816	-2061	562	-279	-476
1700000024630	1271	-1656	-1332	679	-176	-129
1700000024640	1597	-1458	-457	800	-87	229
1700000024650	1905	-1403	469	836	-16	611
1700000024660	2155	-1302	1298	904	123	957
1700000024670	2490	-1216	2078	924	203	1189
1700000024680	2778	-1156	2655	986	271	1351
1700000024690	3091	-1072	3091	957	327	1388
1700000024700	3310	-1025	3276	940	440	1357
1700000024710	3549	-1020	3197	920	525	1203
1700000024720	3748	-1084	2845	891	563	968
1700000024730	3877	-1093	2338	805	609	684
1700000024740	4025	-1126	1674	686	638	304
1700000024750	4104	-1206	821	622	617	-21
1700000024760	4157	-1332	-87	484	673	-421
1700000024770	4166	-1434	-997	404	658	-759
1700000024780	4158	-1537	-1820	251	681	-1058
1700000024790	4084	-1678	-2499	88	612	-1260
1700000024800	3911	-1866	-3039	-30	562	-1308
1700000024810	3827	-1984	-3337	-187	513	-1337
1700000024820	3636	-2154	-3434	-339	472	-1334
1700000024830	3389	-2284	-3257	-422	390	-1103
1700000024840	3174	-2472	-2904	-568	270	-899
1700000024850	2935	-2630	-2305	-710	211	-588
1700000024860	2646	-2753	-1510	-811	95	-195
1700000024870	2315	-2892	-639	-920	29	187
1700000024880	2041	-3022	268	-990	-60	519
1700000024890	1752	-3098	1150	-1058	-184	880
1700000024900	1410	-3251	1881	-1056	-253	1151
1700000024910	1099	-3298	2550	-1140	-399	1334
1700000024920	858	-3348	2996	-1140	-446	1385
1700000024930	551	-3363	3216	-1132	-558	1364
1700000024940	364	-3396	3246	-1103	-570	1265
1700000024950	148	-3424	2968	-1053	-663	1054
1700000024960	-16	-3393	2509	-968	-692	734
1700000024970	-136	-3324	1815	-848	-739	434
1700000024980	-286	-3255	1019	-786	-738	30
1700000024990	-307	-3117	137	-678	-738	-256
1700000025000	-318	-3025	-782	-583	-721	-668
1700000025010	-364	-2929	-1626	-412	-749	-970
1700000025020	-253	-2774	-2401	-321	-723	-1204
1700000025030	-113	-2679	-2961	-153	-667	-1340
1700000025040	22	-2460	-3250	42	-587	-1412
1700000025050	141	-2323	-3422	142	-566	-1320
1700000025060	375	-2193	-3357	279	-527	-1160
1700000025070	570	-2032	-2977	374	-429	-908
1700000025080	818	-1797	-2443	549	-316	-634
1700000025090	1151	-1717	-1748	632	-255	-304
1700000025100	1461	-1565	-860	683	-119	111
1700000025110	1748	-1463	54	823	-61	449
1700000025120	2005	-1327	923	889	66	745
1700000025130	2322	-1243	1680	912	157	1077
1700000025140	2624	-1193	2374	959	247	1245
1700000025150	2919	-1126	2912	972	304	1370
1700000025160	3192	-1029	3205	969	398	1341
1700000025170	3368	-1069	3265	886	482	1311
1700000025180	3603	-1076	3060	903	563	1146
1700000025190	3821	-1098	2612	856	576	838
1700000025200	3981	-1122	2012	792	673	502
1700000025210	4080	-1217	1254	682	637	184
1700000025220	4126	-1205	392	545	685	-207
1700000025230	4213	-1362	-547	418	676	-613
1700000025240	4197	-1475	-1409	288	648	-861
1700000025250	4105	-1622	-2199	192	628	-1144
1700000025260	4004	-1771	-2790	34	631	-1303
1700000025270	3846	-1896	-3234	-111	526	-1384
1700000025280	3699	-2085	-3438	-254	489	-1347
1700000025290	3500	-2221	-3397	-369	407	-1191
1700000025300	3299	-2413	-3121	-532	344	-1008
1700000025310	3016	-2527	-2587	-622	269	-734
1700000025320	2727	-2711	-1950	-733	135	-385
1700000025330	2485	-2852	-1118	-876	84	-19
1700000025340	2170	-2956	-219	-958	-48	362
1700000025350	1891	-3094	697	-1020	-102	712
1700000025360	1559	-3173	1498	-1094	-239	971
1700000025370	1280	-3280	2239	-1080	-306	1207
1700000025380	1008	-3311	2804	-1106	-401	1359
1700000025390	723	-3428	3146	-1133	-504	1371
1700000025400	458	-3378	3273	-1085	-569	1318
1700000025410	248	-3391	3092	-1077	-614	1129
1700000025420	85	-3388	2796	-986	-638	905
1700000025430	-55	-3354	2195	-928	-740	635
1700000025440	-215	-3300	1452	-838	-743	196
1700000025450	-274	-3234	578	-714	-793	-151
1700000025460	-360	-3139	-316	-625	-791	-475
1700000025470	-347	-2990	-1193	-498	-732	-801
1700000025480	-264	-2888	-1999	-339	-730	-1077
1700000025490	-228	-2722	-2665	-225	-693	-1290
1700000025500	-87	-2600	-3153	-101	-629	-1393
1700000025510	74	-2419	-3405	77	-570	-1321
1700000025520	223	-2250	-3421	214	-550	-1256
1700000025530	449	-2096	-3160	301	-465	-1097
1700000025540	746	-1878	-2763	444	-382	-813
1700000025550	977	-1795	-2109	573	-270	-444
1700000025560	1233	-1677	-1362	689	-188	-96
1700000025570	1598	-1510	-465	768	-55	231
1700000025580	1879	-1397	477	893	6	597
1700000025590	2160	-1277	1327	885	93	911
1700000025600	2519	-1212	2094	959	214	1173
1700000025610	2756	-1106	2689	1017	320	1344
1700000025620	3025	-1113	3088	941	385	1396
1700000025630	3280	-1071	3218	926	415	1351
1700000025640	3512	-1061	3179	917	506	1200
1700000025650	3723	-1048	2849	919	551	971
1700000025660	3874	-1074	2359	823	602	694
1700000025670	3988	-1166	1679	713	650	309
1700000025680	4083	-1213	825	590	656	-53
1700000025690	4172	-1287	-48	527	696	-404
1700000025700	4182	-1449	-968	335	671	-738
1700000025710	4175	-1555	-1798	251	606	-1020
1700000025720	4049	-1706	-2473	81	587	-1226
1700000025730	3954	-1844	-3002	-20	541	-1393
1700000025740	3833	-2030	-3372	-148	517	-1356
1700000025750	3619	-2164	-3429	-298	474	-1321
1700000025760	3407	-2246	-3295	-446	366	-1151
1700000025770	3187	-2463	-2893	-569	284	-836
1700000025780	2921	-2616	-2280	-674	185	-532
1700000025790	2625	-2771	-1532	-809	123	-226
1700000025800	2369	-2890	-717	-834	12	178
1700000025810	2080	-3013	221	-997	-77	550
1700000025820	1705	-3116	1107	-1048	-203	871
1700000025830	1441	-3201	1911	-1125	-259	1089
1700000025840	1135	-3285	2515	-1111	-410	1291
1700000025850	879	-3346	2962	-1127	-431	1347
1700000025860	604	-3367	3220	-1136	-508	1409
1700000025870	365	-3375	3184	-1120	-605	1190
1700000025880	215	-3391	2951	-1022	-605	1033
1700000025890	-8	-3381	2472	-944	-727	799
1700000025900	-123	-3359	1846	-883	-705	420
1700000025910	-234	-3222	1051	-780	-737	70
1700000025920	-319	-3151	178	-672	-764	-281
1700000025930	-335	-3022	-732	-521	-785	-673
1700000025940	-294	-2949	-1592	-419	-726	-966
1700000025950	-205	-2809	-2326	-269	-728	-1200
1700000025960	-161	-2661	-2905	-150	-706	-1342
1700000025970	-3	-2496	-3280	21	-666	-1366
1700000025980	165	-2319	-3454	161	-538	-1364
1700000025990	379	-2173	-3352	262	-477	-1180
1700000026000	589	-2049	-3001	416	-435	-948
1700000026010	854	-1853	-2463	529	-309	-659
1700000026020	1113	-1710	-1736	653	-212	-308
1700000026030	1445	-1598	-939	748	-156	71
1700000026040	1686	-1453	-20	852	-48	442
1700000026050	2018	-1367	877	867	59	752
1700000026060	2313	-1223	1699	943	141	1020
1700000026070	2630	-1170	2386	949	268	1303
1700000026080	2878	-1122	2910	997	314	1379
1700000026090	3123	-1082	3180	984	406	1361
1700000026100	3390	-1070	3253	951	488	1292
1700000026110	3620	-1043	3050	870	539	1116
1700000026120	3807	-1055	2646	876	608	863
1700000026130	3929	-1095	2063	780	613	539
1700000026140	4030	-1186	1291	689	666	177
1700000026150	4118	-1267	359	565	698	-176
1700000026160	4152	-1416	-489	425	716	-556
1700000026170	4143	-1526	-1334	292	688	-923
1700000026180	4118	-1623	-2181	175	575	-1099
1700000026190	4029	-1711	-2814	5	613	-1322
1700000026200	3892	-1873	-3221	-98	588	-1359
1700000026210	3734	-2078	-3443	-291	482	-1336
1700000026220	3518	-2242	-3393	-369	411	-1239
1700000026230	3263	-2412	-3126	-531	319	-990
1700000026240	3067	-2545	-2627	-623	243	-719
1700000026250	2816	-2676	-1937	-759	171	-400
1700000026260	2508	-2811	-1127	-857	68	-64
1700000026270	2229	-2983	-221	-975	-50	313
1700000026280	1889	-3096	648	-1012	-145	677
1700000026290	1601	-3192	1475	-1046	-256	991
1700000026300	1279	-3228	2189	-1060	-328	1189
1700000026310	1036	-3302	2772	-1125	-401	1364
1700000026320	739	-3384	3145	-1115	-519	1351
1700000026330	516	-3401	3258	-1124	-571	1332
1700000026340	271	-3393	3161	-1059	-634	1174
1700000026350	91	-3393	2805	-979	-698	939
1700000026360	-74	-3313	2183	-934	-701	596
1700000026370	-200	-3232	1434	-819	-753	219
1700000026380	-248	-3205	634	-719	-773	-53
1700000026390	-357	-3099	-252	-636	-751	-470
1700000026400	-352	-2992	-1185	-483	-785	-795
1700000026410	-300	-2851	-1957	-305	-720	-1071
1700000026420	-220	-2749	-2634	-244	-687	-1259
1700000026430	-84	-2603	-3123	-44	-640	-1345
1700000026440	20	-2439	-3443	100	-562	-1362
1700000026450	273	-2278	-3423	232	-505	-1260
1700000026460	506	-2089	-3201	320	-492	-1056
1700000026470	681	-1956	-2754	447	-360	-775
1700000026480	985	-1777	-2141	609	-265	-507
1700000026490	1280	-1658	-1358	676	-233	-82
1700000026500	1550	-1498	-475	763	-61	275
1700000026510	1875	-1398	442	838	-26	629
1700000026520	2132	-1244	1295	928	109	918
1700000026530	2479	-1223	2020	955	231	1151
1700000026540	2783	-1122	2692	1001	287	1300
1700000026550	3036	-1102	3078	992	363	1393
1700000026560	3233	-1052	3235	967	410	1335
1700000026570	3517	-1013	3190	947	501	1212
1700000026580	3700	-1070	2873	882	543	1005
1700000026590	3868	-1084	2364	799	603	680
1700000026600	3995	-1142	1663	676	656	339
1700000026610	4078	-1215	866	624	668	-55
1700000026620	4125	-1296	-35	509	658	-398
1700000026630	4201	-1440	-925	399	667	-708
1700000026640	4118	-1539	-1771	215	626	-1019
1700000026650	4078	-1680	-2536	160	621	-1204
1700000026660	3963	-1834	-2994	-28	575	-1361
1700000026670	3795	-1977	-3343	-172	505	-1430
1700000026680	3587	-2155	-3429	-306	464	-1308
1700000026690	3429	-2273	-3228	-445	369	-1152
1700000026700	3144	-2454	-2881	-585	283	-931
1700000026710	2901	-2639	-2311	-697	195	-559
1700000026720	2660	-2770	-1582	-815	97	-202
1700000026730	2342	-2894	-672	-923	50	121
1700000026740	2032	-3000	208	-1007	-87	511
1700000026750	1700	-3108	1061	-1024	-155	835
1700000026760	1392	-3187	1896	-1066	-261	1130
1700000026770	1141	-3340	2544	-1113	-379	1294
1700000026780	856	-3323	2978	-1079	-431	1384
1700000026790	619	-3390	3215	-1090	-536	1371
1700000026800	367	-3415	3239	-1115	-581	1267
1700000026810	127	-3420	3018	-981	-658	1110
1700000026820	4	-3387	2537	-966	-705	747
1700000026830	-136	-3324	1884	-876	-722	412
1700000026840	-259	-3238	1031	-755	-794	75
1700000026850	-325	-3156	163	-655	-774	-300
1700000026860	-346	-3048	-715	-518	-731	-638
1700000026870	-305	-2945	-1578	-425	-777	-913
1700000026880	-285	-2771	-2320	-292	-767	-1179
1700000026890	-181	-2662	-2900	-180	-683	-1317
1700000026900	-78	-2512	-3275	-8	-614	-1400
1700000026910	134	-2353	-3485	118	-537	-1337
1700000026920	367	-2165	-3360	282	-560	-1144
1700000026930	592	-2009	-3030	407	-464	-947
1700000026940	819	-1850	-2492	503	-325	-648
1700000026950	1112	-1748	-1770	626	-235	-299
1700000026960	1439	-1585	-932	711	-157	55
1700000026970	1744	-1454	-65	799	-76	404
1700000026980	2021	-1295	835	870	39	777
1700000026990	2367	-1256	1677	929	151	1083
1700000027000	2650	-1173	2413	994	271	1233
1700000027010	2870	-1059	2859	1014	302	1309
1700000027020	3157	-1059	3221	935	420	1337
1700000027030	3406	-1061	3228	909	489	1279
1700000027040	3612	-1051	3019	858	545	1112
1700000027050	3770	-1078	2636	860	593	799
1700000027060	3971	-1084	2075	796	619	519
1700000027070	4056	-1157	1305	709	659	155
1700000027080	4164	-1257	411	573	683	-190
1700000027090	4145	-1370	-498	411	686	-570
1700000027100	4160	-1467	-1374	307	628	-893
1700000027110	4068	-1596	-2152	143	642	-1151
1700000027120	3996	-1747	-2797	42	557	-1297
1700000027130	3900	-1937	-3227	-137	556	-1358
1700000027140	3759	-2066	-3429	-208	516	-1327
1700000027150	3506	-2232	-3372	-361	424	-1245
1700000027160	3308	-2362	-3123	-494	318	-1022
1700000027170	3084	-2510	-2642	-649	223	-726
1700000027180	2752	-2710	-1964	-769	148	-420
1700000027190	2501	-2796	-1144	-856	97	-22
1700000027200	2177	-2940	-269	-921	-15	351
1700000027210	1891	-3061	673	-1007	-122	682
1700000027220	1570	-3189	1453	-1059	-216	970
1700000027230	1309	-3265	2228	-1117	-313	1188
1700000027240	1003	-3311	2741	-1136	-428	1346
1700000027250	711	-3369	3144	-1112	-441	1376
1700000027260	463	-3390	3275	-1130	-576	1348
1700000027270	267	-3421	3130	-1080	-645	1200
1700000027280	74	-3383	2760	-1012	-646	906
1700000027290	-79	-3343	2187	-904	-734	642
1700000027300	-197	-3283	1478	-823	-729	225
1700000027310	-304	-3204	694	-711	-803	-99
1700000027320	-337	-3115	-233	-612	-757	-451
1700000027330	-289	-2987	-1156	-482	-757	-792
1700000027340	-277	-2864	-1954	-361	-711	-1069
1700000027350	-221	-2728	-2644	-231	-693	-1287
1700000027360	-90	-2575	-3134	-97	-617	-1341
1700000027370	6	-2410	-3403	43	-597	-1394
1700000027380	242	-2258	-3440	198	-525	-1252
1700000027390	481	-2110	-3211	354	-472	-1077
1700000027400	711	-1922	-2760	444	-408	-821
1700000027410	970	-1840	-2135	588	-255	-476
1700000027420	1271	-1664	-1395	710	-177	-126
1700000027430	1565	-1520	-475	766	-97	249
1700000027440	1892	-1428	399	867	-2	563
1700000027450	2178	-1300	1278	936	56	921
1700000027460	2462	-1192	2036	958	183	1168
1700000027470	2728	-1157	2612	1007	269	1312
1700000027480	3005	-1096	3074	987	360	1370
1700000027490	3247	-1073	3253	983	422	1340
1700000027500	3495	-1048	3221	927	513	1214
1700000027510	3743	-1093	2869	873	523	992
1700000027520	3906	-1124	2380	809	595	697
1700000027530	3996	-1161	1673	740	603	387
1700000027540	4119	-1186	841	684	654	8
1700000027550	4138	-1314	4	489	701	-358
1700000027560	4202	-1423	-875	374	683	-700
1700000027570	4116	-1567	-1765	267	660	-1051
1700000027580	4071	-1671	-2517	107	622	-1227
1700000027590	3968	-1837	-2992	-24	568	-1328
1700000027600	3798	-2004	-3362	-165	509	-1395
1700000027610	3654	-2122	-3439	-319	451	-1328
1700000027620	3427	-2363	-3324	-438	432	-1117
1700000027630	3176	-2416	-2911	-547	281	-860
1700000027640	2895	-2625	-2334	-717	211	-549
1700000027650	2622	-2750	-1606	-796	149	-212
1700000027660	2357	-2906	-732	-894	9	163
1700000027670	2032	-3009	182	-1005	-92	492
1700000027680	1752	-3092	1052	-1053	-162	822
1700000027690	1408	-3198	1879	-1089	-258	1125
1700000027700	1166	-3297	2511	-1146	-364	1260
1700000027710	892	-3315	2988	-1101	-463	1347
1700000027720	616	-3352	3243	-1099	-483	1333
1700000027730	354	-3390	3225	-1082	-563	1291
1700000027740	165	-3414	2979	-1029	-709	1085
1700000027750	11	-3347	2524	-951	-696	793
1700000027760	-120	-3281	1906	-884	-711	475
1700000027770	-258	-3208	1069	-786	-750	80
1700000027780	-294	-3151	228	-689	-787	-268
1700000027790	-324	-3069	-664	-542	-757	-640
1700000027800	-316	-2893	-1561	-457	-779	-919
1700000027810	-276	-2806	-2303	-312	-703	-1157
1700000027820	-147	-2677	-2888	-149	-672	-1301
1700000027830	-34	-2467	-3281	-2	-653	-1389
1700000027840	95	-2299	-3425	124	-567	-1306
1700000027850	349	-2159	-3378	309	-496	-1174
1700000027860	584	-2016	-2991	372	-435	-955
1700000027870	851	-1863	-2470	511	-320	-644
1700000027880	1178	-1682	-1772	612	-235	-286
1700000027890	1384	-1615	-931	727	-155	49
1700000027900	1727	-1477	-36	821	-31	421
1700000027910	1987	-1337	821	911	22	728
1700000027920	2323	-1232	1686	960	144	1027
1700000027930	2587	-1169	2331	994	242	1227
1700000027940	2885	-1059	2862	1005	356	1342
1700000027950	3164	-1048	3194	973	406	1332
1700000027960	3374	-1038	3257	950	492	1292
1700000027970	3609	-1081	3053	896	509	1164
1700000027980	3763	-1058	2691	815	600	846
1700000027990	3922	-1108	2054	773	630	547
1700000028000	4047	-1207	1294	684	676	180
1700000028010	4126	-1254	428	577	671	-196
1700000028020	4156	-1367	-460	430	674	-544
1700000028030	4169	-1512	-1321	304	669	-848
1700000028040	4090	-1596	-2170	196	660	-1130
1700000028050	4024	-1767	-2759	16	582	-1262
1700000028060	3923	-1912	-3206	-70	498	-1374
1700000028070	3719	-2041	-3416	-243	499	-1340
1700000028080	3542	-2243	-3361	-377	414	-1236
1700000028090	3274	-2425	-3096	-522	338	-1008
1700000028100	3054	-2498	-2664	-631	286	-720
1700000028110	2772	-2670	-1965	-753	161	-398
1700000028120	2500	-2850	-1173	-878	65	-58
1700000028130	2217	-2954	-308	-927	-23	324
1700000028140	1891	-3082	605	-1007	-101	665
1700000028150	1610	-3162	1414	-1087	-184	984
1700000028160	1265	-3264	2169	-1077	-355	1208
1700000028170	993	-3330	2749	-1092	-429	1340
1700000028180	761	-3396	3130	-1090	-425	1390
1700000028190	509	-3402	3228	-1096	-577	1335
1700000028200	260	-3442	3149	-1057	-635	1140
1700000028210	104	-3366	2765	-1035	-656	930
1700000028220	-63	-3373	2193	-880	-684	633
1700000028230	-189	-3285	1493	-836	-750	257
1700000028240	-278	-3220	653	-738	-758	-67
1700000028250	-306	-3093	-274	-639	-747	-468
1700000028260	-343	-2981	-1128	-486	-743	-761
1700000028270	-302	-2834	-1923	-355	-713	-1050
1700000028280	-215	-2720	-2610	-212	-713	-1240
1700000028290	-96	-2607	-3114	-95	-656	-1377
1700000028300	46	-2428	-3401	65	-605	-1419
1700000028310	260	-2271	-3397	167	-507	-1290
1700000028320	482	-2115	-3212	361	-467	-1078
1700000028330	718	-1954	-2788	459	-417	-802
1700000028340	974	-1835	-2134	563	-290	-480
1700000028350	1228	-1657	-1400	696	-204	-150
1700000028360	1588	-1521	-534	779	-66	246
1700000028370	1829	-1394	390	853	-6	556
1700000028380	2168	-1287	1283	917	93	893
1700000028390	2508	-1206	2038	935	215	1120
1700000028400	2723	-1130	2624	977	281	1343
1700000028410	3025	-1102	3088	964	371	1360
1700000028420	3311	-1012	3229	959	418	1356
1700000028430	3476	-1075	3161	953	452	1225
1700000028440	3676	-1046	2890	893	567	1031
1700000028450	3887	-1069	2399	788	631	668
1700000028460	4017	-1152	1731	711	684	373
1700000028470	4090	-1211	899	576	670	17
1700000028480	4157	-1300	-18	504	666	-365
1700000028490	4139	-1430	-875	385	664	-738
1700000028500	4148	-1558	-1747	247	642	-1005
1700000028510	4060	-1674	-2480	111	611	-1248
1700000028520	3962	-1819	-2966	-25	581	-1319
1700000028530	3814	-1991	-3361	-189	549	-1407
1700000028540	3632	-2106	-3479	-305	464	-1324
1700000028550	3427	-2273	-3328	-474	375	-1157
1700000028560	3216	-2452	-2953	-562	311	-909
1700000028570	2899	-2590	-2378	-656	251	-576
1700000028580	2645	-2790	-1593	-806	106	-231
1700000028590	2343	-2885	-745	-889	38	135
1700000028600	2055	-3018	94	-961	-78	477
1700000028610	1761	-3147	1006	-1062	-161	835
1700000028620	1440	-3236	1845	-1064	-289	1085
1700000028630	1171	-3312	2508	-1084	-399	1286
1700000028640	918	-3345	2950	-1096	-455	1388
1700000028650	617	-3428	3191	-1107	-541	1379
1700000028660	397	-3394	3204	-1068	-608	1264
1700000028670	147	-3410	3019	-1044	-647	1108
1700000028680	12	-3382	2563	-977	-677	804
1700000028690	-138	-3297	1909	-906	-747	441
1700000028700	-277	-3242	1123	-796	-770	134
1700000028710	-332	-3154	208	-685	-778	-276
1700000028720	-343	-3076	-666	-558	-752	-614
1700000028730	-295	-2912	-1505	-469	-726	-951
1700000028740	-275	-2808	-2262	-240	-711	-1185
1700000028750	-142	-2616	-2843	-161	-677	-1326
1700000028760	17	-2511	-3300	-33	-629	-1365
1700000028770	134	-2342	-3462	143	-556	-1361
1700000028780	337	-2201	-3412	274	-481	-1189
1700000028790	562	-2023	-3043	372	-426	-959
1700000028800	845	-1857	-2505	528	-353	-638
1700000028810	1114	-1682	-1808	638	-279	-308
1700000028820	1380	-1551	-983	753	-152	72
1700000028830	1702	-1461	-87	784	-13	394
1700000028840	2002	-1333	799	854	54	728
1700000028850	2261	-1241	1654	968	161	981
1700000028860	2614	-1130	2364	986	226	1269
1700000028870	2862	-1126	2863	970	343	1335
1700000028880	3153	-1036	3179	1019	425	1382
1700000028890	3379	-1053	3274	964	455	1302
1700000028900	3596	-1037	3054	943	566	1107
1700000028910	3759	-1104	2622	851	562	842
1700000028920	3942	-1117	2056	783	655	527
1700000028930	4018	-1198	1326	677	676	171
1700000028940	4150	-1270	442	557	663	-200
1700000028950	4160	-1347	-456	453	687	-535
1700000028960	4131	-1495	-1316	307	619	-833
1700000028970	4139	-1595	-2092	162	603	-1100
1700000028980	4016	-1725	-2737	48	594	-1298
1700000028990	3889	-1875	-3205	-98	547	-1335
1700000029000	3716	-2016	-3425	-203	469	-1330
1700000029010	3507	-2222	-3367	-350	427	-1279
1700000029020	3324	-2364	-3139	-527	325	-1019
1700000029030	3064	-2511	-2680	-629	261	-768
1700000029040	2805	-2717	-2023	-785	149	-393
1700000029050	2538	-2848	-1241	-839	47	-50
1700000029060	2171	-2925	-331	-931	-38	349
1700000029070	1908	-3053	577	-980	-117	653
1700000029080	1615	-3167	1428	-1042	-228	932
1700000029090	1307	-3273	2172	-1137	-338	1168
1700000029100	998	-3304	2726	-1085	-423	1309
1700000029110	769	-3353	3115	-1087	-514	1377
1700000029120	499	-3388	3256	-1101	-571	1331
1700000029130	331	-3409	3202	-1074	-632	1152
1700000029140	95	-3353	2787	-1020	-683	928
1700000029150	-26	-3314	2235	-952	-717	628
1700000029160	-220	-3267	1503	-821	-748	309
1700000029170	-281	-3168	662	-718	-756	-98
1700000029180	-343	-3108	-217	-627	-819	-467
1700000029190	-276	-2985	-1065	-501	-775	-757
1700000029200	-322	-2900	-1912	-351	-738	-1054
1700000029210	-203	-2711	-2614	-242	-697	-1239
1700000029220	-93	-2554	-3096	-110	-678	-1383
1700000029230	87	-2441	-3398	81	-579	-1333
1700000029240	247	-2307	-3401	206	-542	-1269
1700000029250	423	-2142	-3293	307	-462	-1098
1700000029260	695	-1974	-2778	459	-365	-828
1700000029270	984	-1805	-2197	610	-293	-521
1700000029280	1217	-1623	-1414	698	-161	-112
1700000029290	1532	-1519	-543	754	-103	223
1700000029300	1849	-1407	412	850	-3	571
1700000029310	2115	-1261	1236	892	139	864
1700000029320	2440	-1196	2005	979	185	1135
1700000029330	2712	-1137	2607	1009	278	1321
1700000029340	3060	-1096	3045	946	353	1356
1700000029350	3264	-1048	3244	947	472	1390
1700000029360	3511	-1037	3240	953	522	1259
1700000029370	3744	-1045	2926	876	567	1002
1700000029380	3864	-1112	2367	770	638	722
1700000029390	3988	-1124	1730	733	669	352
1700000029400	4081	-1238	866	629	660	4
1700000029410	4102	-1356	0	545	674	-382
1700000029420	4171	-1439	-875	368	681	-750
1700000029430	4117	-1561	-1767	264	632	-1012
1700000029440	4067	-1692	-2426	88	563	-1215
1700000029450	3992	-1785	-2997	-31	566	-1376
1700000029460	3837	-1927	-3350	-123	503	-1371
1700000029470	3627	-2131	-3432	-279	422	-1312
1700000029480	3489	-2256	-3323	-419	392	-1124
1700000029490	3186	-2443	-2919	-546	273	-890
1700000029500	2934	-2579	-2401	-684	160	-607
1700000029510	2689	-2785	-1626	-800	119	-231
1700000029520	2377	-2881	-725	-891	39	102
1700000029530	2066	-3031	113	-969	-73	484
1700000029540	1740	-3157	1045	-1039	-154	797
1700000029550	1446	-3190	1844	-1078	-274	1058
1700000029560	1174	-3264	2460	-1074	-338	1290
1700000029570	908	-3396	2971	-1138	-452	1377
1700000029580	608	-3367	3234	-1104	-492	1362
1700000029590	409	-3387	3220	-1088	-588	1248
1700000029600	186	-3418	2972	-1056	-645	1021
1700000029610	-5	-3366	2558	-979	-712	827
1700000029620	-160	-3329	1935	-902	-746	431
1700000029630	-232	-3268	1121	-787	-825	80
1700000029640	-328	-3157	255	-700	-749	-269
1700000029650	-369	-3034	-673	-558	-773	-650
1700000029660	-305	-2956	-1494	-437	-757	-929
1700000029670	-250	-2810	-2291	-299	-718	-1159
1700000029680	-167	-2667	-2872	-140	-690	-1299
1700000029690	-43	-2526	-3276	17	-636	-1402
1700000029700	120	-2350	-3419	134	-585	-1337
1700000029710	284	-2150	-3337	303	-499	-1160
1700000029720	571	-2004	-3022	366	-392	-962
1700000029730	812	-1866	-2568	547	-342	-630
1700000029740	1131	-1755	-1830	651	-165	-293
1700000029750	1373	-1590	-952	707	-161	51
1700000029760	1672	-1464	-111	789	-60	423
1700000029770	2008	-1378	800	899	27	776
1700000029780	2290	-1237	1663	964	114	1008
1700000029790	2568	-1166	2351	978	201	1241
1700000029800	2864	-1113	2868	986	327	1306
1700000029810	3154	-1101	3162	1007	398	1385
1700000029820	3373	-1042	3253	977	453	1288
1700000029830	3599	-1062	3109	893	540	1126
1700000029840	3781	-1069	2733	866	622	920
1700000029850	3954	-1152	2106	783	617	568
1700000029860	4058	-1166	1316	699	635	235
1700000029870	4156	-1266	471	611	683	-201
1700000029880	4122	-1332	-439	436	670	-524
1700000029890	4151	-1474	-1262	319	632	-860
1700000029900	4164	-1610	-2065	209	645	-1117
1700000029910	4007	-1744	-2755	43	583	-1288
1700000029920	3916	-1894	-3195	-73	532	-1400
1700000029930	3739	-2063	-3434	-224	509	-1379
1700000029940	3600	-2169	-3416	-393	406	-1241
1700000029950	3322	-2385	-3167	-487	315	-1027
1700000029960	3049	-2493	-2685	-635	261	-785
1700000029970	2804	-2657	-2020	-786	163	-417
1700000029980	2504	-2830	-1224	-902	88	-72
1700000029990	2215	-2921	-308	-938	-23	342
1700000030000	1939	-3041	544	-1033	-110	650
1700000030010	1605	-3144	1434	-1065	-215	974
1700000030020	1296	-3265	2205	-1113	-302	1172
1700000030030	1012	-3329	2726	-1156	-357	1338
1700000030040	752	-3365	3101	-1123	-475	1384
1700000030050	504	-3376	3272	-1062	-550	1324
1700000030060	269	-3403	3159	-1028	-619	1190
1700000030070	92	-3385	2801	-1026	-701	926
1700000030080	-108	-3334	2269	-905	-695	669
1700000030090	-237	-3329	1537	-821	-729	308
1700000030100	-276	-3191	652	-745	-782	-67
1700000030110	-332	-3108	-205	-616	-774	-469
1700000030120	-346	-3023	-1083	-505	-774	-819
1700000030130	-296	-2904	-1890	-364	-747	-1094
1700000030140	-210	-2722	-2597	-212	-698	-1247
1700000030150	-112	-2608	-3082	-122	-682	-1387
1700000030160	52	-2396	-3361	63	-568	-1369
1700000030170	255	-2284	-3429	207	-514	-1276
1700000030180	452	-2131	-3262	341	-476	-1073
1700000030190	736	-1924	-2786	447	-361	-849
1700000030200	957	-1774	-2189	589	-308	-525
1700000030210	1244	-1660	-1418	686	-187	-155
1700000030220	1549	-1530	-566	764	-74	210
1700000030230	1817	-1453	370	820	-7	549
1700000030240	2148	-1317	1216	897	109	900
1700000030250	2430	-1208	1984	944	197	1108
1700000030260	2723	-1116	2624	976	240	1323
1700000030270	3003	-1073	3063	946	361	1393
1700000030280	3235	-1065	3245	1007	456	1365
1700000030290	3476	-1047	3197	919	494	1215
1700000030300	3702	-1025	2916	890	589	1000
1700000030310	3823	-1101	2442	813	632	727
1700000030320	3990	-1162	1696	677	647	364
1700000030330	4099	-1230	897	651	674	26
1700000030340	4156	-1312	25	475	665	-376
1700000030350	4148	-1422	-863	368	693	-686
1700000030360	4092	-1535	-1688	276	660	-997
1700000030370	4052	-1700	-2400	122	630	-1206
1700000030380	3956	-1822	-2972	7	606	-1334
1700000030390	3832	-2005	-3309	-167	518	-1380
1700000030400	3664	-2136	-3446	-299	482	-1313
1700000030410	3481	-2294	-3316	-411	352	-1142
1700000030420	3192	-2430	-2955	-537	315	-897
1700000030430	2937	-2646	-2395	-688	189	-591
1700000030440	2660	-2790	-1628	-789	109	-270
1700000030450	2369	-2872	-775	-882	60	132
1700000030460	2048	-3006	116	-947	-77	476
1700000030470	1794	-3136	981	-1010	-157	800
1700000030480	1445	-3201	1809	-1085	-305	1106
1700000030490	1174	-3284	2462	-1096	-318	1298
1700000030500	913	-3361	2940	-1135	-429	1373
1700000030510	675	-3380	3225	-1113	-531	1351
1700000030520	375	-3390	3262	-1115	-600	1249
1700000030530	178	-3344	2998	-1029	-685	1071
1700000030540	2	-3341	2562	-970	-711	826
1700000030550	-153	-3322	1936	-923	-713	467
1700000030560	-251	-3275	1134	-831	-733	113
1700000030570	-268	-3169	245	-673	-774	-273
1700000030580	-340	-3068	-562	-569	-787	-576
1700000030590	-313	-2953	-1534	-418	-767	-954
1700000030600	-247	-2829	-2243	-283	-719	-1161
1700000030610	-146	-2664	-2862	-167	-709	-1311
1700000030620	-23	-2513	-3235	-21	-613	-1357
1700000030630	121	-2395	-3450	151	-630	-1327
1700000030640	300	-2184	-3393	269	-474	-1187
1700000030650	572	-2043	-3074	375	-413	-989
1700000030660	820	-1896	-2504	535	-338	-664
1700000030670	1130	-1746	-1832	585	-220	-338
1700000030680	1343	-1616	-998	764	-152	17
1700000030690	1678	-1466	-150	800	-55	357
1700000030700	1983	-1377	752	877	3	757
1700000030710	2298	-1246	1602	963	156	995
1700000030720	2597	-1172	2321	995	219	1225
1700000030730	2874	-1130	2820	972	279	1329
1700000030740	3128	-1065	3138	968	390	1411
1700000030750	3360	-1039	3287	951	485	1301
1700000030760	3596	-1022	3112	901	546	1132
1700000030770	3794	-1063	2717	862	571	880
1700000030780	3932	-1136	2085	780	618	540
1700000030790	4050	-1142	1367	697	638	161
1700000030800	4100	-1226	466	617	651	-186
1700000030810	4188	-1354	-397	490	671	-569
1700000030820	4164	-1466	-1247	325	642	-809
1700000030830	4142	-1635	-2076	229	629	-1106
1700000030840	4027	-1759	-2760	51	666	-1310
1700000030850	3888	-1934	-3198	-114	541	-1381
1700000030860	3767	-2080	-3426	-236	470	-1324
1700000030870	3561	-2154	-3398	-373	396	-1286
1700000030880	3299	-2378	-3217	-488	320	-1035
1700000030890	3047	-2554	-2704	-611	268	-771
1700000030900	2784	-2676	-2036	-758	185	-416
1700000030910	2488	-2836	-1213	-822	51	-87
1700000030920	2223	-2973	-330	-953	-11	351
1700000030930	1887	-3048	587	-1040	-136	616
1700000030940	1570	-3153	1431	-1050	-258	925
1700000030950	1319	-3243	2198	-1095	-317	1178
1700000030960	1060	-3365	2740	-1114	-409	1343
1700000030970	783	-3392	3111	-1118	-465	1402
1700000030980	492	-3380	3241	-1097	-557	1305
1700000030990	250	-3431	3167	-1083	-627	1137
1700000031000	84	-3352	2807	-972	-644	938
1700000031010	-47	-3346	2288	-934	-731	653
1700000031020	-183	-3255	1598	-804	-751	270
1700000031030	-280	-3224	701	-732	-747	-98
1700000031040	-341	-3106	-165	-641	-762	-471
1700000031050	-340	-2955	-1058	-459	-760	-788
1700000031060	-285	-2830	-1888	-375	-725	-1003
1700000031070	-201	-2771	-2594	-230	-736	-1255
1700000031080	-144	-2585	-3092	-81	-644	-1364
1700000031090	76	-2434	-3334	107	-633	-1378
1700000031100	239	-2316	-3420	212	-524	-1284
1700000031110	448	-2145	-3261	307	-483	-1127
1700000031120	679	-1965	-2836	467	-367	-803
1700000031130	945	-1816	-2196	563	-283	-471
1700000031140	1246	-1616	-1431	702	-202	-195
1700000031150	1538	-1515	-559	766	-99	232
1700000031160	1813	-1357	309	808	-9	541
1700000031170	2128	-1290	1177	912	100	889
1700000031180	2446	-1213	1963	962	170	1113
1700000031190	2714	-1113	2612	990	304	1292
1700000031200	2959	-1093	3020	948	306	1397
1700000031210	3264	-1103	3241	951	436	1395
1700000031220	3499	-1015	3203	949	523	1187
1700000031230	3698	-1040	2939	901	560	1012
1700000031240	3882	-1069	2423	859	589	744
1700000031250	3988	-1110	1758	716	647	397
1700000031260	4075	-1237	938	645	675	26
1700000031270	4150	-1316	34	527	693	-372
1700000031280	4193	-1443	-818	377	668	-678
1700000031290	4138	-1545	-1683	267	637	-990
1700000031300	4134	-1635	-2357	157	607	-1182
1700000031310	3984	-1821	-2966	-26	528	-1317
1700000031320	3869	-1963	-3388	-149	525	-1383
1700000031330	3653	-2114	-3462	-291	437	-1329
1700000031340	3466	-2240	-3292	-410	411	-1160
1700000031350	3257	-2442	-2961	-590	287	-899
1700000031360	2987	-2629	-2357	-681	210	-578
1700000031370	2680	-2766	-1661	-791	124	-287
1700000031380	2387	-2877	-802	-863	24	133
1700000031390	2078	-3021	118	-972	-22	484
1700000031400	1779	-3075	969	-1051	-155	766
1700000031410	1420	-3207	1754	-1107	-249	1113
1700000031420	1151	-3268	2409	-1131	-351	1269
1700000031430	932	-3347	2982	-1098	-408	1381
1700000031440	656	-3394	3243	-1096	-528	1375
1700000031450	414	-3386	3264	-1108	-567	1238
1700000031460	178	-3407	3003	-994	-625	1121
1700000031470	31	-3352	2571	-988	-722	828
1700000031480	-173	-3278	1975	-844	-739	494
1700000031490	-243	-3267	1163	-822	-731	92
1700000031500	-266	-3138	324	-669	-781	-263
1700000031510	-344	-3046	-638	-581	-743	-633
1700000031520	-296	-2924	-1481	-461	-766	-951
1700000031530	-274	-2830	-2254	-308	-745	-1175
1700000031540	-175	-2684	-2855	-176	-675	-1343
1700000031550	-59	-2513	-3267	-17	-627	-1369
1700000031560	170	-2368	-3457	109	-586	-1353
1700000031570	321	-2220	-3394	274	-516	-1167
1700000031580	523	-2047	-3108	421	-402	-982
1700000031590	815	-1893	-2542	512	-336	-706
1700000031600	1071	-1716	-1874	631	-274	-344
1700000031610	1341	-1556	-1030	718	-108	51
1700000031620	1682	-1439	-118	778	-82	410
1700000031630	1951	-1355	730	915	25	732
1700000031640	2264	-1281	1559	970	138	1033
1700000031650	2566	-1163	2292	966	214	1209
1700000031660	2850	-1099	2840	964	319	1351
1700000031670	3148	-1063	3148	935	417	1395
1700000031680	3370	-1011	3207	970	477	1359
1700000031690	3578	-1015	3115	936	512	1141
1700000031700	3777	-1042	2744	819	585	900
1700000031710	3952	-1092	2099	785	664	571
1700000031720	4018	-1142	1383	702	636	212
1700000031730	4118	-1254	493	566	652	-151
1700000031740	4187	-1352	-386	425	677	-511
1700000031750	4171	-1460	-1293	342	639	-835
1700000031760	4101	-1586	-2056	216	638	-1135
1700000031770	4030	-1719	-2729	22	587	-1281
1700000031780	3913	-1894	-3212	-95	545	-1361
1700000031790	3743	-2017	-3371	-218	484	-1357
1700000031800	3581	-2216	-3408	-378	409	-1275
1700000031810	3313	-2408	-3176	-495	358	-1085
1700000031820	3067	-2543	-2729	-613	233	-765
1700000031830	2848	-2680	-2050	-709	190	-409
1700000031840	2511	-2792	-1250	-864	115	-67
1700000031850	2213	-2945	-332	-922	-7	345
1700000031860	1889	-3065	534	-986	-89	629
1700000031870	1663	-3159	1383	-1063	-225	952
1700000031880	1331	-3259	2104	-1079	-316	1215
1700000031890	1025	-3285	2719	-1087	-405	1342
1700000031900	773	-3397	3105	-1134	-468	1373
1700000031910	529	-3360	3240	-1088	-583	1344
1700000031920	307	-3395	3197	-1078	-604	1191
1700000031930	120	-3383	2840	-998	-637	978
1700000031940	-33	-3377	2300	-917	-702	656
1700000031950	-205	-3325	1555	-864	-697	317
1700000031960	-295	-3195	766	-725	-790	-78
1700000031970	-332	-3142	-129	-603	-763	-449
1700000031980	-334	-3003	-1027	-517	-776	-756
1700000031990	-296	-2880	-1856	-337	-740	-1022
1700000032000	-289	-2771	-2540	-192	-668	-1250
1700000032010	-97	-2583	-3092	-101	-653	-1363
1700000032020	67	-2441	-3411	16	-623	-1354
1700000032030	246	-2261	-3474	157	-537	-1315
1700000032040	421	-2146	-3254	318	-453	-1105
1700000032050	677	-1995	-2854	430	-370	-816
1700000032060	992	-1787	-2249	571	-299	-556
1700000032070	1241	-1672	-1474	692	-160	-196
1700000032080	1534	-1544	-599	801	-75	191
1700000032090	1768	-1424	315	813	-10	581
1700000032100	2165	-1260	1182	917	74	915
1700000032110	2452	-1215	1945	930	179	1126
1700000032120	2706	-1105	2586	953	261	1296
1700000032130	2994	-1068	3037	1007	319	1358
1700000032140	3245	-1073	3216	962	479	1372
1700000032150	3466	-1068	3221	954	492	1215
1700000032160	3672	-1026	2916	888	569	1040
1700000032170	3901	-1104	2397	805	624	727
1700000032180	3993	-1144	1811	739	655	417
1700000032190	4084	-1208	950	607	675	28
1700000032200	4171	-1322	55	553	662	-340
1700000032210	4131	-1432	-824	390	649	-669
1700000032220	4151	-1513	-1666	240	672	-979
1700000032230	4089	-1676	-2408	144	604	-1205
1700000032240	3998	-1836	-2938	-24	535	-1337
1700000032250	3815	-1967	-3328	-165	526	-1376
1700000032260	3649	-2115	-3408	-314	471	-1314
1700000032270	3425	-2267	-3279	-433	400	-1151
1700000032280	3223	-2452	-2993	-529	311	-899
1700000032290	2928	-2587	-2394	-672	178	-620
1700000032300	2689	-2732	-1653	-793	157	-281
1700000032310	2434	-2877	-813	-890	-19	92
1700000032320	2110	-2997	67	-967	-67	479
1700000032330	1735	-3106	969	-1044	-143	810
1700000032340	1481	-3204	1798	-1055	-267	1050
1700000032350	1167	-3293	2453	-1059	-388	1268
1700000032360	896	-3376	2920	-1141	-415	1306
1700000032370	596	-3403	3235	-1110	-478	1346
1700000032380	397	-3424	3240	-1068	-580	1286
1700000032390	226	-3416	3013	-998	-669	1051
1700000032400	-17	-3334	2592	-981	-694	791
1700000032410	-134	-3317	1927	-902	-698	464
1700000032420	-207	-3244	1158	-836	-735	105
1700000032430	-283	-3136	280	-692	-759	-272
1700000032440	-368	-3083	-604	-582	-780	-590
1700000032450	-324	-2960	-1465	-421	-731	-897
1700000032460	-268	-2796	-2246	-331	-717	-1163
1700000032470	-139	-2630	-2843	-153	-710	-1345
1700000032480	-33	-2547	-3257	-40	-630	-1385
1700000032490	128	-2342	-3453	97	-564	-1390
1700000032500	329	-2190	-3393	202	-487	-1243
1700000032510	571	-2042	-3081	416	-447	-989
1700000032520	835	-1908	-2574	482	-362	-662
1700000032530	1062	-1743	-1843	619	-289	-345
1700000032540	1387	-1627	-1081	729	-167	21
1700000032550	1651	-1464	-196	819	-45	385
1700000032560	1989	-1367	745	876	51	705
1700000032570	2282	-1287	1554	975	126	999
1700000032580	2538	-1127	2268	937	210	1250
1700000032590	2843	-1123	2859	951	312	1285
1700000032600	3146	-1063	3151	963	406	1389
1700000032610	3354	-1069	3247	933	448	1336
1700000032620	3581	-1056	3104	914	556	1118
1700000032630	3792	-1066	2763	852	576	893
1700000032640	3949	-1099	2136	786	628	567
1700000032650	4001	-1173	1360	652	674	257
1700000032660	4092	-1248	549	566	696	-157
1700000032670	4149	-1332	-383	474	705	-479
1700000032680	4132	-1440	-1262	329	639	-848
1700000032690	4122	-1600	-2045	229	648	-1122
1700000032700	4043	-1754	-2647	69	548	-1282
1700000032710	3908	-1902	-3152	-57	603	-1418
1700000032720	3727	-2047	-3420	-238	502	-1374
1700000032730	3547	-2226	-3370	-355	407	-1261
1700000032740	3325	-2362	-3185	-489	333	-1045
1700000032750	3113	-2554	-2722	-634	270	-782
1700000032760	2803	-2635	-2061	-742	162	-415
1700000032770	2557	-2783	-1226	-860	92	-121
1700000032780	2217	-2893	-409	-935	-10	285
1700000032790	1925	-3078	544	-947	-113	649
1700000032800	1640	-3163	1411	-1101	-213	958
1700000032810	1341	-3238	2115	-1047	-316	1156
1700000032820	1081	-3285	2712	-1079	-411	1335
1700000032830	781	-3366	3095	-1132	-461	1399
1700000032840	517	-3406	3262	-1092	-514	1340
1700000032850	299	-3382	3179	-1105	-584	1178
1700000032860	98	-3386	2842	-993	-700	963
1700000032870	-47	-3330	2337	-955	-700	645
1700000032880	-184	-3297	1645	-837	-766	314
1700000032890	-308	-3174	753	-722	-768	-104
1700000032900	-298	-3114	-116	-689	-780	-410
1700000032910	-319	-2986	-1066	-525	-789	-743
1700000032920	-337	-2886	-1858	-347	-787	-1058
1700000032930	-214	-2766	-2587	-244	-724	-1282
1700000032940	-119	-2597	-3066	-88	-680	-1374
1700000032950	10	-2431	-3389	89	-611	-1352
1700000032960	235	-2285	-3460	230	-528	-1235
1700000032970	430	-2075	-3260	357	-448	-1082
1700000032980	654	-1990	-2868	481	-385	-862
1700000032990	907	-1831	-2262	577	-294	-520
1700000033000	1235	-1680	-1515	676	-187	-136
1700000033010	1494	-1530	-582	798	-74	174
1700000033020	1807	-1386	322	821	-5	519
1700000033030	2113	-1288	1186	864	90	886
1700000033040	2383	-1211	1937	956	197	1085
1700000033050	2720	-1148	2588	974	262	1329
1700000033060	2988	-1083	3032	977	372	1357
1700000033070	3273	-1038	3214	972	382	1337
1700000033080	3479	-1028	3197	969	510	1255
1700000033090	3659	-1028	2939	816	527	1023
1700000033100	3862	-1088	2449	800	598	718
1700000033110	3989	-1135	1771	780	647	414
1700000033120	4125	-1176	1001	629	654	88
1700000033130	4121	-1252	92	533	715	-334
1700000033140	4176	-1419	-802	368	631	-693
1700000033150	4133	-1523	-1655	253	661	-966
1700000033160	4048	-1655	-2379	122	595	-1205
1700000033170	3951	-1803	-2953	-13	609	-1318
1700000033180	3796	-1964	-3296	-151	495	-1403
1700000033190	3656	-2166	-3416	-256	518	-1356
1700000033200	3490	-2323	-3349	-392	405	-1156
1700000033210	3246	-2449	-2999	-538	286	-944
1700000033220	2936	-2588	-2450	-669	217	-625
1700000033230	2677	-2765	-1684	-806	98	-282
1700000033240	2407	-2873	-849	-872	33	84
1700000033250	2100	-3003	51	-1006	-109	466
1700000033260	1770	-3069	928	-991	-172	754
1700000033270	1500	-3196	1777	-1047	-286	1051
1700000033280	1209	-3285	2380	-1091	-332	1260
1700000033290	911	-3349	2924	-1134	-476	1335
1700000033300	627	-3407	3206	-1101	-512	1381
1700000033310	405	-3395	3230	-1082	-549	1259
1700000033320	181	-3401	3042	-1054	-680	1092
1700000033330	44	-3412	2590	-960	-713	829
1700000033340	-129	-3327	1981	-873	-730	501
1700000033350	-233	-3261	1214	-812	-749	140
1700000033360	-334	-3200	341	-671	-797	-242
1700000033370	-326	-3080	-646	-575	-788	-561
1700000033380	-314	-2953	-1444	-460	-733	-939
1700000033390	-271	-2798	-2264	-339	-745	-1150
1700000033400	-162	-2660	-2826	-175	-700	-1310
1700000033410	-57	-2500	-3203	-19	-627	-1346
1700000033420	157	-2368	-3424	120	-585	-1361
1700000033430	319	-2215	-3376	254	-477	-1237
1700000033440	539	-2023	-3074	390	-427	-1021
1700000033450	817	-1894	-2563	495	-335	-656
1700000033460	1085	-1779	-1886	630	-220	-393
1700000033470	1353	-1583	-1089	721	-139	-27
1700000033480	1650	-1446	-170	812	-73	376
1700000033490	1958	-1371	703	884	57	662
1700000033500	2236	-1258	1547	899	102	1003
1700000033510	2517	-1195	2257	943	206	1198
1700000033520	2818	-1100	2832	992	287	1354
1700000033530	3147	-1079	3164	958	385	1375
1700000033540	3339	-1053	3280	942	441	1354
1700000033550	3579	-1066	3141	924	528	1143
1700000033560	3765	-1117	2745	868	555	861
1700000033570	3912	-1076	2170	776	627	546
1700000033580	4034	-1169	1418	702	671	238
1700000033590	4105	-1249	577	594	670	-158
1700000033600	4167	-1363	-323	480	679	-494
1700000033610	4166	-1482	-1234	331	657	-817
1700000033620	4137	-1588	-2017	169	622	-1098
1700000033630	4018	-1728	-2662	75	634	-1264
1700000033640	3896	-1887	-3123	-113	566	-1363
1700000033650	3736	-2063	-3416	-228	489	-1412
1700000033660	3569	-2216	-3393	-380	407	-1219
1700000033670	3354	-2351	-3173	-459	339	-1103
1700000033680	3116	-2519	-2704	-609	255	-801
1700000033690	2824	-2679	-2075	-748	188	-476
1700000033700	2574	-2813	-1357	-783	78	-83
1700000033710	2242	-2950	-439	-908	1	262
1700000033720	1979	-3070	481	-1010	-82	637
1700000033730	1649	-3140	1351	-1061	-233	953
1700000033740	1340	-3263	2079	-1074	-283	1142
1700000033750	1037	-3322	2735	-1103	-391	1316
1700000033760	773	-3364	3086	-1112	-469	1356
1700000033770	560	-3425	3261	-1095	-542	1319
1700000033780	246	-3422	3165	-1072	-615	1179
1700000033790	124	-3368	2877	-1040	-671	976
1700000033800	-56	-3413	2358	-929	-674	652
1700000033810	-172	-3320	1632	-857	-739	306
1700000033820	-321	-3197	753	-766	-745	-50
1700000033830	-376	-3133	-75	-654	-761	-403
1700000033840	-339	-3015	-1001	-521	-735	-739
1700000033850	-289	-2864	-1859	-380	-759	-1039
1700000033860	-197	-2752	-2504	-244	-686	-1251
1700000033870	-148	-2577	-3072	-115	-675	-1366
1700000033880	-8	-2448	-3365	50	-607	-1388
1700000033890	242	-2272	-3457	218	-523	-1287
1700000033900	393	-2158	-3224	309	-483	-1120
1700000033910	680	-2003	-2881	447	-367	-882
1700000033920	911	-1804	-2281	574	-244	-523
1700000033930	1252	-1672	-1486	666	-216	-173
1700000033940	1516	-1548	-649	765	-66	189
1700000033950	1792	-1414	223	835	11	555
1700000033960	2131	-1275	1135	911	101	867
1700000033970	2389	-1185	1923	964	129	1105
1700000033980	2696	-1117	2577	951	277	1280
1700000033990	2995	-1060	3011	946	398	1401
1700000034000	3232	-1051	3191	962	442	1345
1700000034010	3484	-1022	3211	942	504	1199
1700000034020	3651	-1098	2944	873	529	1016
1700000034030	3822	-1112	2450	836	602	752
1700000034040	3985	-1119	1793	727	642	449
1700000034050	4069	-1196	1038	668	638	71
1700000034060	4119	-1265	114	564	620	-373
1700000034070	4138	-1430	-774	369	684	-663
1700000034080	4130	-1552	-1633	269	658	-941
1700000034090	4102	-1661	-2338	135	604	-1225
1700000034100	3994	-1824	-2941	-9	587	-1341
1700000034110	3874	-1939	-3296	-114	495	-1380
1700000034120	3663	-2123	-3453	-289	479	-1326
1700000034130	3434	-2255	-3309	-399	423	-1159
1700000034140	3215	-2456	-2961	-581	292	-956
1700000034150	2963	-2619	-2436	-651	234	-636
1700000034160	2686	-2746	-1734	-777	152	-257
1700000034170	2386	-2851	-922	-889	59	116
1700000034180	2101	-3009	19	-976	-26	413
1700000034190	1738	-3126	915	-1048	-160	799
1700000034200	1458	-3205	1743	-1080	-258	1049
1700000034210	1246	-3283	2436	-1102	-375	1279
1700000034220	924	-3320	2910	-1132	-421	1345
1700000034230	651	-3414	3202	-1115	-523	1361
1700000034240	386	-3400	3242	-1091	-579	1268
1700000034250	179	-3396	3039	-1048	-640	1065
1700000034260	52	-3343	2620	-974	-723	843
1700000034270	-79	-3331	2013	-907	-708	506
1700000034280	-232	-3250	1224	-834	-765	167
1700000034290	-308	-3176	366	-685	-776	-236
1700000034300	-330	-3089	-530	-565	-739	-566
1700000034310	-338	-2996	-1451	-481	-749	-865
1700000034320	-260	-2845	-2206	-332	-708	-1191
1700000034330	-171	-2678	-2846	-184	-687	-1302
1700000034340	-71	-2551	-3271	-24	-645	-1375
1700000034350	118	-2393	-3434	93	-589	-1326
1700000034360	315	-2224	-3356	258	-526	-1220
1700000034370	553	-2049	-3097	387	-441	-982
1700000034380	803	-1923	-2588	452	-348	-741
1700000034390	1080	-1765	-1928	589	-262	-369
1700000034400	1297	-1586	-1052	721	-182	41
1700000034410	1657	-1477	-221	799	-64	385
1700000034420	1940	-1348	696	827	37	690
1700000034430	2264	-1251	1505	956	75	989
1700000034440	2554	-1217	2295	924	190	1237
1700000034450	2848	-1094	2800	958	302	1343
1700000034460	3146	-1087	3140	977	393	1397
1700000034470	3333	-1043	3238	938	457	1293
1700000034480	3561	-1080	3110	886	533	1137
1700000034490	3728	-1109	2729	866	553	933
1700000034500	3924	-1094	2138	773	582	573
1700000034510	4018	-1129	1395	690	689	228
1700000034520	4089	-1258	589	588	664	-136
1700000034530	4152	-1363	-340	454	664	-456
1700000034540	4161	-1483	-1216	350	675	-804
1700000034550	4100	-1564	-2029	201	661	-1113
1700000034560	4008	-1745	-2681	82	586	-1272
1700000034570	3903	-1878	-3131	-89	552	-1391
1700000034580	3771	-2028	-3402	-236	475	-1381
1700000034590	3542	-2201	-3451	-379	462	-1291
1700000034600	3366	-2358	-3200	-463	362	-1038
1700000034610	3109	-2493	-2741	-646	239	-787
1700000034620	2813	-2649	-2073	-698	151	-475
1700000034630	2555	-2791	-1325	-817	96	-156
1700000034640	2264	-2927	-472	-918	14	279
1700000034650	1941	-3079	472	-1011	-134	628
1700000034660	1636	-3180	1331	-1026	-221	945
1700000034670	1371	-3279	2041	-1086	-308	1153
1700000034680	1061	-3276	2673	-1116	-397	1325
1700000034690	749	-3380	3092	-1100	-490	1429
1700000034700	571	-3383	3255	-1128	-525	1369
1700000034710	298	-3406	3172	-1079	-575	1227
1700000034720	123	-3374	2834	-1016	-643	957
1700000034730	-86	-3307	2344	-912	-736	676
1700000034740	-196	-3315	1641	-868	-777	329
1700000034750	-243	-3215	739	-770	-770	-23
1700000034760	-343	-3110	-76	-682	-802	-414
1700000034770	-309	-2998	-999	-566	-750	-738
1700000034780	-328	-2850	-1799	-405	-703	-1047
1700000034790	-253	-2737	-2532	-231	-705	-1247
1700000034800	-138	-2602	-3035	-89	-665	-1361
1700000034810	-9	-2472	-3356	18	-602	-1399
1700000034820	174	-2313	-3424	185	-518	-1297
1700000034830	392	-2120	-3296	330	-485	-1139
1700000034840	698	-1996	-2851	437	-389	-881
1700000034850	905	-1830	-2282	550	-269	-560
1700000034860	1163	-1704	-1557	682	-210	-154
1700000034870	1499	-1530	-674	750	-129	159
1700000034880	1790	-1425	226	858	13	540
1700000034890	2140	-1284	1097	923	106	828
1700000034900	2409	-1249	1942	912	186	1159
1700000034910	2726	-1089	2559	989	253	1300
1700000034920	2966	-1062	3008	988	397	1396
1700000034930	3221	-1059	3209	966	412	1375
1700000034940	3475	-1039	3210	963	477	1224
1700000034950	3723	-1055	2976	905	547	1019
1700000034960	3815	-1094	2510	787	625	767
1700000034970	3992	-1123	1825	728	611	439
1700000034980	4047	-1224	1004	613	659	61
1700000034990	4158	-1303	110	525	665	-315
1700000035000	4192	-1373	-748	376	658	-687
1700000035010	4082	-1514	-1624	281	671	-958
1700000035020	4085	-1668	-2372	166	623	-1170
1700000035030	3959	-1821	-2940	-33	589	-1337
1700000035040	3849	-1982	-3330	-158	500	-1378
1700000035050	3669	-2097	-3413	-306	489	-1287
1700000035060	3467	-2249	-3323	-410	356	-1170
1700000035070	3236	-2416	-2975	-557	309	-947
1700000035080	2951	-2577	-2480	-662	253	-631
1700000035090	2706	-2708	-1731	-748	92	-296
1700000035100	2398	-2907	-907	-874	29	99
1700000035110	2078	-3016	15	-938	-43	452
1700000035120	1792	-3122	873	-1011	-160	750
1700000035130	1509	-3201	1696	-1093	-285	1041
1700000035140	1196	-3280	2397	-1111	-378	1197
1700000035150	954	-3318	2888	-1114	-446	1352
1700000035160	675	-3403	3204	-1072	-511	1379
1700000035170	450	-3382	3266	-1095	-623	1275
1700000035180	208	-3389	3068	-1102	-666	1081
1700000035190	-6	-3398	2657	-948	-681	829
1700000035200	-111	-3368	1988	-897	-749	499
1700000035210	-227	-3250	1222	-840	-732	139
1700000035220	-301	-3182	388	-711	-743	-208
1700000035230	-325	-3119	-512	-577	-790	-563
1700000035240	-322	-2956	-1395	-441	-746	-856
1700000035250	-259	-2791	-2179	-329	-751	-1108
1700000035260	-185	-2684	-2822	-194	-711	-1334
1700000035270	-70	-2532	-3217	-8	-596	-1379
1700000035280	143	-2378	-3393	148	-571	-1380
1700000035290	297	-2217	-3364	253	-512	-1189
1700000035300	575	-2038	-3067	337	-406	-1013
1700000035310	818	-1902	-2614	490	-376	-682
1700000035320	987	-1797	-1933	573	-222	-376
1700000035330	1362	-1608	-1114	713	-172	10
1700000035340	1638	-1463	-233	820	-72	343
1700000035350	1975	-1387	651	818	24	686
1700000035360	2260	-1277	1528	939	134	1012
1700000035370	2530	-1169	2240	972	217	1194
1700000035380	2844	-1131	2812	1002	302	1340
1700000035390	3089	-1044	3178	972	377	1403
1700000035400	3360	-1048	3214	959	460	1291
1700000035410	3569	-1064	3124	946	514	1127
1700000035420	3748	-1049	2759	858	533	889
1700000035430	3879	-1117	2183	732	638	585
1700000035440	4041	-1182	1468	705	658	212
1700000035450	4129	-1181	643	587	684	-115
1700000035460	4153	-1360	-289	473	675	-492
1700000035470	4143	-1433	-1202	364	649	-805
1700000035480	4118	-1641	-1980	207	635	-1067
1700000035490	4028	-1741	-2694	102	623	-1268
1700000035500	3902	-1872	-3178	-79	584	-1385
1700000035510	3778	-2014	-3456	-201	491	-1356
1700000035520	3607	-2195	-3399	-355	414	-1247
1700000035530	3332	-2378	-3184	-505	291	-1041
1700000035540	3130	-2542	-2778	-604	270	-793
1700000035550	2822	-2622	-2127	-747	191	-449
1700000035560	2544	-2777	-1343	-858	91	-110
1700000035570	2292	-2891	-468	-951	-8	232
1700000035580	1938	-3033	442	-993	-149	625
1700000035590	1650	-3164	1297	-1083	-207	953
1700000035600	1347	-3211	2068	-1083	-281	1177
1700000035610	1055	-3342	2672	-1137	-342	1291
1700000035620	779	-3329	3073	-1113	-477	1369
1700000035630	528	-3427	3208	-1099	-565	1406
1700000035640	330	-3417	3151	-1087	-583	1172
1700000035650	120	-3364	2837	-996	-685	989
1700000035660	-54	-3375	2332	-921	-713	670
1700000035670	-212	-3286	1632	-848	-736	333
1700000035680	-315	-3193	883	-739	-761	-53
1700000035690	-332	-3123	-30	-639	-730	-373
1700000035700	-333	-3011	-942	-500	-755	-712
1700000035710	-305	-2881	-1803	-407	-786	-1020
1700000035720	-222	-2779	-2509	-283	-706	-1198
1700000035730	-117	-2598	-3010	-117	-665	-1353
1700000035740	-13	-2459	-3361	44	-609	-1387
1700000035750	171	-2324	-3441	143	-543	-1290
1700000035760	411	-2114	-3218	271	-489	-1162
1700000035770	653	-1968	-2872	422	-390	-838
1700000035780	926	-1804	-2300	541	-286	-564
1700000035790	1235	-1687	-1567	661	-224	-245
1700000035800	1482	-1532	-716	767	-110	132
1700000035810	1789	-1396	208	834	-6	535
1700000035820	2109	-1320	1066	940	67	893
1700000035830	2388	-1214	1881	970	218	1126
1700000035840	2674	-1145	2540	973	231	1259
1700000035850	2971	-1076	3017	995	376	1331
1700000035860	3226	-1042	3213	1001	440	1323
1700000035870	3458	-1023	3237	935	506	1237
1700000035880	3633	-1055	3024	920	546	1038
1700000035890	3887	-1084	2491	784	604	742
1700000035900	3981	-1130	1824	751	615	452
1700000035910	4075	-1212	1068	683	647	56
1700000035920	4115	-1268	188	547	709	-301
1700000035930	4152	-1402	-711	414	679	-662
1700000035940	4142	-1537	-1610	291	630	-970
1700000035950	4075	-1690	-2347	154	676	-1188
1700000035960	3987	-1821	-2940	19	591	-1311
1700000035970	3839	-1944	-3271	-150	487	-1337
1700000035980	3686	-2084	-3443	-278	512	-1352
1700000035990	3505	-2242	-3359	-389	376	-1152
1700000036000	3217	-2444	-2986	-528	314	-962
1700000036010	2970	-2583	-2465	-610	273	-651
1700000036020	2718	-2744	-1764	-741	148	-324
1700000036030	2427	-2839	-889	-864	47	93
1700000036040	2123	-3003	-46	-971	-68	466
1700000036050	1803	-3148	900	-991	-155	746
1700000036060	1520	-3171	1729	-1085	-252	1085
1700000036070	1227	-3295	2393	-1141	-305	1244
1700000036080	944	-3311	2913	-1111	-398	1392
1700000036090	696	-3381	3222	-1146	-522	1404
1700000036100	432	-3399	3253	-1078	-608	1282
1700000036110	243	-3413	3055	-1037	-661	1121
1700000036120	33	-3351	2634	-969	-674	839
1700000036130	-150	-3336	2011	-863	-732	518
1700000036140	-200	-3256	1267	-840	-728	162
1700000036150	-291	-3180	394	-686	-808	-180
1700000036160	-326	-3099	-515	-583	-766	-571
1700000036170	-305	-2967	-1392	-467	-744	-893
1700000036180	-283	-2809	-2156	-353	-704	-1155
1700000036190	-194	-2665	-2792	-191	-669	-1327
1700000036200	-80	-2530	-3253	-27	-659	-1383
1700000036210	121	-2406	-3460	39	-585	-1335
1700000036220	297	-2201	-3417	239	-530	-1260
1700000036230	577	-2034	-3115	372	-453	-1012
1700000036240	777	-1926	-2639	467	-371	-697
1700000036250	1041	-1762	-1931	567	-269	-415
1700000036260	1322	-1618	-1142	732	-185	-24
1700000036270	1638	-1496	-255	794	-72	358
1700000036280	1971	-1352	643	866	7	690
1700000036290	2265	-1278	1530	954	135	992
1700000036300	2539	-1170	2232	961	243	1254
1700000036310	2829	-1093	2797	1012	293	1340
1700000036320	3126	-1042	3190	966	369	1389
1700000036330	3338	-1044	3278	952	460	1333
1700000036340	3529	-1062	3189	926	521	1159
1700000036350	3764	-1106	2775	843	586	930
1700000036360	3895	-1151	2198	776	616	628
1700000036370	4054	-1207	1450	701	653	239
1700000036380	4140	-1239	601	576	693	-152
1700000036390	4195	-1343	-278	512	663	-503
1700000036400	4138	-1431	-1110	331	679	-825
1700000036410	4145	-1604	-1974	204	676	-1085
1700000036420	4060	-1747	-2661	78	606	-1317
1700000036430	3946	-1865	-3151	-89	561	-1388
1700000036440	3771	-2015	-3387	-191	504	-1369
1700000036450	3551	-2213	-3416	-365	428	-1274
1700000036460	3350	-2404	-3194	-493	376	-1094
1700000036470	3117	-2496	-2776	-577	256	-805
1700000036480	2886	-2632	-2132	-708	191	-459
1700000036490	2566	-2761	-1318	-820	96	-121
1700000036500	2291	-2921	-491	-922	6	250
1700000036510	1928	-3006	433	-1044	-111	599
1700000036520	1707	-3085	1310	-1039	-202	902
1700000036530	1361	-3155	2043	-1098	-337	1165
1700000036540	1095	-3309	2669	-1134	-395	1327
1700000036550	817	-3398	3100	-1131	-446	1363
1700000036560	536	-3368	3263	-1134	-504	1350
1700000036570	313	-3417	3185	-1076	-572	1211
1700000036580	127	-3395	2898	-1014	-661	992
1700000036590	-65	-3363	2373	-937	-726	677
1700000036600	-186	-3301	1680	-859	-740	330
1700000036610	-272	-3208	846	-780	-765	-18
1700000036620	-346	-3144	-30	-697	-763	-400
1700000036630	-341	-2971	-943	-509	-787	-703
1700000036640	-319	-2889	-1775	-343	-711	-987
1700000036650	-225	-2783	-2489	-279	-709	-1202
1700000036660	-128	-2601	-3082	-134	-679	-1357
1700000036670	8	-2426	-3360	64	-611	-1387
1700000036680	168	-2317	-3458	184	-519	-1357
1700000036690	373	-2118	-3293	280	-474	-1121
1700000036700	650	-2039	-2919	432	-375	-896
1700000036710	911	-1848	-2329	568	-321	-563
1700000036720	1215	-1697	-1531	638	-248	-231
1700000036730	1479	-1581	-688	742	-120	146
1700000036740	1793	-1452	236	875	-36	540
1700000036750	2116	-1312	1042	919	73	829
1700000036760	2371	-1212	1872	968	167	1087
1700000036770	2695	-1186	2541	969	274	1258
1700000036780	2934	-1065	3007	963	361	1375
1700000036790	3198	-1101	3220	977	434	1372
1700000036800	3501	-1042	3228	952	521	1263
1700000036810	3658	-1048	3003	859	551	1090
1700000036820	3853	-1064	2498	814	595	771
1700000036830	3992	-1115	1869	721	632	401
1700000036840	4057	-1200	1058	650	663	79
1700000036850	4127	-1254	159	548	666	-288
1700000036860	4164	-1411	-712	452	658	-676
1700000036870	4152	-1522	-1605	274	618	-933
1700000036880	4058	-1643	-2331	176	630	-1169
1700000036890	3982	-1770	-2951	18	567	-1328
1700000036900	3837	-1955	-3316	-122	543	-1386
1700000036910	3684	-2095	-3451	-284	471	-1330
1700000036920	3508	-2289	-3330	-442	404	-1192
1700000036930	3246	-2402	-3044	-547	302	-998
1700000036940	2988	-2597	-2472	-621	254	-650
1700000036950	2693	-2706	-1744	-791	165	-272
1700000036960	2398	-2867	-942	-870	61	44
1700000036970	2106	-3019	-43	-944	-40	438
1700000036980	1811	-3084	885	-1029	-176	737
1700000036990	1523	-3200	1704	-1060	-201	1043
1700000037000	1243	-3295	2327	-1077	-329	1233
1700000037010	919	-3331	2857	-1151	-410	1309
1700000037020	698	-3374	3167	-1083	-478	1389
1700000037030	426	-3416	3247	-1086	-530	1278
1700000037040	178	-3417	3038	-1058	-631	1112
1700000037050	54	-3358	2651	-927	-704	838
1700000037060	-119	-3381	2010	-885	-720	540
1700000037070	-262	-3304	1300	-796	-753	178
1700000037080	-316	-3214	404	-700	-748	-175
1700000037090	-315	-3072	-485	-603	-807	-533
1700000037100	-323	-2979	-1347	-448	-789	-873
1700000037110	-295	-2810	-2132	-316	-788	-1182
1700000037120	-193	-2647	-2801	-196	-683	-1323
1700000037130	-83	-2499	-3242	6	-621	-1378
1700000037140	94	-2378	-3408	119	-605	-1350
1700000037150	269	-2213	-3395	247	-503	-1202
1700000037160	531	-2036	-3142	335	-460	-1020
1700000037170	787	-1908	-2612	480	-360	-736
1700000037180	1047	-1774	-1955	586	-240	-418
1700000037190	1384	-1575	-1153	716	-132	-53
1700000037200	1644	-1504	-235	815	-128	379
1700000037210	1918	-1396	662	882	83	665
1700000037220	2203	-1243	1464	880	115	983
1700000037230	2542	-1183	2213	988	208	1205
1700000037240	2821	-1162	2773	1020	256	1318
1700000037250	3126	-1045	3130	984	417	1393
1700000037260	3314	-1054	3281	984	442	1339
1700000037270	3555	-1045	3103	884	536	1134
1700000037280	3748	-1067	2742	872	573	911
1700000037290	3886	-1147	2221	768	662	591
1700000037300	4026	-1185	1470	681	664	212
1700000037310	4086	-1213	653	590	659	-99
1700000037320	4161	-1329	-244	518	654	-475
1700000037330	4174	-1483	-1133	344	714	-796
1700000037340	4149	-1584	-1952	259	607	-1062
1700000037350	4052	-1725	-2599	79	617	-1293
1700000037360	3910	-1865	-3140	-43	570	-1361
1700000037370	3778	-2029	-3394	-194	514	-1352
1700000037380	3565	-2201	-3371	-329	466	-1262
1700000037390	3358	-2332	-3213	-470	345	-1062
1700000037400	3118	-2471	-2775	-617	283	-816
1700000037410	2861	-2625	-2184	-703	187	-490
1700000037420	2576	-2841	-1370	-805	62	-134
1700000037430	2277	-2927	-493	-921	8	261
1700000037440	2002	-3080	434	-1003	-72	641
1700000037450	1653	-3159	1291	-1019	-212	926
1700000037460	1323	-3283	2021	-1109	-306	1150
1700000037470	1078	-3307	2638	-1109	-359	1321
1700000037480	808	-3391	3082	-1100	-419	1371
1700000037490	540	-3420	3254	-1084	-574	1333
1700000037500	351	-3433	3199	-1033	-600	1216
1700000037510	140	-3406	2901	-1009	-652	985
1700000037520	-42	-3366	2400	-973	-682	693
1700000037530	-166	-3286	1706	-840	-773	366
1700000037540	-264	-3216	859	-739	-775	23
1700000037550	-318	-3097	-49	-653	-749	-396
1700000037560	-333	-3007	-929	-521	-767	-692
1700000037570	-298	-2902	-1780	-407	-738	-1034
1700000037580	-256	-2778	-2470	-273	-703	-1248
1700000037590	-128	-2625	-2977	-117	-665	-1368
1700000037600	35	-2452	-3349	10	-616	-1383
1700000037610	194	-2337	-3442	169	-504	-1330
1700000037620	365	-2145	-3277	258	-495	-1196
1700000037630	641	-1994	-2941	426	-353	-869
1700000037640	951	-1877	-2341	585	-308	-567
1700000037650	1189	-1633	-1585	646	-233	-246
1700000037660	1490	-1562	-742	750	-100	161
1700000037670	1784	-1420	181	805	-18	521
1700000037680	2097	-1352	1061	925	57	837
1700000037690	2343	-1230	1847	962	188	1084
1700000037700	2670	-1151	2528	971	264	1267
1700000037710	2956	-1079	2976	1005	356	1381
1700000037720	3232	-1055	3249	960	414	1388
1700000037730	3456	-1007	3214	958	529	1234
1700000037740	3642	-1020	3004	884	558	1071
1700000037750	3814	-1075	2543	837	572	784
1700000037760	3977	-1154	1874	728	602	468
1700000037770	4088	-1200	1054	646	683	99
1700000037780	4149	-1250	192	573	649	-307
1700000037790	4202	-1399	-689	375	674	-634
1700000037800	4158	-1515	-1518	269	683	-941
1700000037810	4081	-1677	-2338	154	634	-1187
1700000037820	3970	-1736	-2891	-13	535	-1336
1700000037830	3839	-1937	-3312	-114	548	-1375
1700000037840	3684	-2106	-3460	-273	469	-1355
1700000037850	3502	-2255	-3373	-460	405	-1174
1700000037860	3247	-2439	-2988	-549	315	-938
1700000037870	3014	-2600	-2491	-673	263	-681
1700000037880	2764	-2728	-1758	-786	150	-347
1700000037890	2422	-2822	-944	-922	15	69
1700000037900	2122	-2989	-48	-985	-48	474
1700000037910	1862	-3115	817	-994	-131	751
1700000037920	1528	-3203	1668	-1061	-217	1058
1700000037930	1245	-3284	2359	-1097	-309	1241
1700000037940	964	-3320	2854	-1159	-384	1348
1700000037950	680	-3403	3210	-1058	-491	1397
1700000037960	449	-3429	3268	-1102	-561	1311
1700000037970	233	-3369	3060	-991	-629	1087
1700000037980	30	-3348	2686	-1019	-695	857
1700000037990	-119	-3307	2044	-921	-720	563
1700000038000	-199	-3253	1300	-823	-758	186
1700000038010	-309	-3170	407	-747	-774	-129
1700000038020	-305	-3053	-478	-583	-758	-586
1700000038030	-348	-2956	-1325	-487	-749	-893
1700000038040	-287	-2853	-2104	-364	-715	-1092
1700000038050	-155	-2665	-2781	-228	-704	-1300
1700000038060	-52	-2531	-3207	-53	-708	-1378
1700000038070	75	-2405	-3416	108	-584	-1354
1700000038080	317	-2246	-3423	238	-528	-1229
1700000038090	515	-2070	-3095	371	-469	-1071
1700000038100	821	-1875	-2669	512	-367	-741
1700000038110	1094	-1770	-1987	596	-261	-418
1700000038120	1311	-1631	-1163	738	-173	-75
1700000038130	1627	-1502	-284	805	-86	350
1700000038140	1913	-1355	571	857	31	671
1700000038150	2209	-1266	1450	912	126	954
1700000038160	2562	-1204	2212	987	224	1193
1700000038170	2803	-1119	2759	1008	327	1309
1700000038180	3093	-1081	3148	972	361	1387
1700000038190	3363	-1036	3229	955	455	1341
1700000038200	3558	-1006	3155	953	498	1134
1700000038210	3704	-1070	2804	805	578	973
1700000038220	3939	-1116	2240	800	657	578
1700000038230	4005	-1173	1539	707	627	257
1700000038240	4086	-1263	641	619	666	-92
1700000038250	4166	-1352	-230	454	650	-424
1700000038260	4161	-1441	-1120	339	650	-802
1700000038270	4130	-1560	-1953	238	622	-1061
1700000038280	4032	-1702	-2589	102	610	-1276
1700000038290	3952	-1873	-3121	-91	554	-1384
1700000038300	3815	-2041	-3358	-207	476	-1394
1700000038310	3584	-2175	-3463	-342	389	-1264
1700000038320	3351	-2348	-3206	-531	385	-1111
1700000038330	3121	-2442	-2798	-599	310	-814
1700000038340	2869	-2667	-2214	-747	202	-508
1700000038350	2605	-2771	-1399	-857	83	-126
1700000038360	2256	-2907	-500	-948	-36	250
1700000038370	1951	-3025	380	-1001	-86	561
1700000038380	1739	-3172	1255	-1037	-195	871
1700000038390	1396	-3294	2017	-1105	-278	1188
1700000038400	1064	-3308	2627	-1132	-395	1301
1700000038410	806	-3379	3042	-1092	-478	1345
1700000038420	554	-3423	3256	-1119	-516	1321
1700000038430	314	-3419	3168	-1093	-631	1219
1700000038440	128	-3390	2874	-939	-708	943
1700000038450	-38	-3325	2346	-988	-709	705
1700000038460	-166	-3304	1652	-813	-756	334
1700000038470	-255	-3224	854	-735	-786	-36
1700000038480	-344	-3194	10	-666	-747	-334
1700000038490	-340	-3046	-874	-473	-775	-721
1700000038500	-282	-2884	-1758	-400	-759	-1018
1700000038510	-239	-2785	-2427	-291	-743	-1206
1700000038520	-137	-2586	-2995	-113	-700	-1347
1700000038530	-3	-2448	-3305	12	-667	-1395
1700000038540	181	-2308	-3470	127	-561	-1282
1700000038550	432	-2145	-3305	330	-489	-1170
1700000038560	628	-1969	-2933	417	-400	-866
1700000038570	912	-1835	-2288	545	-304	-591
1700000038580	1165	-1709	-1629	683	-210	-252
1700000038590	1517	-1565	-736	747	-127	143
1700000038600	1760	-1435	131	810	1	478
1700000038610	2085	-1306	1058	857	62	848
1700000038620	2387	-1252	1841	948	205	1099
1700000038630	2677	-1161	2522	932	280	1267
1700000038640	2947	-1089	2936	958	327	1364
1700000038650	3189	-1096	3204	962	418	1396
1700000038660	3411	-1051	3247	968	488	1256
1700000038670	3642	-1068	2951	894	515	1071
1700000038680	3810	-1081	2552	811	602	782
1700000038690	3994	-1124	1889	791	606	500
1700000038700	4061	-1162	1097	625	664	134
1700000038710	4129	-1288	227	571	682	-298
1700000038720	4188	-1374	-690	441	713	-626
1700000038730	4161	-1526	-1547	296	685	-964
1700000038740	4084	-1622	-2317	153	637	-1169
1700000038750	4005	-1758	-2859	3	606	-1339
1700000038760	3875	-1952	-3293	-127	543	-1370
1700000038770	3685	-2122	-3443	-250	498	-1320
1700000038780	3500	-2227	-3356	-404	380	-1184
1700000038790	3274	-2425	-2995	-556	361	-997
1700000038800	2974	-2558	-2477	-648	260	-689
1700000038810	2732	-2748	-1809	-767	114	-313
1700000038820	2409	-2859	-987	-892	8	75
1700000038830	2105	-2981	-43	-914	-35	421
1700000038840	1841	-3125	811	-1058	-162	765
1700000038850	1517	-3231	1623	-1074	-240	1012
1700000038860	1196	-3306	2312	-1112	-340	1259
1700000038870	966	-3344	2865	-1123	-421	1379
1700000038880	685	-3369	3163	-1123	-494	1401
1700000038890	403	-3382	3290	-1108	-564	1304
1700000038900	232	-3356	3076	-1074	-611	1071
1700000038910	3	-3359	2647	-969	-719	853
1700000038920	-80	-3338	2058	-905	-714	532
1700000038930	-207	-3290	1305	-822	-762	201
1700000038940	-265	-3185	410	-697	-765	-180
1700000038950	-317	-3092	-437	-545	-740	-517
1700000038960	-336	-2945	-1308	-461	-750	-865
1700000038970	-258	-2854	-2083	-338	-727	-1141
1700000038980	-164	-2710	-2752	-176	-705	-1280
1700000038990	-63	-2551	-3197	-56	-668	-1386
1700000039000	124	-2404	-3392	64	-634	-1383
1700000039010	250	-2251	-3409	228	-459	-1233
1700000039020	515	-2060	-3180	369	-406	-1078
1700000039030	719	-1881	-2639	493	-334	-751
1700000039040	1044	-1797	-2005	606	-294	-419
1700000039050	1334	-1637	-1153	715	-197	-27
1700000039060	1618	-1486	-301	829	-64	284
1700000039070	1902	-1393	598	839	71	678
1700000039080	2257	-1293	1473	891	141	959
1700000039090	2553	-1133	2188	969	201	1258
1700000039100	2807	-1121	2753	984	318	1333
1700000039110	3081	-1062	3107	953	347	1422
1700000039120	3371	-1036	3295	944	438	1342
1700000039130	3563	-1052	3179	910	536	1151
1700000039140	3768	-1061	2785	856	554	957
1700000039150	3943	-1073	2251	777	652	622
1700000039160	4086	-1185	1489	674	609	277
1700000039170	4138	-1279	658	610	675	-126
1700000039180	4160	-1268	-226	498	672	-474
1700000039190	4178	-1431	-1105	384	644	-829
1700000039200	4158	-1584	-1943	252	649	-1047
1700000039210	4030	-1714	-2640	73	617	-1286
1700000039220	3959	-1885	-3116	-103	602	-1364
1700000039230	3776	-2019	-3391	-205	462	-1345
1700000039240	3587	-2144	-3445	-333	459	-1296
1700000039250	3365	-2313	-3232	-473	324	-1100
1700000039260	3125	-2458	-2825	-578	245	-852
1700000039270	2853	-2631	-2211	-717	211	-537
1700000039280	2544	-2767	-1423	-805	96	-117
1700000039290	2282	-2942	-536	-929	15	252
1700000039300	1951	-3052	375	-1013	-96	595
1700000039310	1643	-3132	1232	-1081	-159	878
1700000039320	1388	-3247	2028	-1114	-285	1121
1700000039330	1082	-3311	2636	-1101	-369	1273
1700000039340	817	-3360	3079	-1125	-436	1419
1700000039350	534	-3376	3231	-1100	-532	1357
1700000039360	344	-3386	3158	-1044	-601	1179
1700000039370	140	-3434	2918	-1020	-674	977
1700000039380	-35	-3343	2398	-897	-723	662
1700000039390	-173	-3303	1735	-880	-773	354
1700000039400	-257	-3211	885	-780	-726	-14
1700000039410	-328	-3127	28	-631	-773	-339
1700000039420	-342	-3031	-875	-538	-777	-753
1700000039430	-314	-2889	-1753	-399	-760	-981
1700000039440	-240	-2747	-2447	-237	-718	-1225
1700000039450	-118	-2640	-2974	-70	-702	-1360
1700000039460	8	-2461	-3345	45	-601	-1364
1700000039470	179	-2303	-3436	168	-533	-1333
1700000039480	371	-2187	-3268	298	-473	-1147
1700000039490	626	-1964	-2934	479	-427	-900
1700000039500	896	-1842	-2380	551	-304	-641
1700000039510	1169	-1662	-1586	661	-221	-272
1700000039520	1457	-1556	-786	747	-87	84
1700000039530	1774	-1436	135	823	-22	514
1700000039540	2083	-1342	992	915	60	814
1700000039550	2372	-1226	1816	967	145	1040
1700000039560	2651	-1158	2463	978	224	1285
1700000039570	2969	-1084	2973	1003	363	1382
1700000039580	3205	-1059	3234	937	439	1404
1700000039590	3487	-1059	3270	931	473	1294
1700000039600	3585	-1025	3020	901	529	1010
1700000039610	3839	-1043	2546	842	631	810
1700000039620	3954	-1141	1920	757	631	443
1700000039630	4080	-1184	1177	616	656	106
1700000039640	4177	-1311	250	523	644	-284
1700000039650	4112	-1392	-680	485	640	-616
1700000039660	4170	-1509	-1465	273	661	-931
1700000039670	4088	-1617	-2254	162	641	-1173
1700000039680	3977	-1801	-2864	17	610	-1331
1700000039690	3888	-1927	-3267	-100	550	-1388
1700000039700	3709	-2090	-3448	-253	493	-1329
1700000039710	3499	-2264	-3356	-395	445	-1209
1700000039720	3256	-2408	-3084	-539	324	-974
1700000039730	3026	-2558	-2542	-626	256	-711
1700000039740	2721	-2714	-1825	-769	149	-256
1700000039750	2423	-2875	-977	-865	-8	42
1700000039760	2127	-2975	-93	-934	-74	388
1700000039770	1867	-3124	786	-1055	-127	756
1700000039780	1534	-3225	1612	-1111	-251	1018
1700000039790	1259	-3265	2381	-1097	-376	1246
1700000039800	984	-3353	2844	-1095	-452	1365
1700000039810	712	-3392	3188	-1065	-510	1398
1700000039820	429	-3398	3278	-1062	-571	1286
1700000039830	213	-3396	3107	-1039	-652	1115
1700000039840	25	-3372	2678	-1008	-663	876
1700000039850	-111	-3323	2080	-886	-729	549
1700000039860	-234	-3243	1322	-795	-739	208
1700000039870	-304	-3185	465	-705	-754	-180
1700000039880	-338	-3116	-424	-618	-751	-596
1700000039890	-362	-2961	-1290	-464	-738	-840
1700000039900	-281	-2845	-2130	-314	-765	-1161
1700000039910	-213	-2660	-2732	-179	-674	-1322
1700000039920	-75	-2518	-3198	-9	-606	-1362
1700000039930	72	-2383	-3409	112	-587	-1377
1700000039940	288	-2229	-3396	229	-506	-1246
1700000039950	577	-2073	-3176	359	-431	-1042
1700000039960	753	-1932	-2678	515	-394	-728
1700000039970	1053	-1759	-2049	588	-274	-437
1700000039980	1332	-1630	-1162	702	-136	-30
1700000039990	1605	-1502	-324	785	-68	332
1700000040000	1905	-1398	578	859	35	649
1700000040010	2202	-1296	1419	928	79	953
1700000040020	2547	-1146	2200	935	261	1199
1700000040030	2823	-1118	2744	968	342	1325
1700000040040	3078	-1092	3115	1027	439	1377
1700000040050	3318	-1052	3245	936	485	1327
1700000040060	3546	-1022	3171	958	518	1150
1700000040070	3732	-1066	2822	875	577	951
1700000040080	3897	-1104	2281	780	625	654
1700000040090	4020	-1163	1500	718	662	287
1700000040100	4102	-1211	703	583	666	-94
1700000040110	4149	-1343	-142	521	667	-442
1700000040120	4142	-1478	-1151	362	620	-796
1700000040130	4145	-1606	-1925	225	613	-1023
1700000040140	4050	-1670	-2626	80	625	-1233
1700000040150	3953	-1843	-3104	-3	558	-1356
1700000040160	3766	-1992	-3421	-179	479	-1364
1700000040170	3608	-2169	-3433	-354	453	-1289
1700000040180	3399	-2306	-3193	-470	352	-1073
1700000040190	3128	-2495	-2821	-603	283	-828
1700000040200	2870	-2623	-2209	-737	208	-513
1700000040210	2584	-2762	-1442	-790	96	-182
1700000040220	2305	-2950	-544	-911	18	213
1700000040230	1979	-3045	337	-995	-86	533
1700000040240	1690	-3169	1218	-1037	-250	921
1700000040250	1376	-3241	2011	-1107	-317	1142
1700000040260	1105	-3295	2615	-1096	-376	1305
1700000040270	810	-3372	3016	-1136	-471	1360
1700000040280	560	-3401	3255	-1084	-535	1357
1700000040290	319	-3414	3195	-1088	-591	1212
1700000040300	151	-3362	2873	-1007	-658	1035
1700000040310	-35	-3312	2442	-928	-675	765
1700000040320	-141	-3336	1728	-880	-767	355
1700000040330	-276	-3252	933	-764	-764	18
1700000040340	-319	-3148	14	-627	-759	-369
1700000040350	-338	-3068	-848	-576	-808	-729
1700000040360	-313	-2956	-1703	-444	-716	-988
1700000040370	-237	-2779	-2453	-281	-749	-1227
1700000040380	-143	-2644	-3021	-91	-686	-1349
1700000040390	3	-2477	-3326	28	-638	-1404
1700000040400	194	-2348	-3427	111	-586	-1311
1700000040410	391	-2153	-3296	307	-465	-1155
1700000040420	609	-1986	-2943	418	-433	-914
1700000040430	883	-1902	-2368	548	-319	-617
1700000040440	1130	-1680	-1631	670	-187	-267
1700000040450	1486	-1580	-768	717	-58	137
1700000040460	1761	-1398	105	836	-26	480
1700000040470	2057	-1346	990	914	91	811
1700000040480	2377	-1229	1835	919	163	1004
1700000040490	2686	-1151	2456	1001	248	1268
1700000040500	2961	-1070	2961	1001	315	1376
1700000040510	3224	-1004	3199	968	431	1366
1700000040520	3435	-1066	3252	933	442	1283
1700000040530	3653	-1036	3001	923	543	1049
1700000040540	3854	-1048	2555	849	582	809
1700000040550	3979	-1085	1920	734	563	456
1700000040560	4069	-1189	1144	634	665	91
1700000040570	4146	-1292	264	596	700	-235
1700000040580	4150	-1388	-653	418	681	-622
1700000040590	4190	-1520	-1496	293	659	-921
1700000040600	4029	-1637	-2237	147	588	-1166
1700000040610	4026	-1794	-2852	-1	614	-1302
1700000040620	3860	-1909	-3288	-152	487	-1372
1700000040630	3716	-2077	-3475	-246	463	-1341
1700000040640	3495	-2228	-3352	-381	365	-1190
1700000040650	3227	-2414	-3037	-514	350	-965
1700000040660	3033	-2572	-2518	-630	240	-664
1700000040670	2731	-2744	-1846	-776	171	-343
1700000040680	2446	-2869	-1009	-871	71	64
1700000040690	2142	-2949	-117	-934	-38	401
1700000040700	1841	-3086	788	-1029	-156	762
1700000040710	1562	-3195	1591	-1054	-222	1031
1700000040720	1245	-3286	2303	-1143	-344	1250
1700000040730	978	-3346	2837	-1139	-388	1359
1700000040740	649	-3396	3162	-1093	-498	1380
1700000040750	475	-3374	3242	-1051	-560	1310
1700000040760	216	-3408	3087	-1076	-644	1140
1700000040770	26	-3421	2683	-978	-687	882
1700000040780	-111	-3330	2090	-912	-729	569
1700000040790	-227	-3301	1383	-856	-734	225
1700000040800	-272	-3190	498	-715	-772	-139
1700000040810	-304	-3058	-428	-582	-778	-546
1700000040820	-314	-2957	-1288	-491	-780	-847
1700000040830	-279	-2863	-2062	-354	-710	-1141
1700000040840	-220	-2700	-2735	-199	-680	-1270
1700000040850	-40	-2591	-3196	-70	-665	-1376
1700000040860	82	-2422	-3400	133	-599	-1349
1700000040870	269	-2275	-3416	229	-543	-1245
1700000040880	485	-2125	-3161	363	-432	-1040
1700000040890	711	-1957	-2706	519	-351	-769
1700000040900	1062	-1785	-2015	552	-306	-462
1700000040910	1321	-1608	-1221	697	-152	-81
1700000040920	1628	-1524	-337	800	-102	265
1700000040930	1897	-1378	579	847	6	642
1700000040940	2217	-1294	1358	916	107	916
1700000040950	2528	-1175	2166	960	229	1160
1700000040960	2812	-1124	2745	996	321	1359
1700000040970	3045	-1080	3118	983	366	1389
1700000040980	3301	-1038	3238	969	480	1369
1700000040990	3549	-1035	3180	954	498	1198
1700000041000	3766	-1052	2827	849	574	935
1700000041010	3900	-1093	2275	796	666	630
1700000041020	4024	-1181	1566	739	647	294
1700000041030	4095	-1236	715	618	681	-99
1700000041040	4112	-1318	-185	474	650	-446
1700000041050	4188	-1474	-1072	340	657	-752
1700000041060	4155	-1581	-1877	247	643	-1071
1700000041070	4046	-1702	-2552	110	621	-1286
1700000041080	3962	-1840	-3076	-107	563	-1365
1700000041090	3764	-2007	-3398	-231	541	-1369
1700000041100	3610	-2149	-3434	-337	437	-1300
1700000041110	3410	-2326	-3270	-443	382	-1079
1700000041120	3084	-2489	-2805	-576	266	-809
1700000041130	2911	-2628	-2223	-698	172	-533
1700000041140	2579	-2779	-1432	-849	106	-175
1700000041150	2316	-2929	-551	-939	1	197
1700000041160	2002	-3016	337	-1006	-141	568
1700000041170	1731	-3139	1241	-1014	-187	871
1700000041180	1423	-3271	1958	-1057	-278	1113
1700000041190	1107	-3312	2569	-1137	-378	1274
1700000041200	842	-3373	3062	-1153	-471	1391
1700000041210	600	-3403	3233	-1121	-552	1319
1700000041220	311	-3380	3192	-1098	-598	1229
1700000041230	126	-3402	2849	-1045	-646	996
1700000041240	-5	-3357	2445	-994	-705	731
1700000041250	-163	-3276	1804	-877	-727	415
1700000041260	-254	-3245	952	-805	-760	27
1700000041270	-345	-3178	36	-606	-736	-323
1700000041280	-312	-3048	-809	-542	-760	-740
1700000041290	-302	-2879	-1700	-378	-746	-995
1700000041300	-247	-2789	-2364	-282	-681	-1193
1700000041310	-161	-2650	-2990	-89	-664	-1354
1700000041320	12	-2482	-3364	-39	-624	-1381
1700000041330	199	-2302	-3428	171	-533	-1328
1700000041340	390	-2160	-3342	295	-476	-1155
1700000041350	606	-2023	-2957	449	-403	-938
1700000041360	894	-1867	-2363	549	-303	-588
1700000041370	1155	-1682	-1686	626	-216	-255
1700000041380	1443	-1559	-805	713	-152	96
1700000041390	1778	-1424	101	865	-32	518
1700000041400	2042	-1323	984	887	69	802
1700000041410	2375	-1218	1807	953	202	1068
1700000041420	2648	-1164	2474	962	252	1265
1700000041430	2910	-1101	2963	1003	360	1361
1700000041440	3194	-1067	3184	932	414	1393
1700000041450	3488	-1052	3244	948	461	1294
1700000041460	3645	-1054	3027	888	558	1080
1700000041470	3817	-1066	2569	812	607	833
1700000041480	3976	-1144	1966	765	648	484
1700000041490	4099	-1197	1151	650	662	121
1700000041500	4130	-1293	272	539	667	-261
1700000041510	4151	-1387	-623	442	674	-632
1700000041520	4167	-1535	-1478	322	671	-905
1700000041530	4129	-1608	-2225	172	683	-1172
1700000041540	3997	-1796	-2880	37	584	-1333
1700000041550	3916	-1896	-3248	-117	550	-1381
1700000041560	3668	-2072	-3456	-255	527	-1344
1700000041570	3499	-2221	-3427	-404	429	-1203
1700000041580	3271	-2414	-3045	-512	388	-974
1700000041590	3046	-2516	-2538	-665	266	-690
1700000041600	2755	-2726	-1880	-764	154	-370
1700000041610	2489	-2805	-1074	-862	45	54
1700000041620	2119	-3002	-153	-956	-68	409
1700000041630	1905	-3082	757	-993	-148	747
1700000041640	1548	-3180	1593	-1083	-219	1038
1700000041650	1269	-3241	2295	-1112	-359	1218
1700000041660	944	-3335	2811	-1114	-450	1361
1700000041670	755	-3365	3154	-1144	-495	1411
1700000041680	467	-3410	3242	-1089	-577	1344
1700000041690	245	-3390	3103	-1029	-642	1134
1700000041700	61	-3373	2741	-972	-655	860
1700000041710	-130	-3299	2100	-920	-704	581
1700000041720	-200	-3298	1367	-859	-764	245
1700000041730	-278	-3173	506	-710	-784	-151
1700000041740	-362	-3097	-359	-622	-770	-550
1700000041750	-349	-2988	-1239	-467	-718	-831
1700000041760	-292	-2871	-2041	-351	-767	-1053
1700000041770	-207	-2696	-2707	-181	-701	-1269
1700000041780	-106	-2548	-3175	-90	-674	-1396
1700000041790	79	-2437	-3408	73	-611	-1352
1700000041800	240	-2268	-3399	202	-544	-1264
1700000041810	470	-2129	-3200	339	-475	-1030
1700000041820	729	-1942	-2703	490	-362	-788
1700000041830	1032	-1786	-2065	572	-236	-396
1700000041840	1291	-1655	-1256	707	-213	-43
1700000041850	1576	-1474	-375	795	-100	265
1700000041860	1935	-1419	534	886	15	627
1700000041870	2204	-1279	1371	938	113	964
1700000041880	2493	-1159	2149	976	195	1173
1700000041890	2772	-1100	2698	989	316	1315
1700000041900	3069	-1084	3086	983	380	1399
1700000041910	3309	-1081	3307	963	466	1364
1700000041920	3511	-1008	3161	944	507	1177
1700000041930	3727	-1082	2851	885	558	983
1700000041940	3938	-1104	2310	782	584	634
1700000041950	3993	-1154	1554	721	622	301
1700000041960	4145	-1226	731	588	654	-47
1700000041970	4148	-1348	-123	466	657	-436
1700000041980	4149	-1476	-1022	357	624	-741
1700000041990	4120	-1550	-1887	235	615	-1058
1700000042000	4049	-1700	-2558	89	606	-1233
1700000042010	3926	-1875	-3039	-57	563	-1372
1700000042020	3798	-2014	-3394	-192	508	-1362
1700000042030	3625	-2151	-3445	-335	474	-1270
1700000042040	3366	-2278	-3242	-528	423	-1149
1700000042050	3139	-2494	-2817	-582	279	-881
1700000042060	2897	-2640	-2227	-689	215	-505
1700000042070	2608	-2773	-1477	-779	52	-178
1700000042080	2288	-2943	-624	-930	31	203
1700000042090	2000	-3011	299	-945	-114	533
1700000042100	1701	-3136	1148	-1035	-176	865
1700000042110	1410	-3240	1956	-1073	-241	1141
1700000042120	1122	-3276	2541	-1078	-400	1340
1700000042130	826	-3377	2997	-1139	-427	1423
1700000042140	584	-3408	3247	-1084	-534	1347
1700000042150	325	-3415	3209	-1055	-605	1215
1700000042160	126	-3444	2928	-1029	-657	1001
1700000042170	-25	-3377	2453	-937	-729	748
1700000042180	-209	-3305	1770	-887	-744	422
1700000042190	-265	-3226	913	-791	-734	-22
1700000042200	-317	-3179	105	-690	-798	-382
1700000042210	-315	-3012	-776	-534	-725	-672
1700000042220	-338	-2903	-1683	-404	-757	-977
1700000042230	-233	-2796	-2397	-249	-724	-1209
1700000042240	-138	-2645	-2957	-141	-661	-1330
1700000042250	18	-2470	-3330	15	-638	-1359
1700000042260	171	-2306	-3450	164	-582	-1304
1700000042270	410	-2212	-3313	269	-468	-1164
1700000042280	602	-1989	-2977	440	-396	-917
1700000042290	861	-1852	-2393	540	-325	-645
1700000042300	1171	-1708	-1681	658	-224	-309
1700000042310	1465	-1569	-850	758	-98	133
1700000042320	1744	-1439	99	794	-32	466
1700000042330	2073	-1326	988	904	63	828
1700000042340	2373	-1221	1791	932	177	1064
1700000042350	2636	-1165	2452	961	191	1220
1700000042360	2947	-1091	2915	954	329	1345
1700000042370	3176	-1057	3214	979	382	1363
1700000042380	3418	-1019	3220	953	499	1271
1700000042390	3643	-1088	3035	970	569	1108
1700000042400	3830	-1083	2546	861	595	783
1700000042410	3966	-1170	1940	786	627	455
1700000042420	4104	-1176	1184	652	649	166
1700000042430	4119	-1268	284	569	669	-251
1700000042440	4154	-1364	-604	415	668	-576
1700000042450	4148	-1550	-1512	321	653	-960
1700000042460	4061	-1601	-2218	192	635	-1192
1700000042470	4005	-1778	-2852	24	595	-1308
1700000042480	3925	-1957	-3223	-134	586	-1368
1700000042490	3711	-2098	-3386	-261	493	-1333
1700000042500	3492	-2264	-3403	-401	388	-1209
1700000042510	3307	-2385	-3074	-523	318	-972
1700000042520	3045	-2544	-2621	-667	276	-705
1700000042530	2712	-2724	-1865	-759	133	-353
1700000042540	2451	-2840	-1061	-857	72	-9
1700000042550	2195	-2976	-189	-918	-77	373
1700000042560	1863	-3072	687	-1044	-145	716
1700000042570	1522	-3186	1550	-1056	-252	999
1700000042580	1258	-3249	2265	-1103	-344	1208
1700000042590	993	-3337	2864	-1101	-436	1343
1700000042600	721	-3375	3173	-1087	-477	1385
1700000042610	499	-3376	3259	-1091	-549	1305
1700000042620	233	-3381	3116	-1079	-603	1144
1700000042630	78	-3320	2703	-1003	-685	885
1700000042640	-99	-3329	2137	-946	-711	573
1700000042650	-235	-3256	1378	-778	-703	177
1700000042660	-300	-3211	553	-745	-784	-168
1700000042670	-296	-3109	-373	-586	-778	-485
1700000042680	-341	-3003	-1257	-463	-776	-881
1700000042690	-291	-2849	-2052	-351	-725	-1114
1700000042700	-169	-2727	-2723	-193	-730	-1272
1700000042710	-67	-2576	-3127	-32	-663	-1357
1700000042720	44	-2423	-3465	69	-581	-1352
1700000042730	253	-2213	-3418	228	-539	-1252
1700000042740	468	-2064	-3164	350	-435	-1085
1700000042750	763	-1906	-2692	483	-434	-779
1700000042760	993	-1784	-2093	549	-287	-476
1700000042770	1298	-1681	-1261	661	-196	-77
1700000042780	1566	-1494	-389	811	-39	310
1700000042790	1909	-1376	475	813	-7	638
1700000042800	2227	-1270	1330	888	120	907
1700000042810	2500	-1217	2119	909	223	1199
1700000042820	2755	-1115	2703	1009	285	1312
1700000042830	3068	-1062	3105	956	392	1395
1700000042840	3330	-1056	3264	973	489	1306
1700000042850	3529	-1025	3171	954	509	1206
1700000042860	3728	-1072	2844	822	590	996
1700000042870	3900	-1089	2304	805	600	666
1700000042880	3997	-1124	1626	759	658	273
1700000042890	4087	-1209	761	641	687	-69
1700000042900	4165	-1321	-147	473	631	-393
1700000042910	4153	-1407	-1051	385	715	-729
1700000042920	4088	-1624	-1806	234	618	-1006
1700000042930	4034	-1713	-2542	80	588	-1268
1700000042940	3912	-1848	-3059	-25	534	-1364
1700000042950	3816	-2004	-3339	-219	491	-1339
1700000042960	3549	-2143	-3431	-322	429	-1304
1700000042970	3412	-2328	-3282	-443	395	-1101
1700000042980	3147	-2498	-2868	-583	303	-837
1700000042990	2905	-2635	-2224	-692	189	-574
1700000043000	2607	-2742	-1494	-829	119	-159
1700000043010	2304	-2922	-628	-914	-12	151
1700000043020	2046	-3022	266	-987	-116	504
1700000043030	1737	-3134	1164	-1042	-242	875
1700000043040	1432	-3253	1927	-1118	-279	1093
1700000043050	1139	-3325	2581	-1070	-328	1263
1700000043060	875	-3378	3000	-1125	-440	1345
1700000043070	591	-3431	3225	-1081	-537	1324
1700000043080	346	-3416	3164	-1041	-620	1264
1700000043090	151	-3408	2960	-1056	-692	1025
1700000043100	3	-3373	2465	-927	-683	763
1700000043110	-187	-3287	1787	-868	-715	433
1700000043120	-280	-3250	1007	-771	-786	59
1700000043130	-291	-3144	97	-633	-744	-338
1700000043140	-328	-3056	-777	-499	-801	-657
1700000043150	-309	-2940	-1646	-430	-744	-961
1700000043160	-230	-2781	-2397	-297	-719	-1213
1700000043170	-136	-2654	-2948	-99	-711	-1331
1700000043180	-5	-2486	-3345	-24	-619	-1379
1700000043190	189	-2354	-3432	130	-579	-1360
1700000043200	375	-2181	-3307	291	-521	-1154
1700000043210	604	-2057	-2973	418	-384	-941
1700000043220	882	-1866	-2446	554	-328	-589
1700000043230	1168	-1678	-1691	621	-227	-297
1700000043240	1423	-1600	-786	710	-150	116
1700000043250	1751	-1439	62	819	-44	445
1700000043260	2032	-1351	968	871	40	783
1700000043270	2356	-1243	1782	930	137	1058
1700000043280	2593	-1124	2401	946	249	1249
1700000043290	2914	-1110	2958	932	345	1346
1700000043300	3139	-1061	3197	978	457	1322
1700000043310	3411	-1080	3244	954	493	1273
1700000043320	3601	-1079	3015	835	522	1071
1700000043330	3762	-1068	2610	821	620	841
1700000043340	3975	-1082	1942	793	614	496
1700000043350	4071	-1168	1197	664	648	145
1700000043360	4159	-1274	321	522	660	-268
1700000043370	4154	-1374	-562	422	696	-593
1700000043380	4137	-1509	-1447	277	656	-908
1700000043390	4072	-1626	-2211	133	619	-1186
1700000043400	4014	-1766	-2857	50	647	-1273
1700000043410	3896	-1942	-3180	-114	548	-1396
1700000043420	3736	-2075	-3464	-211	504	-1321
1700000043430	3523	-2234	-3410	-362	416	-1202
1700000043440	3314	-2389	-3079	-507	365	-1024
1700000043450	3077	-2545	-2591	-631	240	-667
1700000043460	2756	-2705	-1865	-762	157	-357
1700000043470	2446	-2831	-1049	-821	93	-3
1700000043480	2192	-2969	-213	-942	-85	426
1700000043490	1911	-3097	731	-1009	-117	717
1700000043500	1596	-3197	1556	-1063	-258	1002
1700000043510	1275	-3251	2233	-1120	-355	1212
1700000043520	970	-3350	2816	-1161	-434	1368
1700000043530	715	-3360	3113	-1105	-523	1389
1700000043540	464	-3388	3254	-1091	-544	1310
1700000043550	275	-3386	3087	-1024	-615	1142
1700000043560	43	-3388	2739	-999	-674	861
1700000043570	-83	-3352	2173	-926	-747	576
1700000043580	-180	-3309	1397	-836	-754	220
1700000043590	-295	-3208	551	-752	-762	-148
1700000043600	-328	-3088	-367	-595	-773	-512
1700000043610	-309	-2993	-1189	-472	-753	-831
1700000043620	-286	-2836	-2023	-327	-732	-1123
1700000043630	-212	-2715	-2633	-191	-670	-1240
1700000043640	-90	-2561	-3155	-65	-659	-1361
1700000043650	56	-2425	-3401	78	-574	-1377
1700000043660	285	-2256	-3410	222	-565	-1258
1700000043670	529	-2111	-3179	388	-459	-1044
1700000043680	704	-1942	-2705	467	-391	-744
1700000043690	998	-1755	-2069	624	-250	-484
1700000043700	1280	-1623	-1236	673	-181	-95
1700000043710	1580	-1483	-412	739	-120	278
1700000043720	1901	-1406	476	893	33	610
1700000043730	2208	-1282	1353	926	92	899
1700000043740	2505	-1176	2120	939	188	1107
1700000043750	2767	-1131	2665	983	287	1307
1700000043760	3051	-1096	3082	994	368	1372
1700000043770	3301	-1053	3260	947	439	1308
1700000043780	3550	-1016	3174	930	499	1184
1700000043790	3740	-1116	2875	851	565	928
1700000043800	3872	-1114	2322	824	630	666
1700000043810	3994	-1160	1645	680	640	332
1700000043820	4081	-1256	796	633	683	-39
1700000043830	4171	-1317	-87	496	686	-396
1700000043840	4145	-1423	-1035	387	637	-779
1700000043850	4151	-1546	-1853	283	696	-1065
1700000043860	4076	-1697	-2542	123	595	-1239
1700000043870	3976	-1844	-3035	-30	564	-1372
1700000043880	3763	-2017	-3413	-166	546	-1353
1700000043890	3629	-2135	-3418	-345	425	-1280
1700000043900	3384	-2306	-3267	-448	420	-1109
1700000043910	3151	-2474	-2873	-552	318	-883
1700000043920	2910	-2627	-2278	-709	207	-580
1700000043930	2575	-2770	-1445	-821	96	-206
1700000043940	2308	-2899	-689	-931	26	193
1700000043950	2057	-3003	267	-976	-105	516
1700000043960	1687	-3172	1126	-1027	-221	864
1700000043970	1414	-3267	1911	-1118	-280	1133
1700000043980	1128	-3307	2569	-1119	-346	1298
1700000043990	841	-3370	3029	-1146	-458	1376
1700000044000	576	-3410	3259	-1128	-516	1326
1700000044010	321	-3421	3214	-1042	-573	1246
1700000044020	167	-3380	2955	-1039	-637	1012
1700000044030	-25	-3383	2524	-949	-722	728
1700000044040	-136	-3299	1798	-868	-733	398
1700000044050	-246	-3187	964	-781	-745	3
1700000044060	-318	-3100	110	-652	-746	-295
1700000044070	-316	-3011	-782	-517	-776	-679
1700000044080	-268	-2903	-1623	-427	-708	-995
1700000044090	-250	-2808	-2354	-255	-689	-1224
1700000044100	-145	-2628	-2927	-123	-652	-1351
1700000044110	-17	-2472	-3316	-18	-658	-1377
1700000044120	152	-2344	-3451	118	-553	-1348
1700000044130	382	-2142	-3325	264	-479	-1176
1700000044140	605	-2001	-3022	434	-427	-904
1700000044150	860	-1852	-2379	559	-321	-647
1700000044160	1134	-1659	-1702	623	-239	-280
1700000044170	1472	-1586	-878	722	-127	126
1700000044180	1723	-1458	22	791	-25	458
1700000044190	2029	-1392	930	909	60	795
1700000044200	2320	-1254	1668	907	133	1037
1700000044210	2607	-1153	2413	1002	245	1266
1700000044220	2903	-1118	2934	1032	329	1360
1700000044230	3186	-1068	3194	976	375	1389
1700000044240	3381	-1029	3226	957	450	1296
1700000044250	3618	-1024	3026	919	542	1110
1700000044260	3792	-1052	2617	819	596	844
1700000044270	3915	-1137	1999	760	629	447
1700000044280	4064	-1173	1175	637	648	119
1700000044290	4143	-1258	327	546	668	-270
1700000044300	4151	-1382	-584	428	673	-604
1700000044310	4133	-1477	-1399	310	598	-851
1700000044320	4073	-1602	-2251	183	656	-1118
1700000044330	4019	-1771	-2815	32	561	-1297
1700000044340	3864	-1882	-3230	-99	511	-1378
1700000044350	3688	-2091	-3415	-251	495	-1348
1700000044360	3487	-2224	-3417	-393	418	-1240
1700000044370	3304	-2420	-3109	-546	313	-987
1700000044380	3055	-2576	-2637	-650	243	-710
1700000044390	2767	-2689	-1896	-777	181	-366
1700000044400	2477	-2843	-1134	-856	54	0
1700000044410	2183	-3000	-201	-944	-68	366
1700000044420	1877	-3078	653	-1015	-107	732
1700000044430	1598	-3172	1572	-1050	-201	1004
1700000044440	1245	-3238	2271	-1135	-338	1234
1700000044450	1056	-3322	2774	-1133	-423	1352
1700000044460	745	-3403	3179	-1096	-470	1319
1700000044470	484	-3364	3224	-1103	-548	1288
1700000044480	235	-3384	3117	-1027	-639	1138
1700000044490	78	-3365	2711	-1013	-671	887
1700000044500	-98	-3357	2166	-931	-751	601
1700000044510	-242	-3286	1411	-858	-759	247
1700000044520	-273	-3164	609	-761	-732	-169
1700000044530	-367	-3126	-315	-601	-797	-456
1700000044540	-347	-2953	-1215	-478	-770	-806
1700000044550	-298	-2818	-2012	-348	-771	-1096
1700000044560	-194	-2693	-2662	-175	-711	-1284
1700000044570	-127	-2588	-3156	-105	-655	-1381
1700000044580	108	-2419	-3435	65	-592	-1358
1700000044590	251	-2259	-3418	219	-536	-1254
1700000044600	436	-2101	-3203	364	-451	-1052
1700000044610	705	-1926	-2763	488	-352	-778
1700000044620	1001	-1788	-2099	564	-295	-461
1700000044630	1294	-1645	-1291	665	-133	-128
1700000044640	1548	-1506	-493	773	-86	264
1700000044650	1835	-1379	452	837	8	623
1700000044660	2211	-1276	1317	872	102	931
1700000044670	2497	-1179	2113	906	212	1173
1700000044680	2757	-1109	2683	1003	311	1337
1700000044690	3071	-1060	3122	998	393	1373
1700000044700	3311	-1018	3261	977	435	1350
1700000044710	3499	-1047	3172	926	520	1214
1700000044720	3742	-1071	2850	904	574	947
1700000044730	3883	-1099	2348	801	595	698
1700000044740	4017	-1143	1628	738	673	345
1700000044750	4124	-1206	795	617	659	0
1700000044760	4137	-1306	-95	481	637	-418
1700000044770	4166	-1448	-1023	346	658	-748
1700000044780	4145	-1548	-1793	235	602	-1044
1700000044790	4047	-1684	-2531	113	649	-1278
1700000044800	3917	-1859	-3033	-56	570	-1347
1700000044810	3829	-2026	-3376	-169	521	-1370
1700000044820	3595	-2152	-3459	-327	453	-1290
1700000044830	3373	-2295	-3224	-445	420	-1100
1700000044840	3172	-2412	-2852	-597	274	-880
1700000044850	2915	-2652	-2297	-716	244	-534
1700000044860	2673	-2769	-1511	-808	65	-197
1700000044870	2335	-2916	-678	-902	-6	195
1700000044880	2043	-3027	233	-1009	-61	496
1700000044890	1712	-3119	1131	-1011	-197	854
1700000044900	1418	-3214	1906	-1096	-297	1102
1700000044910	1160	-3298	2575	-1101	-360	1293
1700000044920	826	-3329	2999	-1169	-443	1382
1700000044930	616	-3376	3242	-1122	-517	1358
1700000044940	361	-3400	3221	-1044	-599	1245
1700000044950	164	-3404	2984	-1035	-675	1028
1700000044960	-36	-3331	2493	-939	-693	747
1700000044970	-166	-3298	1853	-853	-710	422
1700000044980	-259	-3227	1033	-768	-756	45
1700000044990	-312	-3142	146	-679	-766	-339
1700000045000	-340	-3052	-777	-550	-763	-668
1700000045010	-312	-2943	-1596	-433	-757	-961
1700000045020	-261	-2789	-2411	-294	-705	-1198
1700000045030	-130	-2677	-2928	-169	-703	-1327
1700000045040	-21	-2519	-3320	-66	-618	-1354
1700000045050	174	-2300	-3427	119	-535	-1348
1700000045060	340	-2167	-3343	314	-492	-1208
1700000045070	600	-2010	-2980	420	-410	-938
1700000045080	871	-1847	-2467	531	-329	-671
1700000045090	1171	-1757	-1731	618	-229	-273
1700000045100	1410	-1569	-891	747	-139	74
1700000045110	1700	-1430	-1	866	7	466
1700000045120	2012	-1362	873	908	59	787
1700000045130	2346	-1246	1692	983	154	1084
1700000045140	2600	-1179	2380	946	250	1227
1700000045150	2918	-1085	2918	938	294	1380
1700000045160	3139	-1095	3185	993	420	1391
1700000045170	3422	-1069	3240	973	470	1300
1700000045180	3656	-1037	3052	909	535	1117
1700000045190	3803	-1060	2609	881	588	842
1700000045200	3969	-1139	2011	763	615	546
1700000045210	4048	-1192	1245	681	632	129
1700000045220	4128	-1257	350	571	648	-169
1700000045230	4161	-1367	-549	456	665	-560
1700000045240	4163	-1532	-1413	295	690	-911
1700000045250	4126	-1637	-2155	167	663	-1130
1700000045260	3991	-1766	-2789	9	609	-1320
1700000045270	3900	-1894	-3244	-98	551	-1396
1700000045280	3725	-2077	-3452	-276	484	-1355
1700000045290	3501	-2201	-3431	-383	420	-1221
1700000045300	3300	-2379	-3118	-525	367	-1005
1700000045310	3041	-2531	-2593	-651	259	-737
1700000045320	2780	-2720	-1914	-787	153	-370
1700000045330	2475	-2851	-1129	-861	81	-48
1700000045340	2217	-2961	-209	-954	-21	327
1700000045350	1868	-3074	703	-1040	-131	679
1700000045360	1594	-3183	1503	-1057	-246	1030
1700000045370	1265	-3281	2271	-1088	-319	1212
1700000045380	997	-3359	2767	-1098	-394	1337
1700000045390	708	-3387	3143	-1104	-485	1382
1700000045400	495	-3395	3285	-1104	-605	1350
1700000045410	249	-3371	3107	-1031	-617	1177
1700000045420	68	-3375	2765	-1012	-685	873
1700000045430	-79	-3328	2208	-883	-731	604
1700000045440	-235	-3278	1462	-841	-733	269
1700000045450	-264	-3195	581	-768	-768	-99
1700000045460	-327	-3137	-297	-597	-750	-506
1700000045470	-326	-2981	-1205	-496	-774	-788
1700000045480	-305	-2829	-1979	-334	-723	-1063
1700000045490	-176	-2710	-2689	-177	-701	-1284
1700000045500	-115	-2577	-3129	-79	-620	-1364
1700000045510	78	-2438	-3426	20	-598	-1362
1700000045520	278	-2229	-3425	226	-528	-1237
1700000045530	470	-2088	-3215	349	-463	-1060
1700000045540	722	-1939	-2754	486	-327	-790
1700000045550	966	-1772	-2104	586	-287	-470
1700000045560	1299	-1639	-1339	664	-205	-106
1700000045570	1584	-1532	-464	789	-55	251
1700000045580	1864	-1387	420	845	31	611
1700000045590	2154	-1291	1300	925	121	901
1700000045600	2498	-1195	2102	954	181	1180
1700000045610	2799	-1092	2676	992	271	1273
1700000045620	3058	-1070	3049	1004	377	1414
1700000045630	3291	-1066	3234	988	410	1360
1700000045640	3542	-1009	3163	934	495	1205
1700000045650	3715	-1056	2877	877	573	922
1700000045660	3841	-1104	2358	806	595	683
1700000045670	4014	-1132	1641	733	609	385
1700000045680	4111	-1287	844	614	680	-59
1700000045690	4162	-1351	-12	502	641	-404
1700000045700	4168	-1424	-961	361	676	-752
1700000045710	4121	-1563	-1779	196	654	-979
1700000045720	4079	-1689	-2511	112	600	-1223
1700000045730	3950	-1851	-2989	-23	580	-1356
1700000045740	3769	-1970	-3362	-189	561	-1360
1700000045750	3635	-2205	-3433	-324	425	-1365
1700000045760	3406	-2324	-3275	-465	395	-1084
1700000045770	3151	-2482	-2887	-567	325	-877
1700000045780	2915	-2637	-2283	-712	200	-555
1700000045790	2605	-2781	-1520	-816	106	-213
1700000045800	2352	-2904	-691	-927	13	188
1700000045810	2033	-3044	262	-1010	-48	512
1700000045820	1758	-3130	1139	-1012	-157	860
1700000045830	1414	-3251	1888	-1088	-271	1110
1700000045840	1090	-3310	2517	-1133	-360	1246
1700000045850	875	-3349	2981	-1104	-465	1374
1700000045860	645	-3437	3221	-1103	-491	1381
1700000045870	388	-3419	3238	-1063	-554	1245
1700000045880	172	-3426	2991	-968	-637	1034
1700000045890	-31	-3377	2511	-973	-723	735
1700000045900	-152	-3310	1875	-893	-779	450
1700000045910	-266	-3273	1031	-781	-703	34
1700000045920	-312	-3126	151	-669	-777	-299
1700000045930	-375	-3035	-757	-591	-729	-635
1700000045940	-330	-2958	-1594	-395	-745	-960
1700000045950	-266	-2795	-2318	-317	-731	-1184
1700000045960	-175	-2630	-2903	-136	-697	-1341
1700000045970	-19	-2481	-3313	19	-634	-1392
1700000045980	171	-2335	-3398	135	-562	-1330
1700000045990	366	-2178	-3344	308	-529	-1180
1700000046000	626	-2037	-3078	393	-422	-947
1700000046010	809	-1896	-2467	557	-355	-645
1700000046020	1107	-1715	-1771	619	-255	-270
1700000046030	1425	-1589	-940	735	-139	70
1700000046040	1731	-1410	-7	818	-34	413
1700000046050	1988	-1317	913	896	80	752
1700000046060	2322	-1240	1713	928	155	1030
1700000046070	2622	-1206	2405	945	249	1262
1700000046080	2899	-1080	2915	993	335	1346
1700000046090	3220	-1042	3175	991	409	1329
1700000046100	3396	-1050	3267	959	492	1277
1700000046110	3599	-1027	3044	931	524	1128
1700000046120	3826	-1069	2633	872	619	869
1700000046130	3985	-1093	2056	787	672	512
1700000046140	4057	-1199	1235	652	692	162
1700000046150	4147	-1248	375	577	660	-200
1700000046160	4158	-1384	-501	423	705	-597
1700000046170	4151	-1477	-1374	310	662	-865
1700000046180	4068	-1632	-2164	220	659	-1159
1700000046190	4061	-1731	-2813	31	596	-1295
1700000046200	3868	-1875	-3212	-100	568	-1344
1700000046210	3745	-2068	-3422	-211	446	-1367
1700000046220	3523	-2271	-3440	-389	414	-1239
1700000046230	3307	-2408	-3138	-498	337	-1005
1700000046240	3051	-2543	-2583	-664	249	-752
1700000046250	2790	-2703	-1931	-751	137	-358
1700000046260	2485	-2820	-1147	-884	64	-67
1700000046270	2179	-2927	-229	-919	-1	357
1700000046280	1876	-3135	643	-996	-113	692
1700000046290	1590	-3205	1491	-1087	-208	941
1700000046300	1283	-3264	2280	-1107	-349	1222
1700000046310	991	-3334	2779	-1131	-416	1315
1700000046320	700	-3370	3149	-1100	-473	1330
1700000046330	523	-3381	3259	-1071	-585	1276
1700000046340	266	-3419	3136	-1031	-628	1150
1700000046350	90	-3354	2793	-996	-659	919
1700000046360	-72	-3338	2216	-902	-770	581
1700000046370	-217	-3265	1469	-841	-726	215
1700000046380	-333	-3226	630	-774	-751	-141
1700000046390	-315	-3112	-255	-613	-746	-498
1700000046400	-348	-3022	-1186	-529	-750	-807
1700000046410	-310	-2869	-1963	-335	-768	-1079
1700000046420	-227	-2725	-2650	-168	-698	-1290
1700000046430	-148	-2591	-3193	-68	-659	-1389
1700000046440	69	-2418	-3398	77	-641	-1371
1700000046450	284	-2232	-3414	227	-556	-1286
1700000046460	420	-2112	-3203	386	-451	-1054
1700000046470	694	-1936	-2752	484	-346	-820
1700000046480	978	-1792	-2099	572	-268	-466
1700000046490	1269	-1608	-1354	679	-192	-90
1700000046500	1543	-1498	-472	800	-93	267
1700000046510	1866	-1393	426	843	14	634
1700000046520	2123	-1286	1298	906	85	908
1700000046530	2468	-1171	2036	941	220	1180
1700000046540	2767	-1118	2710	969	277	1323
1700000046550	3034	-1098	3099	988	383	1391
1700000046560	3296	-1055	3233	956	448	1357
1700000046570	3500	-1029	3191	932	512	1244
1700000046580	3696	-1038	2835	870	563	973
1700000046590	3880	-1061	2364	774	607	689
1700000046600	3989	-1143	1664	706	685	345
1700000046610	4086	-1217	843	558	650	-27
1700000046620	4174	-1320	-42	518	641	-409
1700000046630	4173	-1426	-945	387	695	-695
1700000046640	4123	-1567	-1783	229	627	-1029
1700000046650	4073	-1664	-2496	90	596	-1251
1700000046660	3937	-1847	-3020	-23	567	-1329
1700000046670	3802	-1961	-3368	-168	496	-1383
1700000046680	3595	-2168	-3447	-295	484	-1300
1700000046690	3394	-2320	-3301	-425	355	-1102
1700000046700	3183	-2456	-2884	-587	288	-970
1700000046710	2928	-2596	-2278	-694	255	-544
1700000046720	2643	-2766	-1586	-802	53	-200
1700000046730	2348	-2881	-694	-880	6	194
1700000046740	2057	-3016	160	-1006	-96	524
1700000046750	1730	-3112	1034	-1051	-169	871
1700000046760	1433	-3230	1840	-1081	-290	1105
1700000046770	1082	-3297	2536	-1146	-290	1288
1700000046780	867	-3381	3033	-1095	-401	1358
1700000046790	593	-3402	3202	-1099	-544	1354
1700000046800	372	-3394	3241	-1054	-605	1213
1700000046810	179	-3407	2976	-1027	-672	1028
1700000046820	5	-3375	2489	-932	-724	718
1700000046830	-169	-3334	1843	-914	-739	424
1700000046840	-259	-3241	1044	-770	-768	121
1700000046850	-290	-3153	191	-668	-793	-282
1700000046860	-380	-3038	-726	-568	-787	-697
1700000046870	-279	-2936	-1567	-437	-722	-922
1700000046880	-262	-2782	-2277	-269	-755	-1204
1700000046890	-161	-2669	-2878	-119	-645	-1352
1700000046900	18	-2488	-3305	7	-660	-1380
1700000046910	143	-2338	-3426	118	-593	-1338
1700000046920	361	-2172	-3355	275	-486	-1198
1700000046930	580	-2060	-3034	386	-379	-909
1700000046940	823	-1838	-2463	521	-355	-654
1700000046950	1100	-1707	-1767	642	-231	-301
1700000046960	1433	-1606	-939	710	-173	88
1700000046970	1723	-1480	-34	808	-21	409
1700000046980	2014	-1300	847	813	60	753
1700000046990	2331	-1227	1644	914	126	1055
1700000047000	2635	-1134	2358	954	225	1213
1700000047010	2920	-1116	2909	1007	309	1361
1700000047020	3155	-1112	3187	986	412	1405
1700000047030	3418	-1014	3229	932	487	1306
1700000047040	3596	-1037	3059	914	549	1092
1700000047050	3822	-1078	2647	866	573	862
1700000047060	3957	-1173	2063	768	656	531
1700000047070	4043	-1150	1253	683	661	135
1700000047080	4164	-1252	382	550	671	-195
1700000047090	4146	-1377	-484	451	666	-576
1700000047100	4175	-1508	-1371	318	611	-907
1700000047110	4076	-1607	-2138	180	614	-1145
1700000047120	4007	-1742	-2780	3	596	-1268
1700000047130	3893	-1915	-3204	-97	546	-1358
1700000047140	3729	-2039	-3427	-230	453	-1376
1700000047150	3518	-2167	-3394	-353	394	-1217
1700000047160	3290	-2388	-3109	-487	323	-1013
1700000047170	3081	-2577	-2666	-620	231	-749
1700000047180	2789	-2700	-1976	-777	171	-399
1700000047190	2512	-2854	-1166	-904	52	-49
1700000047200	2180	-2953	-288	-958	-8	348
1700000047210	1901	-3087	657	-1001	-133	671
1700000047220	1607	-3213	1503	-1081	-217	964
1700000047230	1275	-3285	2202	-1100	-306	1219
1700000047240	998	-3309	2770	-1139	-409	1339
1700000047250	705	-3378	3128	-1152	-458	1382
1700000047260	493	-3406	3236	-1071	-551	1325
1700000047270	297	-3403	3150	-1006	-604	1139
1700000047280	97	-3381	2819	-998	-686	947
1700000047290	-108	-3324	2244	-901	-747	608
1700000047300	-206	-3262	1509	-813	-799	298
1700000047310	-310	-3204	629	-727	-766	-111
1700000047320	-313	-3098	-238	-618	-822	-451
1700000047330	-349	-2998	-1160	-484	-773	-809
1700000047340	-289	-2894	-1968	-374	-717	-1074
1700000047350	-214	-2681	-2586	-245	-672	-1280
1700000047360	-106	-2587	-3179	-71	-648	-1356
1700000047370	43	-2446	-3396	58	-592	-1407
1700000047380	196	-2275	-3395	212	-507	-1246
1700000047390	483	-2090	-3228	341	-435	-1063
1700000047400	640	-1950	-2734	461	-376	-844
1700000047410	962	-1803	-2123	614	-263	-469
1700000047420	1252	-1684	-1357	682	-196	-152
1700000047430	1536	-1520	-473	819	-54	227
1700000047440	1857	-1392	383	845	0	605
1700000047450	2169	-1300	1270	929	68	938
1700000047460	2452	-1195	2004	983	222	1181
1700000047470	2766	-1132	2632	955	292	1362
1700000047480	3079	-1095	3088	986	351	1416
1700000047490	3285	-1049	3240	1021	429	1340
1700000047500	3458	-1040	3217	914	536	1219
1700000047510	3707	-1036	2911	868	558	982
1700000047520	3877	-1055	2360	804	613	708
1700000047530	3995	-1145	1703	726	657	335
1700000047540	4140	-1217	896	610	676	0
1700000047550	4151	-1318	-3	525	673	-388
1700000047560	4144	-1471	-936	401	660	-722
1700000047570	4139	-1528	-1761	284	641	-1019
1700000047580	4108	-1693	-2492	109	609	-1256
1700000047590	3984	-1837	-3033	-54	563	-1385
1700000047600	3803	-1976	-3333	-132	500	-1377
1700000047610	3638	-2176	-3424	-311	491	-1340
1700000047620	3406	-2323	-3298	-461	370	-1165
1700000047630	3160	-2436	-2922	-597	327	-868
1700000047640	2928	-2628	-2313	-679	222	-529
1700000047650	2668	-2780	-1560	-785	122	-230
1700000047660	2332	-2893	-733	-877	-11	176
1700000047670	2025	-3027	168	-962	-70	520
1700000047680	1738	-3130	1046	-1051	-174	844
1700000047690	1428	-3239	1875	-1076	-291	1140
1700000047700	1148	-3347	2526	-1134	-360	1294
1700000047710	901	-3380	2976	-1116	-417	1379
1700000047720	611	-3380	3241	-1131	-496	1384
1700000047730	373	-3396	3262	-1067	-604	1270
1700000047740	161	-3422	3032	-1013	-640	1011
1700000047750	-13	-3406	2544	-994	-669	815
1700000047760	-129	-3320	1850	-858	-686	441
1700000047770	-281	-3250	1085	-801	-722	81
1700000047780	-276	-3175	194	-662	-742	-281
1700000047790	-365	-3071	-715	-536	-772	-629
1700000047800	-316	-2921	-1576	-411	-756	-894
1700000047810	-279	-2797	-2345	-285	-706	-1205
1700000047820	-158	-2657	-2923	-139	-686	-1366
1700000047830	-55	-2510	-3307	-28	-680	-1391
1700000047840	135	-2363	-3504	139	-571	-1340
1700000047850	380	-2195	-3364	271	-508	-1187
1700000047860	612	-2029	-3022	379	-432	-952
1700000047870	864	-1901	-2462	524	-322	-667
1700000047880	1098	-1717	-1796	598	-231	-293
1700000047890	1422	-1555	-923	755	-170	69
1700000047900	1726	-1442	-19	829	-59	432
1700000047910	1987	-1323	832	895	66	738
1700000047920	2310	-1218	1657	926	168	1019
1700000047930	2601	-1216	2393	974	237	1208
1700000047940	2833	-1111	2905	962	331	1387
1700000047950	3185	-1044	3179	1001	416	1375
1700000047960	3390	-1047	3226	967	482	1243
1700000047970	3595	-1077	3086	909	583	1106
1700000047980	3831	-1082	2668	862	613	841
1700000047990	3945	-1122	2072	764	602	541
1700000048000	4079	-1198	1311	699	621	184
1700000048010	4140	-1289	443	578	700	-186
1700000048020	4201	-1350	-493	446	694	-541
1700000048030	4165	-1475	-1363	333	683	-906
1700000048040	4131	-1571	-2141	217	606	-1108
1700000048050	4050	-1740	-2776	34	599	-1287
1700000048060	3894	-1885	-3222	-93	542	-1380
1700000048070	3780	-2084	-3426	-237	485	-1385
1700000048080	3566	-2201	-3410	-378	417	-1245
1700000048090	3342	-2392	-3106	-508	334	-1018
1700000048100	3029	-2529	-2639	-681	243	-748
1700000048110	2786	-2678	-2019	-749	164	-433
1700000048120	2515	-2813	-1145	-836	68	-47
1700000048130	2222	-2969	-275	-939	-37	346
1700000048140	1908	-3085	583	-1017	-122	681
1700000048150	1621	-3205	1465	-1057	-203	982
1700000048160	1290	-3245	2215	-1120	-337	1171
1700000048170	976	-3350	2775	-1099	-406	1385
1700000048180	744	-3406	3132	-1150	-469	1372
1700000048190	503	-3389	3286	-1096	-591	1336
1700000048200	266	-3384	3134	-1059	-617	1139
1700000048210	102	-3448	2783	-979	-685	896
1700000048220	-37	-3355	2232	-892	-696	622
1700000048230	-198	-3279	1488	-826	-782	283
1700000048240	-293	-3191	667	-751	-762	-67
1700000048250	-335	-3131	-248	-624	-744	-426
1700000048260	-358	-3008	-1133	-470	-764	-795
1700000048270	-274	-2871	-1944	-349	-729	-1106
1700000048280	-196	-2743	-2591	-254	-710	-1263
1700000048290	-126	-2568	-3093	-79	-629	-1386
1700000048300	54	-2409	-3414	44	-617	-1387
1700000048310	251	-2254	-3448	188	-522	-1212
1700000048320	434	-2100	-3241	311	-481	-1084
1700000048330	674	-1937	-2825	455	-342	-832
1700000048340	970	-1776	-2128	567	-278	-519
1700000048350	1278	-1673	-1372	671	-192	-156
1700000048360	1558	-1536	-522	740	-74	214
1700000048370	1806	-1406	372	811	25	592
1700000048380	2136	-1273	1212	905	115	893
1700000048390	2472	-1227	2015	952	181	1131
1700000048400	2739	-1123	2673	946	274	1306
1700000048410	3007	-1090	3059	971	369	1345
1700000048420	3242	-1021	3245	958	451	1337
1700000048430	3450	-992	3173	953	458	1233
1700000048440	3695	-1043	2922	882	560	985
1700000048450	3823	-1115	2370	809	609	754
1700000048460	3940	-1182	1717	711	604	389
1700000048470	4097	-1208	873	666	660	16
1700000048480	4162	-1338	-11	554	694	-387
1700000048490	4135	-1429	-911	400	673	-686
1700000048500	4125	-1536	-1729	274	663	-991
1700000048510	4111	-1675	-2472	85	600	-1240
1700000048520	3970	-1865	-3010	-28	574	-1330
1700000048530	3861	-1972	-3332	-171	570	-1379
1700000048540	3652	-2151	-3451	-305	452	-1323
1700000048550	3420	-2293	-3301	-456	392	-1126
1700000048560	3173	-2460	-2895	-554	292	-887
1700000048570	2951	-2604	-2335	-695	214	-576
1700000048580	2635	-2771	-1602	-784	145	-286
1700000048590	2361	-2901	-767	-888	35	137
1700000048600	2045	-2948	85	-984	-69	511
1700000048610	1766	-3094	1055	-1045	-119	785
1700000048620	1441	-3227	1818	-1099	-276	1096
1700000048630	1146	-3299	2504	-1091	-346	1256
1700000048640	867	-3389	2970	-1144	-429	1346
1700000048650	634	-3404	3177	-1119	-491	1388
1700000048660	381	-3377	3273	-1107	-623	1251
1700000048670	203	-3377	2972	-1005	-668	1091
1700000048680	22	-3387	2508	-964	-687	749
1700000048690	-139	-3283	1886	-920	-745	454
1700000048700	-278	-3278	1067	-825	-773	99
1700000048710	-305	-3140	227	-673	-749	-286
1700000048720	-354	-3097	-641	-544	-760	-640
1700000048730	-304	-2962	-1543	-439	-734	-933
1700000048740	-263	-2831	-2294	-287	-700	-1182
1700000048750	-182	-2629	-2891	-173	-664	-1346
1700000048760	-27	-2543	-3255	-37	-654	-1383
1700000048770	149	-2349	-3442	126	-587	-1365
1700000048780	351	-2194	-3369	276	-526	-1231
1700000048790	579	-2034	-3027	403	-406	-993
1700000048800	811	-1898	-2486	507	-332	-662
1700000048810	1105	-1686	-1796	641	-225	-304
1700000048820	1439	-1575	-963	698	-85	71
1700000048830	1709	-1446	-75	816	-69	399
1700000048840	2035	-1372	793	889	30	763
1700000048850	2286	-1265	1647	922	131	1002
1700000048860	2604	-1140	2369	988	233	1185
1700000048870	2843	-1100	2880	1008	343	1306
1700000048880	3162	-1057	3220	990	379	1398
1700000048890	3389	-1039	3245	946	476	1314
1700000048900	3579	-1088	3023	933	522	1121
1700000048910	3808	-1060	2662	842	610	843
1700000048920	3946	-1126	2097	776	626	491
1700000048930	4034	-1212	1313	679	644	196
1700000048940	4130	-1221	426	541	664	-189
1700000048950	4158	-1333	-465	486	676	-556
1700000048960	4137	-1455	-1351	258	677	-844
1700000048970	4100	-1632	-2105	204	593	-1131
1700000048980	4023	-1701	-2757	69	576	-1248
1700000048990	3911	-1907	-3190	-80	533	-1364
1700000049000	3723	-2085	-3396	-231	505	-1362
1700000049010	3540	-2237	-3378	-398	433	-1249
1700000049020	3327	-2340	-3179	-478	345	-1023
1700000049030	3090	-2535	-2674	-685	275	-742
1700000049040	2784	-2678	-2008	-782	165	-433
1700000049050	2506	-2802	-1170	-876	77	-22
1700000049060	2236	-2950	-314	-908	-24	309
1700000049070	1932	-3042	590	-1010	-103	668
1700000049080	1609	-3163	1459	-1001	-224	991
1700000049090	1361	-3222	2187	-1096	-337	1175
1700000049100	1063	-3329	2750	-1106	-366	1354
1700000049110	779	-3400	3168	-1117	-493	1364
1700000049120	512	-3407	3247	-1100	-548	1283
1700000049130	280	-3415	3140	-1055	-637	1140
1700000049140	84	-3381	2798	-988	-682	920
1700000049150	-82	-3352	2240	-947	-708	583
1700000049160	-240	-3297	1531	-815	-755	264
1700000049170	-296	-3191	661	-751	-735	-92
1700000049180	-325	-3094	-195	-608	-792	-484
1700000049190	-320	-3036	-1102	-513	-764	-794
1700000049200	-295	-2852	-1977	-356	-740	-1031
1700000049210	-237	-2745	-2609	-229	-746	-1251
1700000049220	-120	-2587	-3065	-90	-679	-1351
1700000049230	-6	-2426	-3395	40	-606	-1370
1700000049240	225	-2290	-3445	219	-521	-1287
1700000049250	498	-2106	-3219	351	-474	-1084
1700000049260	687	-1987	-2795	469	-415	-796
1700000049270	968	-1831	-2211	531	-272	-498
1700000049280	1236	-1674	-1392	702	-183	-151
1700000049290	1545	-1526	-548	754	-139	275
1700000049300	1843	-1369	377	840	-29	582
1700000049310	2155	-1305	1214	922	83	903
1700000049320	2442	-1213	1999	953	157	1105
1700000049330	2796	-1131	2623	1015	247	1299
1700000049340	2993	-1033	3055	1010	351	1404
1700000049350	3264	-1042	3232	981	486	1347
1700000049360	3539	-1029	3217	922	537	1231
1700000049370	3700	-1059	2900	858	552	1024
1700000049380	3861	-1101	2418	815	609	714
1700000049390	3985	-1126	1720	719	630	385
1700000049400	4059	-1253	906	636	682	11
1700000049410	4159	-1313	20	507	691	-364
1700000049420	4165	-1402	-868	347	649	-718
1700000049430	4109	-1522	-1717	238	649	-977
1700000049440	4071	-1696	-2449	121	608	-1243
1700000049450	3969	-1841	-2990	-41	579	-1346
1700000049460	3832	-1980	-3379	-155	536	-1343
1700000049470	3644	-2138	-3423	-279	401	-1315
1700000049480	3453	-2318	-3299	-476	407	-1119
1700000049490	3235	-2467	-2926	-571	264	-861
1700000049500	2941	-2595	-2350	-735	222	-577
1700000049510	2673	-2764	-1612	-786	147	-248
1700000049520	2353	-2923	-803	-922	-31	150
1700000049530	2075	-3011	138	-961	-28	471
1700000049540	1746	-3135	981	-1046	-188	807
1700000049550	1477	-3193	1826	-1084	-243	1066
1700000049560	1196	-3299	2457	-1118	-341	1305
1700000049570	911	-3331	3001	-1074	-395	1335
1700000049580	624	-3393	3228	-1092	-518	1376
1700000049590	370	-3395	3238	-1114	-600	1256
1700000049600	169	-3393	3019	-1013	-676	1058
1700000049610	7	-3365	2560	-1003	-696	781
1700000049620	-124	-3310	1920	-908	-764	442
1700000049630	-211	-3252	1116	-829	-743	125
1700000049640	-323	-3136	295	-702	-790	-228
1700000049650	-369	-3052	-657	-604	-744	-610
1700000049660	-306	-2915	-1489	-403	-752	-936
1700000049670	-262	-2791	-2271	-270	-729	-1192
1700000049680	-149	-2659	-2895	-190	-675	-1317
1700000049690	-4	-2486	-3264	-28	-622	-1365
1700000049700	122	-2344	-3416	110	-570	-1293
1700000049710	302	-2200	-3399	281	-456	-1195
1700000049720	564	-2041	-3055	411	-474	-959
1700000049730	807	-1945	-2495	522	-339	-681
1700000049740	1126	-1725	-1796	615	-240	-329
1700000049750	1426	-1587	-995	758	-153	27
1700000049760	1705	-1457	-123	789	-53	442
1700000049770	1992	-1323	788	918	41	696
1700000049780	2266	-1290	1614	938	179	1030
1700000049790	2605	-1188	2293	974	234	1195
1700000049800	2885	-1106	2843	981	366	1331
1700000049810	3185	-1064	3168	960	413	1376
1700000049820	3366	-1038	3248	935	448	1277
1700000049830	3606	-1040	3090	953	544	1094
1700000049840	3780	-1068	2651	845	581	864
1700000049850	3943	-1146	2089	759	650	551
1700000049860	4008	-1176	1292	678	660	201
1700000049870	4144	-1257	491	577	681	-154
1700000049880	4167	-1409	-420	443	666	-526
1700000049890	4154	-1475	-1329	317	623	-849
1700000049900	4110	-1654	-2110	162	644	-1102
1700000049910	4023	-1738	-2739	87	620	-1300
1700000049920	3903	-1888	-3215	-115	561	-1346
1700000049930	3728	-2050	-3421	-234	489	-1350
1700000049940	3564	-2172	-3426	-363	428	-1286
1700000049950	3373	-2333	-3182	-484	327	-1020
1700000049960	3054	-2522	-2646	-637	232	-729
1700000049970	2831	-2679	-2042	-763	140	-439
1700000049980	2519	-2851	-1226	-820	73	-57
1700000049990	2206	-2928	-337	-887	-48	359
1700000050000	1893	-3083	550	-978	-123	624
1700000050010	1644	-3121	1455	-1079	-200	988
1700000050020	1292	-3291	2137	-1106	-334	1210
1700000050030	1046	-3325	2724	-1116	-415	1353
1700000050040	790	-3364	3108	-1127	-462	1382
1700000050050	490	-3416	3254	-1124	-528	1332
1700000050060	242	-3383	3103	-1047	-608	1201
1700000050070	88	-3401	2818	-1010	-671	913
1700000050080	-87	-3335	2240	-911	-723	656
1700000050090	-201	-3279	1544	-829	-756	296
1700000050100	-308	-3240	691	-763	-753	-84
1700000050110	-317	-3128	-183	-630	-773	-437
1700000050120	-330	-2988	-1086	-523	-762	-789
1700000050130	-295	-2893	-1943	-363	-751	-1072
1700000050140	-199	-2735	-2590	-228	-733	-1241
1700000050150	-95	-2603	-3084	-108	-680	-1381
1700000050160	19	-2449	-3369	57	-608	-1351
1700000050170	217	-2270	-3410	190	-533	-1285
1700000050180	443	-2097	-3221	339	-448	-1118
1700000050190	690	-1925	-2845	504	-387	-822
1700000050200	959	-1803	-2168	561	-267	-530
1700000050210	1242	-1657	-1440	691	-226	-121
1700000050220	1561	-1524	-553	771	-104	240
1700000050230	1824	-1412	336	864	-15	576
1700000050240	2161	-1292	1221	951	99	886
1700000050250	2436	-1209	1960	948	221	1122
1700000050260	2723	-1167	2567	974	272	1286
1700000050270	2967	-1098	3039	1005	385	1399
1700000050280	3244	-1040	3250	952	452	1347
1700000050290	3476	-1026	3211	938	482	1194
1700000050300	3742	-1054	2923	875	539	1007
1700000050310	3878	-1080	2396	792	598	728
1700000050320	4009	-1177	1711	724	633	345
1700000050330	4102	-1189	895	648	682	-11
1700000050340	4145	-1305	46	472	668	-350
1700000050350	4133	-1403	-818	430	667	-700
1700000050360	4160	-1552	-1690	244	602	-1049
1700000050370	4098	-1683	-2422	131	585	-1242
1700000050380	3983	-1792	-3014	0	615	-1347
1700000050390	3787	-1976	-3286	-152	521	-1363
1700000050400	3646	-2125	-3447	-273	446	-1304
1700000050410	3411	-2293	-3345	-443	363	-1130
1700000050420	3192	-2419	-2962	-573	258	-928
1700000050430	2923	-2598	-2383	-644	193	-567
1700000050440	2688	-2737	-1667	-805	160	-240
1700000050450	2384	-2928	-795	-893	19	132
1700000050460	2095	-3005	91	-970	-75	495
1700000050470	1759	-3118	995	-1026	-166	773
1700000050480	1475	-3236	1809	-1119	-297	1117
1700000050490	1154	-3303	2462	-1096	-350	1274
1700000050500	871	-3363	2958	-1119	-438	1379
1700000050510	604	-3376	3247	-1101	-535	1391
1700000050520	381	-3422	3227	-1099	-575	1237
1700000050530	188	-3394	3004	-1051	-656	1042
1700000050540	13	-3404	2595	-971	-692	819
1700000050550	-134	-3317	1895	-899	-713	453
1700000050560	-256	-3256	1103	-799	-736	109
1700000050570	-338	-3135	270	-644	-743	-250
1700000050580	-360	-3056	-608	-553	-753	-635
1700000050590	-318	-2965	-1530	-435	-760	-915
1700000050600	-255	-2778	-2277	-308	-736	-1163
1700000050610	-236	-2642	-2852	-129	-696	-1316
1700000050620	-29	-2497	-3255	-28	-623	-1388
1700000050630	140	-2358	-3462	143	-612	-1338
1700000050640	380	-2209	-3377	274	-473	-1222
1700000050650	588	-2018	-3093	358	-408	-975
1700000050660	808	-1851	-2532	507	-325	-697
1700000050670	1067	-1771	-1866	590	-282	-343
1700000050680	1407	-1519	-1020	755	-146	-10
1700000050690	1693	-1501	-123	773	-69	398
1700000050700	2017	-1390	823	866	39	714
1700000050710	2260	-1274	1640	939	127	968
1700000050720	2595	-1201	2323	959	251	1230
1700000050730	2870	-1101	2847	915	315	1367
1700000050740	3144	-1042	3150	955	430	1360
1700000050750	3367	-1044	3259	948	464	1307
1700000050760	3549	-1029	3070	927	534	1111
1700000050770	3799	-1063	2727	851	561	857
1700000050780	3941	-1122	2125	769	593	546
1700000050790	4030	-1171	1334	657	611	195
1700000050800	4109	-1276	491	605	704	-168
1700000050810	4194	-1373	-399	448	668	-531
1700000050820	4143	-1503	-1269	364	637	-858
1700000050830	4111	-1583	-2049	166	663	-1149
1700000050840	4022	-1757	-2755	70	593	-1301
1700000050850	3898	-1894	-3198	-80	592	-1379
1700000050860	3731	-2017	-3424	-278	512	-1337
1700000050870	3529	-2181	-3411	-360	448	-1249
1700000050880	3339	-2355	-3154	-507	340	-998
1700000050890	3069	-2530	-2678	-636	239	-789
1700000050900	2838	-2690	-2028	-730	158	-429
1700000050910	2516	-2807	-1223	-848	54	-38
1700000050920	2257	-2950	-322	-937	-42	295
1700000050930	1921	-3056	595	-1035	-144	681
1700000050940	1620	-3158	1407	-1042	-225	936
1700000050950	1324	-3269	2126	-1047	-328	1146
1700000050960	1029	-3313	2767	-1098	-371	1350
1700000050970	725	-3344	3100	-1154	-512	1380
1700000050980	493	-3405	3274	-1112	-519	1354
1700000050990	294	-3384	3175	-996	-593	1187
1700000051000	112	-3401	2826	-1016	-649	967
1700000051010	-103	-3379	2333	-910	-696	628
1700000051020	-190	-3256	1550	-824	-776	291
1700000051030	-261	-3227	675	-764	-784	-68
1700000051040	-326	-3139	-194	-621	-772	-414
1700000051050	-313	-2996	-1067	-512	-743	-773
1700000051060	-309	-2848	-1899	-330	-724	-1054
1700000051070	-252	-2740	-2554	-259	-687	-1272
1700000051080	-64	-2608	-3111	-77	-656	-1364
1700000051090	24	-2417	-3414	63	-570	-1383
1700000051100	220	-2264	-3444	167	-519	-1322
1700000051110	432	-2110	-3261	291	-486	-1080
1700000051120	712	-1956	-2832	442	-391	-832
1700000051130	967	-1818	-2228	589	-318	-544
1700000051140	1193	-1663	-1434	661	-193	-183
1700000051150	1559	-1545	-598	767	-99	214
1700000051160	1830	-1402	308	822	-16	583
1700000051170	2141	-1320	1200	924	86	873
1700000051180	2428	-1228	1990	958	225	1145
1700000051190	2755	-1145	2599	973	278	1302
1700000051200	3015	-1088	3039	981	361	1368
1700000051210	3227	-1060	3247	987	421	1334
1700000051220	3507	-1061	3208	896	478	1212
1700000051230	3704	-1056	2919	899	585	1034
1700000051240	3922	-1107	2468	860	624	760
1700000051250	4003	-1113	1843	701	647	420
1700000051260	4089	-1187	918	627	661	15
1700000051270	4166	-1303	15	505	639	-381
1700000051280	4156	-1434	-848	399	643	-705
1700000051290	4130	-1518	-1681	226	651	-969
1700000051300	4118	-1667	-2399	80	634	-1183
1700000051310	3944	-1849	-3010	-52	588	-1334
1700000051320	3839	-1990	-3349	-139	499	-1368
1700000051330	3670	-2128	-3438	-304	460	-1338
1700000051340	3462	-2243	-3299	-430	381	-1201
1700000051350	3219	-2421	-2983	-536	341	-931
1700000051360	2969	-2618	-2405	-698	218	-598
1700000051370	2675	-2756	-1640	-813	117	-237
1700000051380	2400	-2874	-852	-841	35	115
1700000051390	2104	-2980	74	-974	-38	476
1700000051400	1800	-3131	991	-1020	-179	799
1700000051410	1480	-3231	1800	-1056	-225	1035
1700000051420	1185	-3292	2450	-1093	-356	1246
1700000051430	934	-3324	2956	-1093	-442	1375
1700000051440	664	-3399	3236	-1134	-527	1368
1700000051450	347	-3380	3215	-1112	-597	1283
1700000051460	161	-3414	3020	-1031	-607	1090
1700000051470	15	-3363	2576	-966	-703	811
1700000051480	-81	-3308	1943	-880	-733	461
1700000051490	-245	-3296	1154	-734	-787	123
1700000051500	-286	-3153	273	-706	-756	-284
1700000051510	-322	-3022	-602	-563	-748	-634
1700000051520	-323	-2981	-1486	-431	-704	-923
1700000051530	-215	-2817	-2234	-324	-738	-1201
1700000051540	-158	-2681	-2827	-136	-696	-1329
1700000051550	-18	-2529	-3287	-29	-663	-1371
1700000051560	136	-2347	-3427	127	-555	-1351
1700000051570	329	-2197	-3385	269	-528	-1171
1700000051580	582	-2035	-3086	411	-410	-1011
1700000051590	763	-1904	-2561	511	-353	-679
1700000051600	1083	-1753	-1850	625	-266	-345
1700000051610	1387	-1571	-970	721	-99	59
1700000051620	1665	-1483	-139	868	-69	412
1700000051630	2028	-1322	771	910	54	738
1700000051640	2277	-1241	1563	962	156	1038
1700000051650	2548	-1179	2295	982	211	1243
1700000051660	2900	-1132	2855	1029	331	1349
1700000051670	3092	-1088	3148	957	415	1374
1700000051680	3361	-1037	3232	980	474	1335
1700000051690	3575	-1045	3115	886	549	1131
1700000051700	3770	-1023	2719	847	560	894
1700000051710	3933	-1130	2139	762	605	556
1700000051720	4050	-1186	1408	677	684	264
1700000051730	4163	-1269	526	594	715	-170
1700000051740	4152	-1358	-371	443	682	-486
1700000051750	4155	-1443	-1287	307	625	-862
1700000051760	4093	-1614	-2091	207	671	-1100
1700000051770	4038	-1743	-2693	24	612	-1267
1700000051780	3891	-1907	-3185	-73	547	-1354
1700000051790	3735	-2047	-3397	-234	508	-1364
1700000051800	3537	-2196	-3446	-377	460	-1237
1700000051810	3363	-2416	-3179	-518	350	-1077
1700000051820	3102	-2503	-2689	-631	274	-736
1700000051830	2773	-2632	-2025	-754	143	-447
1700000051840	2512	-2821	-1280	-829	98	-53
1700000051850	2237	-2931	-375	-947	13	284
1700000051860	1924	-3110	527	-1010	-82	642
1700000051870	1602	-3155	1395	-1072	-203	940
1700000051880	1330	-3308	2155	-1071	-356	1182
1700000051890	1027	-3352	2726	-1113	-393	1338
1700000051900	809	-3385	3091	-1135	-450	1347
1700000051910	512	-3392	3318	-1111	-510	1304
1700000051920	252	-3395	3159	-1052	-622	1176
1700000051930	88	-3420	2867	-1012	-689	937
1700000051940	-36	-3327	2339	-917	-732	664
1700000051950	-187	-3301	1619	-807	-756	315
1700000051960	-279	-3220	769	-727	-729	-76
1700000051970	-355	-3113	-137	-619	-789	-403
1700000051980	-374	-2982	-1042	-514	-726	-778
1700000051990	-308	-2891	-1853	-372	-752	-1016
1700000052000	-263	-2717	-2614	-217	-683	-1254
1700000052010	-130	-2590	-3094	-60	-646	-1346
1700000052020	43	-2461	-3387	39	-621	-1376
1700000052030	193	-2266	-3423	183	-524	-1302
1700000052040	430	-2128	-3300	305	-472	-1158
1700000052050	684	-1984	-2845	479	-389	-866
1700000052060	944	-1846	-2190	559	-286	-519
1700000052070	1251	-1660	-1480	695	-199	-157
1700000052080	1542	-1523	-627	783	-118	162
1700000052090	1827	-1376	281	868	22	559
1700000052100	2121	-1309	1171	886	81	893
1700000052110	2414	-1210	1984	936	191	1154
1700000052120	2726	-1111	2618	991	256	1277
1700000052130	3003	-1094	2982	1004	356	1357
1700000052140	3219	-1021	3224	953	409	1332
1700000052150	3490	-1021	3213	927	539	1250
1700000052160	3690	-1042	2932	851	482	981
1700000052170	3884	-1067	2469	846	598	736
1700000052180	3981	-1134	1755	736	631	409
1700000052190	4089	-1211	946	628	654	48
1700000052200	4168	-1325	40	494	682	-343
1700000052210	4192	-1428	-830	392	664	-655
1700000052220	4128	-1516	-1702	264	630	-992
1700000052230	4045	-1666	-2413	151	597	-1171
1700000052240	3992	-1816	-2941	-24	597	-1341
1700000052250	3829	-1918	-3293	-166	474	-1373
1700000052260	3652	-2129	-3448	-299	502	-1343
1700000052270	3457	-2259	-3333	-430	365	-1179
1700000052280	3195	-2437	-2966	-573	324	-936
1700000052290	2943	-2609	-2434	-657	194	-607
1700000052300	2666	-2717	-1710	-781	183	-290
1700000052310	2422	-2890	-826	-872	46	83
1700000052320	2083	-3009	53	-974	-69	423
1700000052330	1794	-3128	947	-1038	-118	802
1700000052340	1479	-3256	1758	-1073	-272	1100
1700000052350	1158	-3309	2454	-1144	-362	1266
1700000052360	893	-3345	2917	-1109	-444	1343
1700000052370	627	-3434	3253	-1151	-513	1369
1700000052380	397	-3389	3227	-1106	-603	1293
1700000052390	179	-3384	3052	-1046	-631	1073
1700000052400	5	-3347	2611	-958	-691	846
1700000052410	-144	-3311	1951	-858	-719	469
1700000052420	-241	-3253	1156	-783	-794	119
1700000052430	-324	-3165	302	-687	-738	-243
1700000052440	-325	-3037	-614	-579	-765	-604
1700000052450	-338	-2910	-1431	-460	-770	-905
1700000052460	-262	-2830	-2234	-301	-738	-1160
1700000052470	-134	-2642	-2820	-104	-725	-1322
1700000052480	-61	-2510	-3243	-25	-615	-1357
1700000052490	69	-2348	-3440	144	-615	-1353
1700000052500	314	-2184	-3387	256	-517	-1172
1700000052510	528	-2056	-3093	377	-456	-964
1700000052520	805	-1893	-2545	498	-348	-693
1700000052530	1079	-1750	-1863	597	-238	-347
1700000052540	1361	-1607	-1030	690	-128	13
1700000052550	1681	-1438	-188	847	-63	384
1700000052560	1962	-1382	767	900	17	714
1700000052570	2239	-1267	1530	931	130	966
1700000052580	2606	-1184	2298	952	237	1238
1700000052590	2869	-1120	2867	1008	328	1369
1700000052600	3137	-1056	3127	984	392	1385
1700000052610	3394	-1050	3301	929	437	1311
1700000052620	3597	-1023	3096	915	545	1083
1700000052630	3774	-1101	2730	844	591	880
1700000052640	3906	-1111	2122	810	630	581
1700000052650	4032	-1189	1407	690	666	239
1700000052660	4125	-1236	553	573	697	-177
1700000052670	4140	-1331	-365	464	690	-499
1700000052680	4131	-1458	-1253	324	641	-864
1700000052690	4134	-1593	-2017	211	606	-1110
1700000052700	4052	-1744	-2709	62	589	-1263
1700000052710	3936	-1849	-3180	-86	581	-1363
1700000052720	3751	-2021	-3446	-216	516	-1349
1700000052730	3555	-2226	-3421	-370	397	-1288
1700000052740	3342	-2343	-3183	-502	337	-1063
1700000052750	3084	-2559	-2760	-586	278	-728
1700000052760	2802	-2676	-2060	-723	188	-445
1700000052770	2533	-2799	-1275	-868	101	-64
1700000052780	2257	-2968	-388	-944	-47	291
1700000052790	1918	-3077	519	-971	-119	675
1700000052800	1641	-3183	1374	-1046	-207	948
1700000052810	1329	-3268	2107	-1067	-317	1195
1700000052820	1048	-3323	2662	-1122	-387	1361
1700000052830	790	-3352	3080	-1130	-501	1410
1700000052840	504	-3413	3267	-1062	-562	1320
1700000052850	310	-3421	3173	-1056	-649	1191
1700000052860	131	-3403	2866	-1007	-673	986
1700000052870	-76	-3336	2345	-923	-743	648
1700000052880	-202	-3307	1610	-853	-748	289
1700000052890	-294	-3178	726	-777	-773	-39
1700000052900	-331	-3129	-119	-658	-800	-425
1700000052910	-347	-3016	-982	-526	-770	-770
1700000052920	-273	-2953	-1844	-344	-807	-1079
1700000052930	-220	-2740	-2568	-207	-713	-1240
1700000052940	-135	-2571	-3030	-99	-685	-1363
1700000052950	17	-2436	-3346	84	-596	-1403
1700000052960	260	-2309	-3442	154	-504	-1294
1700000052970	454	-2159	-3256	287	-448	-1121
1700000052980	656	-1930	-2864	421	-409	-870
1700000052990	951	-1814	-2262	574	-309	-521
1700000053000	1217	-1662	-1515	645	-198	-202
1700000053010	1506	-1532	-646	762	-132	197
1700000053020	1795	-1420	282	837	-25	555
1700000053030	2107	-1294	1157	940	80	878
1700000053040	2413	-1236	1903	953	190	1132
1700000053050	2732	-1095	2564	971	250	1262
1700000053060	2977	-1110	3016	978	355	1364
1700000053070	3252	-1058	3255	1004	445	1367
1700000053080	3496	-1022	3216	917	499	1275
1700000053090	3689	-1074	2959	885	532	1011
1700000053100	3827	-1077	2512	796	652	745
1700000053110	4033	-1163	1798	730	641	414
1700000053120	4062	-1180	1019	626	655	58
1700000053130	4188	-1305	68	504	690	-339
1700000053140	4149	-1403	-778	371	656	-687
1700000053150	4179	-1529	-1625	240	660	-977
1700000053160	4069	-1652	-2409	128	573	-1207
1700000053170	3980	-1809	-2946	-16	594	-1380
1700000053180	3818	-1997	-3309	-124	537	-1402
1700000053190	3696	-2132	-3437	-293	484	-1344
1700000053200	3442	-2270	-3327	-416	369	-1145
1700000053210	3217	-2431	-2972	-616	276	-955
1700000053220	2931	-2594	-2424	-682	237	-618
1700000053230	2667	-2731	-1684	-798	116	-273
1700000053240	2376	-2859	-874	-924	32	74
1700000053250	2070	-2993	38	-970	-48	463
1700000053260	1791	-3109	939	-1001	-160	750
1700000053270	1458	-3201	1769	-1081	-264	1078
1700000053280	1201	-3311	2429	-1107	-346	1257
1700000053290	943	-3374	2920	-1093	-440	1355
1700000053300	653	-3406	3189	-1124	-486	1402
1700000053310	423	-3426	3219	-1105	-585	1249
1700000053320	205	-3406	3066	-1021	-644	1076
1700000053330	40	-3381	2566	-961	-680	863
1700000053340	-135	-3312	1943	-899	-724	517
1700000053350	-223	-3231	1227	-810	-787	86
1700000053360	-280	-3139	355	-688	-750	-211
1700000053370	-319	-3103	-528	-564	-722	-589
1700000053380	-355	-2991	-1425	-422	-727	-942
1700000053390	-253	-2811	-2179	-312	-742	-1141
1700000053400	-184	-2697	-2841	-202	-738	-1307
1700000053410	-62	-2525	-3260	-32	-660	-1357
1700000053420	121	-2381	-3405	113	-559	-1355
1700000053430	297	-2184	-3373	242	-462	-1214
1700000053440	562	-2026	-3095	376	-376	-1026
1700000053450	776	-1925	-2571	515	-335	-722
1700000053460	1047	-1715	-1903	601	-241	-343
1700000053470	1374	-1609	-1064	726	-91	4
1700000053480	1656	-1485	-175	818	-84	368
1700000053490	1931	-1335	717	854	61	697
1700000053500	2233	-1197	1595	949	122	1021
1700000053510	2580	-1196	2279	995	210	1220
1700000053520	2860	-1125	2798	1030	299	1350
1700000053530	3094	-1080	3155	998	402	1352
1700000053540	3357	-1048	3240	991	461	1318
1700000053550	3621	-1044	3099	911	538	1158
1700000053560	3808	-1065	2759	832	611	899
1700000053570	3962	-1098	2150	769	603	588
1700000053580	4027	-1153	1407	684	649	242
1700000053590	4127	-1263	575	578	674	-153
1700000053600	4167	-1364	-351	488	625	-512
1700000053610	4166	-1464	-1217	304	687	-808
1700000053620	4100	-1610	-2027	226	660	-1093
1700000053630	4000	-1685	-2711	53	616	-1267
1700000053640	3947	-1853	-3169	-83	555	-1331
1700000053650	3743	-2037	-3438	-241	524	-1337
1700000053660	3574	-2222	-3439	-372	399	-1230
1700000053670	3373	-2396	-3170	-469	355	-1089
1700000053680	3112	-2512	-2705	-629	279	-801
1700000053690	2807	-2627	-2068	-721	156	-479
1700000053700	2549	-2838	-1254	-845	79	-84
1700000053710	2210	-2963	-400	-937	-22	291
1700000053720	1954	-3051	496	-984	-142	641
1700000053730	1647	-3148	1385	-1032	-182	927
1700000053740	1368	-3222	2085	-1118	-303	1198
1700000053750	1051	-3315	2675	-1122	-374	1333
1700000053760	778	-3370	3084	-1121	-460	1368
1700000053770	554	-3374	3270	-1081	-531	1327
1700000053780	351	-3384	3212	-1058	-608	1204
1700000053790	84	-3377	2858	-1014	-664	961
1700000053800	-89	-3344	2320	-954	-694	663
1700000053810	-155	-3310	1626	-859	-738	302
1700000053820	-276	-3218	763	-756	-795	-56
1700000053830	-343	-3131	-109	-652	-744	-434
1700000053840	-346	-2995	-1010	-452	-733	-755
1700000053850	-289	-2878	-1830	-387	-764	-1066
1700000053860	-269	-2744	-2517	-270	-707	-1240
1700000053870	-100	-2588	-3049	-122	-666	-1337
1700000053880	66	-2458	-3360	53	-620	-1386
1700000053890	234	-2319	-3425	175	-544	-1319
1700000053900	470	-2169	-3271	325	-458	-1108
1700000053910	654	-1980	-2857	410	-428	-860
1700000053920	920	-1789	-2271	559	-299	-530
1700000053930	1225	-1662	-1467	632	-219	-168
1700000053940	1512	-1560	-603	793	-85	213
1700000053950	1805	-1401	257	866	-15	537
1700000053960	2098	-1323	1130	905	75	863
1700000053970	2419	-1231	1915	961	198	1163
1700000053980	2715	-1139	2595	967	238	1303
1700000053990	2954	-1099	3008	1001	356	1384
1700000054000	3182	-1041	3226	973	416	1339
1700000054010	3448	-1040	3270	909	510	1268
1700000054020	3698	-1070	2931	830	516	1055
1700000054030	3871	-1098	2468	810	626	738
1700000054040	3980	-1113	1834	748	638	439
1700000054050	4093	-1201	995	636	633	34
1700000054060	4111	-1287	123	554	705	-325
1700000054070	4166	-1412	-730	371	659	-697
1700000054080	4179	-1510	-1661	262	621	-972
1700000054090	4072	-1638	-2301	166	624	-1198
1700000054100	3963	-1805	-2946	-14	588	-1339
1700000054110	3867	-1957	-3318	-138	540	-1354
1700000054120	3664	-2136	-3466	-302	481	-1315
1700000054130	3450	-2260	-3317	-428	367	-1157
1700000054140	3226	-2434	-2998	-530	308	-896
1700000054150	2935	-2579	-2390	-663	262	-633
1700000054160	2667	-2726	-1687	-763	141	-281
1700000054170	2381	-2842	-845	-862	7	81
1700000054180	2071	-3044	27	-945	-98	466
1700000054190	1805	-3106	867	-1020	-159	740
1700000054200	1516	-3205	1717	-1081	-232	1057
1700000054210	1229	-3279	2427	-1087	-359	1231
1700000054220	914	-3343	2924	-1108	-489	1348
1700000054230	653	-3386	3237	-1115	-482	1399
1700000054240	415	-3398	3227	-1043	-589	1298
1700000054250	236	-3447	3058	-1014	-694	1080
1700000054260	59	-3338	2603	-971	-715	780
1700000054270	-111	-3331	2036	-948	-756	506
1700000054280	-237	-3241	1221	-819	-759	173
1700000054290	-293	-3176	373	-676	-807	-243
1700000054300	-332	-3090	-552	-604	-795	-559
1700000054310	-311	-3003	-1383	-457	-737	-931
1700000054320	-283	-2825	-2245	-294	-749	-1202
1700000054330	-159	-2630	-2769	-132	-722	-1302
1700000054340	-15	-2518	-3199	-19	-642	-1368
1700000054350	126	-2352	-3420	158	-574	-1315
1700000054360	335	-2213	-3365	247	-529	-1237
1700000054370	554	-2076	-3099	401	-407	-1003
1700000054380	817	-1888	-2606	505	-364	-739
1700000054390	1086	-1738	-1907	610	-237	-335
1700000054400	1371	-1601	-1119	699	-139	-11
1700000054410	1641	-1427	-183	832	-51	355
1700000054420	1974	-1369	690	917	15	735
1700000054430	2256	-1325	1503	952	156	971
1700000054440	2557	-1165	2262	974	216	1192
1700000054450	2856	-1114	2806	939	292	1346
1700000054460	3095	-1049	3117	946	343	1397
1700000054470	3371	-1040	3268	951	415	1292
1700000054480	3629	-1054	3127	942	485	1157
1700000054490	3738	-1073	2744	840	574	875
1700000054500	3888	-1125	2164	770	626	596
1700000054510	4028	-1143	1427	643	630	232
1700000054520	4092	-1250	607	587	694	-103
1700000054530	4170	-1322	-355	493	726	-485
1700000054540	4152	-1424	-1206	357	670	-797
1700000054550	4094	-1589	-2012	204	625	-1108
1700000054560	4019	-1762	-2639	76	594	-1290
1700000054570	3916	-1834	-3129	-62	526	-1392
1700000054580	3747	-2039	-3398	-221	489	-1377
1700000054590	3547	-2198	-3424	-327	438	-1279
1700000054600	3326	-2346	-3165	-513	339	-1067
1700000054610	3122	-2513	-2746	-609	228	-835
1700000054620	2844	-2691	-2090	-737	220	-458
1700000054630	2551	-2817	-1340	-837	72	-132
1700000054640	2305	-2950	-450	-936	18	252
1700000054650	1947	-3067	498	-1031	-140	590
1700000054660	1661	-3172	1351	-1112	-227	950
1700000054670	1318	-3248	2048	-1076	-320	1166
1700000054680	1054	-3327	2723	-1095	-391	1299
1700000054690	769	-3398	3114	-1123	-519	1361
1700000054700	485	-3411	3225	-1129	-541	1333
1700000054710	316	-3384	3176	-1090	-642	1190
1700000054720	74	-3353	2838	-1017	-656	960
1700000054730	-67	-3364	2372	-911	-696	680
1700000054740	-160	-3299	1645	-848	-762	308
1700000054750	-296	-3213	798	-746	-766	-42
1700000054760	-299	-3147	-16	-624	-769	-408
1700000054770	-311	-3039	-992	-522	-772	-744
1700000054780	-304	-2897	-1816	-392	-762	-1017
1700000054790	-250	-2750	-2502	-217	-701	-1236
1700000054800	-100	-2599	-3038	-95	-663	-1343
1700000054810	41	-2477	-3320	82	-600	-1375
1700000054820	209	-2299	-3388	213	-579	-1278
1700000054830	432	-2153	-3267	320	-449	-1117
1700000054840	670	-1995	-2883	445	-390	-864
1700000054850	936	-1809	-2276	559	-283	-550
1700000054860	1196	-1669	-1504	652	-176	-228
1700000054870	1496	-1564	-647	741	-150	154
1700000054880	1803	-1452	245	819	-53	526
1700000054890	2119	-1323	1143	894	95	885
1700000054900	2418	-1207	1872	938	182	1139
1700000054910	2680	-1111	2561	952	263	1312
1700000054920	2971	-1085	2997	967	353	1391
1700000054930	3244	-1069	3247	987	411	1348
1700000054940	3465	-1019	3207	965	482	1227
1700000054950	3654	-1078	2965	930	579	1061
1700000054960	3832	-1103	2496	817	626	774
1700000054970	4010	-1168	1773	725	614	397
1700000054980	4060	-1197	1008	639	673	41
1700000054990	4164	-1263	151	559	661	-328
1700000055000	4134	-1396	-757	407	671	-678
1700000055010	4153	-1483	-1618	253	655	-960
1700000055020	4111	-1643	-2383	128	634	-1167
1700000055030	3990	-1793	-2928	-53	641	-1339
1700000055040	3824	-1971	-3333	-119	509	-1411
1700000055050	3674	-2108	-3444	-257	476	-1342
1700000055060	3469	-2305	-3314	-393	399	-1196
1700000055070	3231	-2415	-2986	-528	298	-896
1700000055080	2941	-2609	-2452	-693	213	-612
1700000055090	2700	-2719	-1704	-776	143	-320
1700000055100	2434	-2865	-896	-901	-7	89
1700000055110	2131	-3019	7	-949	-17	442
1700000055120	1823	-3087	939	-1019	-156	761
1700000055130	1513	-3185	1713	-1069	-253	1055
1700000055140	1198	-3280	2422	-1093	-343	1265
1700000055150	890	-3330	2924	-1158	-429	1403
1700000055160	682	-3395	3177	-1161	-522	1368
1700000055170	418	-3372	3245	-1091	-581	1297
1700000055180	223	-3381	3031	-1003	-662	1110
1700000055190	32	-3372	2624	-983	-665	837
1700000055200	-91	-3338	2003	-924	-737	505
1700000055210	-184	-3260	1272	-840	-732	155
1700000055220	-311	-3171	395	-686	-794	-236
1700000055230	-295	-3071	-531	-566	-790	-581
1700000055240	-359	-2971	-1420	-461	-744	-895
1700000055250	-263	-2815	-2173	-322	-696	-1129
1700000055260	-184	-2696	-2780	-181	-661	-1300
1700000055270	-17	-2518	-3222	-43	-666	-1378
1700000055280	135	-2383	-3435	121	-589	-1348
1700000055290	313	-2262	-3383	261	-505	-1220
1700000055300	556	-2087	-3141	353	-425	-1020
1700000055310	796	-1892	-2641	487	-376	-733
1700000055320	1044	-1763	-1898	644	-232	-382
1700000055330	1358	-1638	-1106	723	-201	19
1700000055340	1610	-1482	-194	825	-61	346
1700000055350	1978	-1370	693	860	38	725
1700000055360	2266	-1226	1489	939	121	988
1700000055370	2569	-1163	2277	948	220	1192
1700000055380	2822	-1130	2792	996	279	1344
1700000055390	3084	-1042	3117	998	403	1327
1700000055400	3346	-1063	3251	931	488	1328
1700000055410	3563	-1040	3160	930	529	1139
1700000055420	3740	-1053	2751	855	579	909
1700000055430	3902	-1085	2206	763	579	596
1700000055440	4016	-1146	1456	684	666	238
1700000055450	4131	-1225	619	601	661	-152
1700000055460	4130	-1293	-322	469	664	-516
1700000055470	4153	-1464	-1207	349	658	-788
1700000055480	4114	-1570	-2001	183	648	-1105
1700000055490	4056	-1721	-2663	93	587	-1287
1700000055500	3901	-1887	-3143	-45	548	-1367
1700000055510	3761	-2061	-3341	-186	541	-1351
1700000055520	3572	-2181	-3421	-341	449	-1232
1700000055530	3369	-2369	-3228	-503	341	-1049
1700000055540	3096	-2463	-2784	-609	248	-770
1700000055550	2864	-2678	-2075	-721	152	-521
1700000055560	2541	-2806	-1337	-818	86	-108
1700000055570	2251	-2938	-473	-937	0	279
1700000055580	1917	-3006	448	-1013	-94	612
1700000055590	1658	-3145	1339	-1106	-189	940
1700000055600	1349	-3268	2042	-1129	-269	1185
1700000055610	1072	-3280	2651	-1080	-391	1347
1700000055620	832	-3352	3057	-1116	-452	1420
1700000055630	514	-3392	3242	-1101	-532	1327
1700000055640	295	-3423	3148	-1029	-633	1219
1700000055650	149	-3393	2886	-980	-659	1006
1700000055660	-23	-3345	2390	-889	-722	684
1700000055670	-199	-3323	1627	-821	-712	317
1700000055680	-267	-3189	837	-735	-750	-65
1700000055690	-282	-3150	-58	-651	-775	-436
1700000055700	-336	-3005	-922	-543	-758	-726
1700000055710	-260	-2887	-1801	-363	-740	-1014
1700000055720	-233	-2756	-2523	-243	-721	-1222
1700000055730	-165	-2581	-3042	-119	-623	-1365
1700000055740	25	-2496	-3345	44	-581	-1371
1700000055750	171	-2277	-3415	170	-572	-1300
1700000055760	423	-2155	-3253	310	-483	-1168
1700000055770	679	-1963	-2879	430	-377	-884
1700000055780	930	-1830	-2331	539	-299	-554
1700000055790	1210	-1696	-1551	679	-197	-191
1700000055800	1468	-1550	-699	796	-88	179
1700000055810	1806	-1402	213	831	-42	508
1700000055820	2070	-1303	1065	912	93	857
1700000055830	2365	-1160	1941	953	162	1145
1700000055840	2668	-1178	2541	986	266	1248
1700000055850	2932	-1081	2968	967	343	1344
1700000055860	3249	-1049	3230	959	410	1410
1700000055870	3451	-1021	3215	956	505	1235
1700000055880	3645	-1038	2966	870	562	1064
1700000055890	3839	-1124	2494	812	600	749
1700000055900	3972	-1171	1869	739	629	405
1700000055910	4035	-1170	1041	644	669	11
1700000055920	4151	-1322	178	527	714	-298
1700000055930	4186	-1405	-744	408	667	-662
1700000055940	4152	-1528	-1598	309	702	-907
1700000055950	4077	-1619	-2330	133	639	-1194
1700000055960	3985	-1824	-2926	-11	576	-1318
1700000055970	3887	-1951	-3279	-143	537	-1447
1700000055980	3675	-2085	-3458	-269	497	-1324
1700000055990	3466	-2275	-3356	-438	397	-1182
1700000056000	3237	-2437	-3042	-549	302	-978
1700000056010	2971	-2589	-2482	-653	229	-630
1700000056020	2718	-2746	-1753	-783	119	-278
1700000056030	2379	-2880	-883	-823	45	64
1700000056040	2117	-2975	-10	-960	-59	424
1700000056050	1831	-3100	896	-1021	-157	783
1700000056060	1509	-3205	1691	-1066	-252	1039
1700000056070	1234	-3262	2367	-1112	-293	1252
1700000056080	945	-3337	2859	-1081	-428	1364
1700000056090	678	-3375	3218	-1115	-503	1378
1700000056100	395	-3383	3270	-1096	-587	1267
1700000056110	247	-3387	3048	-1023	-651	1152
1700000056120	13	-3374	2664	-972	-740	831
1700000056130	-155	-3342	2005	-921	-710	539
1700000056140	-263	-3273	1258	-817	-752	161
1700000056150	-263	-3172	366	-711	-736	-207
1700000056160	-358	-3084	-535	-574	-778	-548
1700000056170	-315	-2934	-1415	-450	-738	-909
1700000056180	-278	-2810	-2171	-342	-748	-1155
1700000056190	-198	-2687	-2786	-189	-708	-1337
1700000056200	-18	-2560	-3239	-28	-670	-1381
1700000056210	77	-2378	-3382	81	-565	-1375
1700000056220	304	-2212	-3396	249	-470	-1210
1700000056230	542	-2046	-3164	362	-444	-1015
1700000056240	802	-1892	-2598	480	-332	-754
1700000056250	1052	-1747	-1964	593	-264	-361
1700000056260	1325	-1615	-1161	705	-148	-43
1700000056270	1632	-1484	-233	762	-39	356
1700000056280	1955	-1327	684	868	27	668
1700000056290	2227	-1236	1498	935	147	981
1700000056300	2560	-1164	2189	948	210	1237
1700000056310	2831	-1142	2802	959	317	1344
1700000056320	3090	-1085	3115	984	373	1354
1700000056330	3365	-1055	3249	966	463	1304
1700000056340	3567	-1044	3127	881	541	1181
1700000056350	3725	-1093	2797	805	570	899
1700000056360	3955	-1104	2256	775	645	601
1700000056370	4033	-1166	1471	726	619	249
1700000056380	4118	-1260	661	599	634	-100
1700000056390	4185	-1369	-295	461	651	-500
1700000056400	4142	-1439	-1133	343	633	-825
1700000056410	4136	-1576	-1984	208	639	-1056
1700000056420	4049	-1711	-2659	64	588	-1261
1700000056430	3919	-1881	-3110	-61	551	-1380
1700000056440	3741	-2046	-3396	-210	500	-1373
1700000056450	3580	-2121	-3403	-375	459	-1253
1700000056460	3345	-2337	-3174	-485	321	-1080
1700000056470	3138	-2504	-2758	-619	271	-813
1700000056480	2884	-2679	-2175	-734	209	-484
1700000056490	2579	-2823	-1318	-850	67	-133
1700000056500	2246	-2948	-478	-901	-13	253
1700000056510	1983	-3062	358	-990	-73	609
1700000056520	1636	-3173	1326	-1048	-193	926
1700000056530	1350	-3252	2022	-1060	-267	1162
1700000056540	1048	-3332	2696	-1095	-402	1303
1700000056550	793	-3373	3139	-1099	-463	1362
1700000056560	543	-3349	3251	-1088	-536	1336
1700000056570	288	-3410	3222	-1056	-603	1183
1700000056580	110	-3390	2895	-999	-643	982
1700000056590	-63	-3358	2335	-973	-693	678
1700000056600	-166	-3296	1689	-807	-763	340
1700000056610	-292	-3219	821	-758	-746	19
1700000056620	-301	-3145	-31	-639	-777	-424
1700000056630	-353	-2992	-922	-518	-744	-759
1700000056640	-290	-2872	-1798	-389	-721	-1061
1700000056650	-240	-2749	-2513	-219	-754	-1250
1700000056660	-174	-2610	-3026	-69	-663	-1335
1700000056670	23	-2459	-3344	60	-611	-1362
1700000056680	177	-2336	-3432	188	-522	-1293
1700000056690	404	-2161	-3307	265	-472	-1170
1700000056700	607	-2018	-2913	458	-381	-912
1700000056710	904	-1856	-2333	556	-322	-545
1700000056720	1186	-1640	-1553	644	-176	-242
1700000056730	1485	-1528	-731	761	-138	194
1700000056740	1777	-1444	168	836	-18	501
1700000056750	2108	-1326	1078	884	80	842
1700000056760	2347	-1216	1862	976	192	1125
1700000056770	2657	-1134	2506	982	245	1258
1700000056780	2969	-1115	2993	979	333	1369
1700000056790	3214	-1048	3220	1010	427	1392
1700000056800	3496	-1053	3207	925	545	1258
1700000056810	3645	-1016	2951	883	551	1038
1700000056820	3845	-1037	2523	852	573	786
1700000056830	3982	-1147	1898	745	655	481
1700000056840	4087	-1189	1039	637	665	55
1700000056850	4137	-1306	190	523	679	-318
1700000056860	4129	-1366	-693	403	664	-646
1700000056870	4175	-1560	-1600	297	647	-968
1700000056880	4120	-1644	-2326	123	601	-1214
1700000056890	3965	-1765	-2924	-2	576	-1306
1700000056900	3868	-1934	-3277	-134	517	-1407
1700000056910	3697	-2126	-3425	-315	499	-1349
1700000056920	3486	-2272	-3355	-401	394	-1205
1700000056930	3255	-2459	-3019	-563	333	-918
1700000056940	2955	-2586	-2484	-667	290	-622
1700000056950	2719	-2713	-1754	-759	121	-319
1700000056960	2437	-2870	-957	-885	36	99
1700000056970	2086	-2964	-46	-906	-57	433
1700000056980	1788	-3088	828	-975	-124	740
1700000056990	1492	-3174	1704	-1067	-246	1080
1700000057000	1218	-3284	2403	-1124	-326	1237
1700000057010	931	-3365	2875	-1114	-423	1350
1700000057020	687	-3351	3198	-1100	-493	1380
1700000057030	425	-3406	3264	-1063	-566	1293
1700000057040	204	-3421	3001	-1053	-637	1114
1700000057050	63	-3355	2667	-900	-712	846
1700000057060	-91	-3352	2015	-888	-706	533
1700000057070	-254	-3267	1274	-804	-807	160
1700000057080	-296	-3180	399	-674	-771	-213
1700000057090	-346	-3095	-483	-568	-802	-539
1700000057100	-309	-2956	-1335	-439	-756	-864
1700000057110	-296	-2871	-2145	-304	-708	-1151
1700000057120	-191	-2659	-2800	-206	-667	-1327
1700000057130	-74	-2583	-3247	-18	-662	-1374
1700000057140	83	-2391	-3464	102	-580	-1307
1700000057150	284	-2237	-3372	215	-489	-1206
1700000057160	517	-2057	-3110	335	-432	-1051
1700000057170	795	-1936	-2646	511	-342	-720
1700000057180	1041	-1731	-1960	627	-242	-383
1700000057190	1373	-1627	-1175	698	-194	-49
1700000057200	1631	-1488	-296	775	-90	337
1700000057210	1964	-1354	626	869	13	684
1700000057220	2263	-1272	1444	914	137	993
1700000057230	2535	-1219	2190	966	204	1198
1700000057240	2835	-1134	2757	991	328	1382
1700000057250	3091	-1114	3114	995	408	1329
1700000057260	3359	-1034	3269	981	502	1291
1700000057270	3564	-1077	3156	911	540	1175
1700000057280	3734	-1048	2784	853	542	909
1700000057290	3902	-1131	2217	799	629	566
1700000057300	4040	-1163	1499	692	675	245
1700000057310	4101	-1231	590	574	685	-83
1700000057320	4136	-1325	-199	500	668	-503
1700000057330	4150	-1467	-1151	336	687	-812
1700000057340	4116	-1610	-1968	218	612	-1107
1700000057350	4086	-1734	-2648	44	578	-1252
1700000057360	3918	-1877	-3142	-69	560	-1380
1700000057370	3790	-2024	-3398	-202	518	-1394
1700000057380	3612	-2197	-3449	-359	440	-1291
1700000057390	3356	-2331	-3203	-478	348	-1104
1700000057400	3107	-2476	-2764	-624	288	-836
1700000057410	2824	-2643	-2161	-684	199	-505
1700000057420	2544	-2787	-1396	-834	83	-137
1700000057430	2298	-2939	-461	-923	12	246
1700000057440	1959	-3049	398	-999	-120	596
1700000057450	1667	-3143	1250	-1053	-188	901
1700000057460	1370	-3271	2028	-1098	-291	1157
1700000057470	1061	-3350	2629	-1098	-433	1309
1700000057480	788	-3341	3102	-1113	-470	1394
1700000057490	558	-3371	3237	-1149	-556	1329
1700000057500	338	-3391	3191	-1075	-647	1177
1700000057510	116	-3408	2879	-1046	-652	1008
1700000057520	-92	-3357	2348	-937	-708	706
1700000057530	-213	-3332	1685	-858	-732	338
1700000057540	-267	-3200	868	-726	-769	-17
1700000057550	-317	-3176	-65	-664	-782	-383
1700000057560	-308	-3015	-920	-548	-793	-740
1700000057570	-319	-2926	-1754	-417	-731	-974
1700000057580	-263	-2785	-2472	-267	-715	-1221
1700000057590	-122	-2623	-3009	-128	-663	-1352
1700000057600	20	-2458	-3348	-1	-630	-1364
1700000057610	214	-2313	-3430	126	-562	-1337
1700000057620	388	-2102	-3342	299	-458	-1205
1700000057630	612	-1964	-2921	470	-372	-879
1700000057640	916	-1843	-2340	545	-302	-568
1700000057650	1180	-1674	-1601	650	-213	-185
1700000057660	1481	-1526	-745	755	-119	189
1700000057670	1780	-1438	158	857	-12	500
1700000057680	2089	-1274	1052	907	29	856
1700000057690	2381	-1236	1893	961	175	1112
1700000057700	2681	-1140	2545	975	283	1297
1700000057710	2952	-1074	2966	975	312	1383
1700000057720	3219	-1038	3211	964	475	1388
1700000057730	3445	-1008	3262	936	486	1207
1700000057740	3661	-1057	2993	853	565	1027
1700000057750	3840	-1074	2534	809	589	783
1700000057760	3996	-1123	1870	759	635	417
1700000057770	4095	-1215	1090	681	658	111
1700000057780	4148	-1302	206	552	689	-313
1700000057790	4178	-1379	-695	448	689	-592
1700000057800	4161	-1527	-1603	316	644	-909
1700000057810	4089	-1686	-2305	139	635	-1136
1700000057820	3995	-1785	-2877	54	578	-1331
1700000057830	3870	-1986	-3272	-134	530	-1387
1700000057840	3663	-2101	-3449	-264	438	-1339
1700000057850	3446	-2258	-3322	-420	401	-1179
1700000057860	3199	-2409	-3035	-531	303	-915
1700000057870	2977	-2606	-2495	-681	238	-640
1700000057880	2691	-2726	-1818	-771	135	-350
1700000057890	2426	-2881	-953	-876	44	63
1700000057900	2145	-2973	-22	-947	-54	440
1700000057910	1835	-3109	820	-1028	-143	759
1700000057920	1518	-3172	1656	-1070	-208	1047
1700000057930	1239	-3320	2329	-1114	-329	1233
1700000057940	902	-3311	2863	-1129	-443	1349
1700000057950	671	-3356	3214	-1127	-472	1415
1700000057960	422	-3368	3276	-1094	-607	1319
1700000057970	237	-3420	3061	-996	-614	1094
1700000057980	51	-3379	2670	-1021	-699	837
1700000057990	-127	-3305	2039	-916	-688	550
1700000058000	1860	-2216	-163	-47	-50	10
1700000058010	1869	-2224	-113	-74	-48	-12
1700000058020	1875	-2249	-135	-62	-26	4
1700000058030	1938	-2248	-149	-48	-44	-26
1700000058040	1889	-2208	-188	-68	-37	-15
1700000058050	1872	-2229	-171	-65	-62	18
1700000058060	1860	-2282	-168	-68	-66	-22
1700000058070	1854	-2281	-147	-65	-62	15
1700000058080	1816	-2241	-114	-78	-82	-15
1700000058090	1915	-2230	-150	-44	-62	0
1700000058100	1889	-2219	-213	-47	-110	-18
1700000058110	1844	-2201	-125	-33	-40	-7
1700000058120	1860	-2217	-201	-110	-48	-16
1700000058130	1883	-2253	-115	-27	-44	10
1700000058140	1865	-2251	-151	-45	-50	0
1700000058150	1883	-2248	-153	-52	-69	-12
1700000058160	1888	-2235	-136	-51	-42	6
1700000058170	1854	-2246	-153	-51	-25	9
1700000058180	1843	-2190	-124	-68	-63	7
1700000058190	1887	-2245	-152	-70	-81	-6
1700000058200	1894	-2309	-198	-40	-1	-37
1700000058210	1889	-2256	-150	-70	-33	11
1700000058220	1874	-2223	-143	-59	-74	-16
1700000058230	1893	-2200	-137	-39	-64	3
1700000058240	1898	-2232	-134	-68	-49	-17
1700000058250	1895	-2236	-122	-61	-73	-29
1700000058260	1873	-2237	-120	-67	-21	-27
1700000058270	1892	-2250	-133	-30	-61	-19
1700000058280	1920	-2191	-136	-80	-23	-52
1700000058290	1867	-2217	-167	-69	-50	19
1700000058300	1897	-2239	-129	-77	-29	-14
1700000058310	1856	-2211	-149	-69	-72	-4
1700000058320	1861	-2261	-146	-77	-29	-52
1700000058330	1902	-2203	-170	-17	-75	0
1700000058340	1884	-2253	-137	-105	-38	-32
1700000058350	1879	-2202	-153	-50	-110	-33
1700000058360	1883	-2257	-161	-114	-55	-50
1700000058370	1866	-2252	-143	-89	-63	-5
1700000058380	1837	-2250	-191	-118	-55	-50
1700000058390	1889	-2220	-111	-75	-80	-15
1700000058400	1878	-2227	-153	-82	-37	15
1700000058410	1877	-2216	-132	-63	-29	-3
1700000058420	1879	-2174	-166	-67	-59	-70
1700000058430	1870	-2234	-170	-6	-101	-3
1700000058440	1894	-2218	-130	-57	-32	16
1700000058450	1863	-2223	-182	-89	-54	74
1700000058460	1910	-2216	-142	-67	-43	-35
1700000058470	1879	-2226	-109	-29	-72	3
1700000058480	1877	-2200	-168	-61	-81	-2
1700000058490	1872	-2241	-133	-83	-43	6
1700000058500	1870	-2268	-97	-103	-54	-41
1700000058510	1861	-2233	-97	-101	-66	-45
1700000058520	1900	-2256	-118	-81	-42	12
1700000058530	1877	-2200	-220	-71	-19	15
1700000058540	1864	-2213	-137	-76	-87	1
1700000058550	1849	-2231	-162	-55	-57	15
1700000058560	1865	-2235	-136	-41	-72	45
1700000058570	1861	-2218	-190	-116	-44	-14
1700000058580	1853	-2224	-128	-59	-47	-16
1700000058590	1897	-2224	-166	-114	-54	5
1700000058600	1884	-2230	-156	-121	-49	22
1700000058610	1887	-2214	-131	-81	-50	-55
1700000058620	1907	-2245	-139	-65	-68	-38
1700000058630	1824	-2230	-156	-108	-64	-37
1700000058640	1872	-2220	-158	-107	-30	10
1700000058650	1867	-2170	-160	-88	-28	-34
1700000058660	1872	-2185	-156	-100	-63	-38
1700000058670	1859	-2218	-180	-74	-53	18
1700000058680	1896	-2213	-149	-70	-83	4
1700000058690	1881	-2225	-133	-72	-77	-68
1700000058700	1920	-2216	-172	-70	-49	4
1700000058710	1869	-2200	-170	-22	-55	9
1700000058720	1867	-2232	-145	-71	-42	-37
1700000058730	1861	-2179	-127	-50	-57	25
1700000058740	1906	-2238	-130	-125	-72	11
1700000058750	1852	-2197	-156	-67	-54	-33
1700000058760	1882	-2226	-84	-115	-41	27
1700000058770	1873	-2206	-147	-76	-88	-18
1700000058780	1849	-2194	-100	-99	-82	6
1700000058790	1872	-2214	-192	-75	-29	-10
1700000058800	1924	-2232	-115	-102	-126	17
1700000058810	1886	-2214	-135	-105	-72	-20
1700000058820	1896	-2210	-119	-76	-27	-5
1700000058830	1888	-2241	-156	-72	-8	-25
1700000058840	1925	-2147	-127	-71	-72	-12
1700000058850	1894	-2194	-134	-50	-71	-7
1700000058860	1849	-2212	-133	-96	-64	-24
1700000058870	1905	-2194	-149	-32	-61	5
1700000058880	1855	-2199	-141	-60	-78	58
1700000058890	1903	-2173	-123	-93	-51	12
1700000058900	1910	-2206	-151	-111	-85	-4
1700000058910	1850	-2257	-157	-107	-69	-20
1700000058920	1866	-2172	-147	-61	-53	16
1700000058930	1848	-2200	-148	-85	-56	-2
1700000058940	1881	-2173	-124	-92	-27	-6
1700000058950	1876	-2220	-164	-91	-28	0
1700000058960	1867	-2210	-125	-84	-55	-24
1700000058970	1863	-2185	-133	-75	-51	38
1700000058980	1880	-2216	-147	-140	-51	29
1700000058990	1856	-2176	-130	-75	-11	3
1700000059000	1851	-2192	-162	-122	-76	-10
1700000059010	1842	-2181	-123	-83	-88	-30
1700000059020	1888	-2173	-161	-80	-56	-10
1700000059030	1871	-2206	-111	-76	-55	12
1700000059040	1854	-2209	-160	-90	-43	29
1700000059050	1824	-2176	-126	-88	-47	-4
1700000059060	1891	-2173	-128	-77	-112	-1
1700000059070	1889	-2177	-143	-119	-100	31
1700000059080	1888	-2179	-155	-118	-48	36
1700000059090	1881	-2157	-127	-74	-69	7
1700000059100	1858	-2204	-96	-53	-55	10
1700000059110	1880	-2209	-105	-64	-42	17
1700000059120	1875	-2167	-164	-109	-58	35
1700000059130	1886	-2158	-130	-100	-80	3
1700000059140	1915	-2175	-174	-66	-86	-1
1700000059150	1888	-2256	-139	-119	-42	-16
1700000059160	1857	-2191	-151	-114	-67	24
1700000059170	1853	-2164	-67	-53	-84	39
1700000059180	1836	-2195	-127	-53	-42	22
1700000059190	1830	-2222	-133	-71	-78	-5
1700000059200	1879	-2197	-120	-131	-74	-3
1700000059210	1876	-2199	-152	-51	-94	0
1700000059220	1895	-2179	-98	-93	-31	32
1700000059230	1830	-2190	-112	-62	-79	-24
1700000059240	1865	-2219	-125	-97	-2	4
1700000059250	1910	-2155	-170	-88	-64	43
1700000059260	1859	-2221	-91	-88	-96	17
1700000059270	1892	-2221	-117	-89	-46	5
1700000059280	1873	-2184	-126	-54	-59	1
1700000059290	1913	-2183	-140	-103	-75	34
1700000059300	1896	-2209	-133	-104	-60	22
1700000059310	1893	-2187	-109	-95	-62	-17
1700000059320	1892	-2187	-120	-87	-92	8
1700000059330	1872	-2170	-122	-70	-21	-9
1700000059340	1908	-2170	-88	-85	-63	4
1700000059350	1853	-2183	-164	-94	-43	-6
1700000059360	1850	-2166	-106	-79	-68	5
1700000059370	1885	-2158	-155	-60	-91	19
1700000059380	1908	-2147	-128	-100	-59	35
1700000059390	1890	-2182	-168	-122	-90	16
1700000059400	1907	-2206	-113	-84	-62	58
1700000059410	1897	-2203	-116	-82	-63	3
1700000059420	1862	-2207	-84	-95	-73	8
1700000059430	1924	-2187	-130	-64	-23	-9
1700000059440	1844	-2177	-132	-103	-32	12
1700000059450	1898	-2232	-143	-70	-65	-47
1700000059460	1883	-2199	-108	-93	-86	13
1700000059470	1881	-2156	-132	-94	-60	15
1700000059480	1909	-2199	-106	-119	-52	19
1700000059490	1875	-2202	-121	-93	-78	6
1700000059500	1911	-2180	-102	-109	-73	1
1700000059510	1864	-2161	-101	-59	-65	36
1700000059520	1864	-2203	-129	-56	-54	1
1700000059530	1904	-2148	-159	-87	-76	3
1700000059540	1892	-2179	-97	-106	-67	-2
1700000059550	1897	-2170	-100	-79	-90	8
1700000059560	1866	-2208	-135	-44	-46	-13
1700000059570	1910	-2182	-109	-69	-48	23
1700000059580	1882	-2167	-117	-79	-50	-18
1700000059590	1867	-2216	-125	-103	-89	9
1700000059600	1854	-2212	-121	-115	-73	1
1700000059610	1913	-2165	-106	-89	-58	-27
1700000059620	1906	-2148	-105	-96	-66	22
1700000059630	1924	-2187	-117	-125	-62	28
1700000059640	1906	-2146	-134	-83	-52	17
1700000059650	1899	-2205	-116	-61	-84	35
1700000059660	1900	-2170	-147	-76	-79	3
1700000059670	1899	-2186	-127	-79	-62	6
1700000059680	1904	-2203	-101	-113	-46	42
1700000059690	1901	-2220	-135	-60	-13	6
1700000059700	1920	-2181	-115	-83	-68	-12
1700000059710	1904	-2119	-98	-107	-87	28
1700000059720	1893	-2152	-114	-120	-94	-13
1700000059730	1884	-2177	-119	-94	-88	1
1700000059740	1926	-2167	-134	-118	-48	-5
1700000059750	1902	-2149	-79	-72	-69	3
1700000059760	1865	-2194	-129	-100	-27	85
1700000059770	1897	-2178	-92	-107	-94	31
1700000059780	1884	-2230	-53	-27	-78	48
1700000059790	1899	-2183	-86	-83	-105	25
1700000059800	1903	-2170	-95	-111	-87	17
1700000059810	1886	-2179	-138	-62	-110	0
1700000059820	1924	-2214	-100	-56	-86	34
1700000059830	1917	-2197	-126	-135	-66	17
1700000059840	1887	-2161	-138	-117	-106	22
1700000059850	1890	-2190	-107	-80	-39	39
1700000059860	1904	-2185	-140	-124	-79	26
1700000059870	1943	-2212	-100	-85	-69	-1
1700000059880	1908	-2178	-70	-134	-40	2
1700000059890	1903	-2174	-86	-74	-39	-5
1700000059900	1893	-2227	-102	-95	-68	6
1700000059910	1940	-2208	-91	-95	-83	21
1700000059920	1921	-2180	-105	-73	-66	1
1700000059930	1930	-2176	-78	-95	-54	13
1700000059940	1901	-2209	-126	-97	-71	-12
1700000059950	1931	-2221	-89	-91	-74	2
1700000059960	1914	-2203	-50	-108	-42	-18
1700000059970	1936	-2192	-71	-77	-86	20
1700000059980	1906	-2179	-114	-69	-74	6
1700000059990	1916	-2204	-114	-143	-64	-8
1700000060000	1928	-2187	-110	-101	-56	27
1700000060010	1896	-2194	-107	-104	-36	-19
1700000060020	1935	-2197	-86	-77	-41	7
1700000060030	1912	-2226	-128	-66	-59	28
1700000060040	1982	-2188	-85	-105	-42	3
1700000060050	1904	-2188	-116	-135	-28	-2
1700000060060	1900	-2135	-84	-112	-102	-18
1700000060070	1926	-2171	-83	-64	-95	0
1700000060080	1941	-2186	-38	-137	-80	30
1700000060090	1901	-2221	-93	-103	-13	42
1700000060100	1912	-2163	-63	-92	-70	26
1700000060110	1901	-2167	-83	-79	-84	-47
1700000060120	1916	-2151	-91	-84	-49	5
1700000060130	1941	-2190	-128	-97	-82	12
1700000060140	1933	-2193	-62	-87	-98	4
1700000060150	1936	-2140	-108	-83	-79	32
1700000060160	1957	-2212	-81	-73	-64	-17
1700000060170	1902	-2218	-98	-80	-62	-4
1700000060180	1923	-2223	-106	-107	-56	32
1700000060190	1926	-2165	-111	-89	-51	3
1700000060200	1924	-2159	-72	-50	-103	56
1700000060210	1918	-2152	-101	-94	-71	-39
1700000060220	1930	-2195	-68	-77	-76	27
1700000060230	1912	-2160	-99	-55	-67	-16
1700000060240	1926	-2168	-78	-129	-77	13
1700000060250	1922	-2225	-82	-104	-68	3
1700000060260	1939	-2136	-56	-97	-26	22
1700000060270	1957	-2198	-119	-89	-82	34
1700000060280	1949	-2186	-91	-90	-73	21
1700000060290	1956	-2168	-85	-58	-104	-8
1700000060300	1954	-2203	-88	-52	-74	16
1700000060310	1901	-2186	-81	-101	-67	16
1700000060320	1892	-2234	-69	-90	-72	39
1700000060330	1922	-2144	-92	-74	-56	14
1700000060340	1888	-2207	-61	-31	-111	2
1700000060350	1930	-2217	-111	-74	-82	33
1700000060360	1937	-2197	-62	-69	-64	22
1700000060370	1926	-2190	-72	-97	-74	17
1700000060380	1933	-2160	-57	-57	-98	3
1700000060390	1937	-2183	-52	-94	-69	7
1700000060400	1938	-2181	-44	-69	-73	11
1700000060410	1962	-2185	-113	-97	-37	9
1700000060420	1972	-2178	-83	-75	-34	-9
1700000060430	1905	-2157	-59	-108	-74	10
1700000060440	1906	-2227	-125	-87	-57	16
1700000060450	1909	-2216	-61	-113	-61	37
1700000060460	1957	-2221	-102	-83	-82	33
1700000060470	1955	-2162	-76	-77	-23	3
1700000060480	1952	-2190	-80	-74	-60	28
1700000060490	1938	-2168	-67	-71	-64	12
1700000060500	1951	-2138	-89	-72	-95	17
1700000060510	1915	-2203	-76	-100	-61	42
1700000060520	1973	-2181	-66	-83	-48	-7
1700000060530	1917	-2187	-79	-75	-79	2
1700000060540	1944	-2201	-51	-60	-37	15
1700000060550	1975	-2202	-77	-77	-32	32
1700000060560	1943	-2250	-66	-106	-89	22
1700000060570	1932	-2174	-88	-66	-59	15
1700000060580	1938	-2223	-65	-69	-62	24
1700000060590	1911	-2210	-120	-103	-70	-21
1700000060600	1927	-2187	-67	-52	-55	12
1700000060610	1936	-2182	-75	-78	-92	15
1700000060620	1912	-2189	-65	-85	-75	-11
1700000060630	1975	-2168	-92	-66	-15	6
1700000060640	1941	-2186	-61	-93	-35	1
1700000060650	1941	-2191	-52	-64	-46	0
1700000060660	1967	-2145	-65	-112	-80	-3
1700000060670	1956	-2187	-64	-120	-78	18
1700000060680	1958	-2226	-42	-66	-97	-15
1700000060690	1939	-2224	-48	-91	-76	59
1700000060700	1961	-2229	-54	-112	-45	8
1700000060710	1952	-2215	-64	-57	-74	1
1700000060720	1956	-2187	-111	-66	-49	8
1700000060730	1959	-2204	-93	-85	-44	16
1700000060740	1924	-2219	-78	-85	-41	40
1700000060750	1954	-2176	-52	-60	-56	32
1700000060760	1981	-2204	-90	-97	-52	28
1700000060770	1973	-2234	-76	-92	-74	36
1700000060780	1952	-2175	-90	-54	-50	26
1700000060790	1966	-2133	-63	-63	-20	21
1700000060800	1960	-2200	-63	-53	-53	6
1700000060810	1992	-2200	-44	-97	-92	26
1700000060820	1974	-2148	-26	-89	-33	-4
1700000060830	1947	-2199	-48	-114	-97	31
1700000060840	1949	-2207	-55	-67	-36	5
1700000060850	1980	-2213	-38	-63	-66	23
1700000060860	1946	-2202	-21	-82	-96	18
1700000060870	1984	-2214	-51	-65	-63	20
1700000060880	1974	-2182	-90	-29	-88	22
1700000060890	1955	-2182	-67	-82	-17	21
1700000060900	1936	-2207	-67	-83	-95	7
1700000060910	1975	-2208	-65	-96	-51	-3
1700000060920	1969	-2250	-94	-85	-12	32
1700000060930	1969	-2175	-88	-115	-99	14
1700000060940	1959	-2205	-101	-73	-46	-8
1700000060950	1955	-2209	-68	-46	-49	7
1700000060960	1976	-2198	4	-88	-35	51
1700000060970	1943	-2228	-4	-93	-86	14
1700000060980	1945	-2186	-16	-75	-58	-13
1700000060990	1936	-2198	-67	-67	-66	32
1700000061000	1945	-2165	-40	-106	-65	10
1700000061010	1927	-2193	-36	-62	-28	5
1700000061020	1945	-2224	-43	-45	-114	13
1700000061030	2001	-2217	-73	-94	-113	29
1700000061040	1946	-2223	-11	-115	-43	0
1700000061050	1969	-2208	-44	-94	-69	38
1700000061060	1947	-2247	-103	-79	-107	15
1700000061070	1932	-2185	-60	-93	-72	26
1700000061080	1930	-2200	-56	-34	-86	-7
1700000061090	1977	-2238	-56	-84	-15	20
1700000061100	1965	-2188	-13	-67	-94	39
1700000061110	1965	-2216	-80	-65	-58	7
1700000061120	1965	-2242	-71	-55	-76	-16
1700000061130	1953	-2211	-28	-74	-15	3
1700000061140	1945	-2205	-43	-49	-59	-2
1700000061150	1951	-2214	-52	-68	-71	8
1700000061160	1898	-2198	-102	-74	-44	12
1700000061170	1944	-2186	-45	-87	-46	20
1700000061180	1966	-2224	-43	-60	-103	18
1700000061190	1925	-2203	-30	-85	-102	1
1700000061200	1930	-2187	-50	-46	-67	2
1700000061210	1954	-2240	-30	-88	-26	-3
1700000061220	1943	-2238	-34	-101	-85	-4
1700000061230	1956	-2225	-15	-70	-55	-26
1700000061240	1951	-2225	-53	-87	-68	33
1700000061250	1947	-2219	-65	-74	-67	22
1700000061260	1925	-2208	-45	-57	-62	-27
1700000061270	1945	-2221	-53	-75	-67	14
1700000061280	1968	-2226	-73	-55	-20	21
1700000061290	1972	-2246	-42	-60	-56	-10
1700000061300	1962	-2218	-3	-55	-72	13
1700000061310	1996	-2186	-31	-45	-41	-11
1700000061320	1962	-2224	-54	-90	-73	42
1700000061330	1944	-2236	-15	-65	-123	33
1700000061340	1967	-2226	-24	-48	-91	24
1700000061350	1943	-2224	-67	-115	-54	-22
1700000061360	1985	-2238	-62	-72	-55	6
1700000061370	1921	-2231	-70	-46	-40	-45
1700000061380	1920	-2222	-31	-88	-63	-10
1700000061390	1969	-2220	-23	-120	-84	4
1700000061400	1932	-2211	-41	-50	-100	12
1700000061410	1963	-2219	-50	-60	-107	24
1700000061420	1944	-2217	-80	-53	-50	18
1700000061430	1930	-2231	-41	-82	-60	11
1700000061440	1979	-2246	-77	-66	-56	50
1700000061450	1992	-2244	-63	-56	-83	12
1700000061460	1984	-2189	-34	-52	-57	-7
1700000061470	1994	-2228	-25	-81	-76	14
1700000061480	1997	-2235	-73	-57	-49	9
1700000061490	1954	-2248	-49	-58	-51	33
1700000061500	1972	-2246	-43	-89	-58	-23
1700000061510	1934	-2218	-53	-59	3	-4
1700000061520	1916	-2228	-50	-81	-68	8
1700000061530	1984	-2185	-52	-30	-54	49
1700000061540	1963	-2235	-56	-59	-67	-10
1700000061550	1971	-2249	-35	-86	-49	4
1700000061560	1929	-2205	-111	-51	-51	22
1700000061570	1891	-2199	-43	-111	-51	20
1700000061580	1938	-2232	-99	-70	-64	-20
1700000061590	1950	-2242	5	-90	-69	24
1700000061600	1956	-2220	-59	-74	-37	33
1700000061610	1920	-2215	-64	-63	-77	-16
1700000061620	1979	-2201	-30	-65	-37	7
1700000061630	1922	-2228	-110	-68	-42	33
1700000061640	1970	-2276	-62	-39	-26	21
1700000061650	1989	-2259	-64	-71	-64	10
1700000061660	1965	-2237	-65	-40	-86	-44
1700000061670	1962	-2228	-68	-87	-63	23
1700000061680	1954	-2207	-34	-27	-59	-20
1700000061690	1984	-2238	33	-48	-22	0
1700000061700	1989	-2230	-54	-74	-44	60
1700000061710	1964	-2228	-63	-33	-65	4
1700000061720	1951	-2225	-59	-47	-75	-8
1700000061730	1911	-2241	-61	-72	-23	-22
1700000061740	1964	-2240	-50	-13	-37	6
1700000061750	1961	-2270	-41	-60	-59	19
1700000061760	1919	-2185	-22	-58	-47	25
1700000061770	1952	-2231	-53	-63	-43	0
1700000061780	1978	-2230	-47	-86	-45	28
1700000061790	1931	-2251	-33	-37	-53	-30
1700000061800	1973	-2214	-51	-78	-53	3
1700000061810	1913	-2226	-53	-47	-56	67
1700000061820	1955	-2267	-54	-47	-50	19
1700000061830	1969	-2264	-45	-65	-38	46
1700000061840	1951	-2244	-19	-87	-6	-22
1700000061850	1968	-2217	-63	-60	-39	-15
1700000061860	1942	-2256	-45	-32	-71	-12
1700000061870	1904	-2234	-15	-28	-67	2
1700000061880	1949	-2266	-44	-55	-44	10
1700000061890	1929	-2242	-31	-61	-40	44
1700000061900	1919	-2228	-13	-84	-64	7
1700000061910	1925	-2234	-29	-26	-63	5
1700000061920	1945	-2240	-29	-57	-93	23
1700000061930	1981	-2259	-34	-32	-57	32
1700000061940	1947	-2257	-29	-36	-60	-12
1700000061950	1921	-2245	-71	-25	-30	-20
1700000061960	1901	-2226	-19	-52	-82	22
1700000061970	1946	-2240	-26	-66	-39	42
1700000061980	1953	-2273	-59	-49	-64	40
1700000061990	1916	-2250	-10	-34	-43	-30
1700000062000	1940	-2236	-23	-84	-87	7
1700000062010	1978	-2228	25	-44	-80	-34
1700000062020	1916	-2234	-46	-60	-36	13
1700000062030	1966	-2255	-12	-9	-56	46
1700000062040	1955	-2273	-21	-79	-107	-9
1700000062050	1933	-2248	-43	-26	-52	-39
1700000062060	1935	-2217	-18	-28	-57	-23
1700000062070	1952	-2238	-12	8	-55	24
1700000062080	1948	-2201	-51	-44	-63	9
1700000062090	1928	-2241	-60	-48	-98	26
1700000062100	1959	-2244	-40	-100	-67	-9
1700000062110	1944	-2220	-40	-52	-20	-14
1700000062120	1979	-2226	-43	-62	-52	19
1700000062130	1954	-2240	-43	-50	-78	-5
1700000062140	1902	-2226	-3	-32	-77	-10
1700000062150	1919	-2236	-4	-49	-30	19
1700000062160	1963	-2214	-33	-11	-60	-2
1700000062170	1887	-2238	-25	-49	-36	-39
1700000062180	1927	-2235	-44	-59	-42	-14
1700000062190	1931	-2250	-59	-44	-41	7
1700000062200	1933	-2212	-45	-65	-72	-8
1700000062210	1920	-2241	-21	-56	-56	-1
1700000062220	1910	-2228	-47	-44	-75	-11
1700000062230	1949	-2252	-56	13	-58	-16
1700000062240	1865	-2261	-23	-7	-36	-6
1700000062250	1893	-2260	-51	-55	-31	-4
1700000062260	1931	-2266	-52	-45	-82	5
1700000062270	1921	-2237	-24	-70	-83	-7
1700000062280	1934	-2235	-2	-67	-34	27
1700000062290	1941	-2238	-29	-6	-44	-27
1700000062300	1877	-2245	-25	-60	-83	-35
1700000062310	1899	-2244	-30	-54	-44	12
1700000062320	1948	-2244	-77	-79	-70	11
1700000062330	1925	-2319	-49	-39	-86	-7
1700000062340	1957	-2264	-59	-31	-77	-22
1700000062350	1921	-2260	-22	-57	-56	-16
1700000062360	1908	-2282	-88	-27	-66	17
1700000062370	1919	-2252	-59	-84	-66	-3
1700000062380	1914	-2272	-53	-84	-49	2
1700000062390	1945	-2276	-28	-63	-39	16
1700000062400	1919	-2236	-56	-28	-55	9
1700000062410	1917	-2224	-17	-23	-69	-22
1700000062420	1925	-2260	-32	-51	-53	9
1700000062430	1917	-2264	-30	-43	-67	-37
1700000062440	1933	-2283	-50	-45	-55	-43
1700000062450	1915	-2251	-74	-17	-35	-18
1700000062460	1923	-2246	-65	-21	-44	16
1700000062470	1915	-2288	-71	-88	-63	-23
1700000062480	1891	-2239	-25	-100	-47	-14
1700000062490	1948	-2253	-11	-74	-49	-23
1700000062500	1905	-2273	-48	-42	-48	-1
1700000062510	1890	-2244	-49	-41	-60	21
1700000062520	1925	-2294	-19	-34	-83	15
1700000062530	1944	-2281	-40	-49	-46	-1
1700000062540	1947	-2275	-26	-45	-55	-4
1700000062550	1935	-2251	-66	-84	-35	-36
1700000062560	1938	-2271	-72	-43	-27	-1
1700000062570	1933	-2236	-30	-67	-67	10
1700000062580	1921	-2271	-24	-54	-23	1
1700000062590	1928	-2223	-7	-34	-61	7
1700000062600	1913	-2298	-22	-37	-54	-47
1700000062610	1932	-2261	-84	-33	-33	-43
1700000062620	1929	-2251	-21	-44	-86	-33
1700000062630	1935	-2228	-48	-5	-27	-7
1700000062640	1918	-2305	-27	-33	-12	12
1700000062650	1889	-2275	-54	-39	-74	0
1700000062660	1892	-2260	-39	-28	-68	-26
1700000062670	1892	-2255	-38	-47	-49	-2
1700000062680	1926	-2257	-68	-69	-43	-38
1700000062690	1863	-2240	-42	-8	-44	-86
1700000062700	1944	-2247	-35	-60	-34	-32
1700000062710	1905	-2252	-86	-64	-30	3
1700000062720	1911	-2259	-67	-79	-47	-39
1700000062730	1925	-2276	-68	-38	-125	20
1700000062740	1856	-2278	-48	-24	-36	-3
1700000062750	1893	-2253	-84	-100	-36	-8
1700000062760	1880	-2269	-60	-78	-16	23
1700000062770	1889	-2238	-6	-61	-57	-3
1700000062780	1873	-2280	-47	-45	-98	-4
1700000062790	1911	-2237	-82	-20	-37	-26
1700000062800	1929	-2272	-75	-54	-46	-22
1700000062810	1871	-2263	-57	-16	-41	-39
1700000062820	1880	-2226	-74	-59	-44	-8
1700000062830	1879	-2267	-63	-52	-91	-8
1700000062840	1925	-2264	-7	-25	-75	-23
1700000062850	1927	-2260	-70	3	-64	-16
1700000062860	1909	-2253	-27	-58	20	10
1700000062870	1922	-2291	-82	-75	-90	1
1700000062880	1899	-2237	-57	-18	-75	25
1700000062890	1915	-2264	-47	-20	0	-24
1700000062900	1954	-2273	-64	-35	-31	-2
1700000062910	1932	-2290	-85	-49	-44	-19
1700000062920	1900	-2247	-53	-106	-36	27
1700000062930	1876	-2310	-30	-79	-89	0
1700000062940	1879	-2216	-60	-54	-42	-41
1700000062950	1880	-2222	-62	-44	-43	37
1700000062960	1936	-2257	-54	-21	-58	31
1700000062970	1922	-2262	-13	-33	-28	-5
1700000062980	1894	-2259	-39	-57	-66	2
1700000062990	1872	-2253	-45	-102	-31	-25
1700000063000	1882	-2273	-66	-55	-32	14
1700000063010	1895	-2243	-63	-7	-53	-22
1700000063020	1882	-2261	-57	-31	-54	-15
1700000063030	1880	-2248	-36	-83	10	-23
1700000063040	1893	-2253	-10	-79	-31	-4
1700000063050	1877	-2278	-64	-60	-85	33
1700000063060	1844	-2291	-61	-45	13	-1
1700000063070	1874	-2279	-76	-31	-39	3
1700000063080	1884	-2282	-30	-29	-43	-12
1700000063090	1918	-2246	-36	-42	-26	-21
1700000063100	1914	-2237	-53	-3	-24	-40
1700000063110	1921	-2263	-67	-46	-60	-57
1700000063120	1918	-2267	-103	-46	-27	3
1700000063130	1901	-2244	-53	-57	-17	-11
1700000063140	1893	-2249	-51	-47	-41	-22
1700000063150	1890	-2261	-61	-49	-13	-26
1700000063160	1909	-2287	-53	-38	-59	-19
1700000063170	1869	-2286	-64	-25	-43	26
1700000063180	1898	-2257	-63	-89	-40	-11
1700000063190	1900	-2245	-58	-66	-92	-1
1700000063200	1930	-2239	-58	-49	-22	-32
1700000063210	1895	-2292	-61	-26	-29	-26
1700000063220	1901	-2268	-99	-72	-11	-13
1700000063230	1906	-2254	-23	-56	-60	-30
1700000063240	1926	-2281	-57	-83	-58	-19
1700000063250	1894	-2237	-78	-71	-41	-13
1700000063260	1887	-2258	-56	-28	-52	4
1700000063270	1898	-2235	-78	-59	-49	-19
1700000063280	1865	-2257	-68	-30	-64	2
1700000063290	1880	-2241	-72	-84	-25	-2
1700000063300	1866	-2239	-48	-36	-70	28
1700000063310	1886	-2216	-78	-71	-66	-12
1700000063320	1840	-2312	-26	-62	-36	-37
1700000063330	1886	-2255	-59	-66	-42	-22
1700000063340	1857	-2246	-42	-28	-71	-14
1700000063350	1899	-2248	-83	-32	-66	-63
1700000063360	1861	-2179	-70	-94	-25	-35
1700000063370	1859	-2244	-101	-82	-34	-41
1700000063380	1928	-2309	-65	-30	-69	-30
1700000063390	1904	-2281	-84	-93	-32	-31
1700000063400	1920	-2272	-99	-93	-28	10
1700000063410	1888	-2225	-86	-76	-73	14
1700000063420	1843	-2239	-75	-59	-45	-75
1700000063430	1845	-2279	-98	-57	-17	4
1700000063440	1921	-2259	-56	-64	-68	7
1700000063450	1883	-2261	-76	-21	-44	-12
1700000063460	1900	-2249	-83	-44	-11	8
1700000063470	1867	-2268	-95	-73	1	-27
1700000063480	1909	-2239	-85	-52	-35	25
1700000063490	1851	-2277	-62	-78	-29	-20
1700000063500	1909	-2259	-89	-25	-30	-23
1700000063510	1879	-2235	-69	-48	-48	-13
1700000063520	1833	-2254	-102	-46	-45	-5
1700000063530	1853	-2238	-41	-50	-17	-34
1700000063540	1912	-2245	-46	-17	-66	-61
1700000063550	1873	-2277	-110	-57	14	-19
1700000063560	1840	-2250	-70	-55	6	-14
1700000063570	1859	-2255	-88	-77	-78	-14
1700000063580	1898	-2225	-79	-57	27	-40
1700000063590	1858	-2215	-115	-82	-33	-50
1700000063600	1883	-2221	-104	-47	-65	-1
1700000063610	1892	-2235	-74	-49	-46	18
1700000063620	1904	-2222	-108	-74	-79	-32
1700000063630	1835	-2261	-99	-78	-46	-11
1700000063640	1846	-2265	-83	-29	-96	-78
1700000063650	1873	-2284	-31	-93	-35	-31
1700000063660	1854	-2264	-84	-73	-49	8
1700000063670	1870	-2254	-72	-53	-45	-1
1700000063680	1831	-2275	-68	-76	-41	-17
1700000063690	1863	-2267	-87	-73	-23	-5
1700000063700	1852	-2233	-76	-50	-50	-33
1700000063710	1855	-2245	-68	-90	-58	-22
1700000063720	1887	-2253	-78	-37	-48	7
1700000063730	1858	-2227	-55	-54	15	-26
1700000063740	1874	-2223	-61	-67	-49	-38
1700000063750	1902	-2249	-106	-108	-31	-31
1700000063760	1870	-2247	-111	-66	-48	-5
1700000063770	1867	-2229	-93	-100	-40	39
1700000063780	1863	-2249	-53	-76	-9	-2
1700000063790	1856	-2240	-100	-41	-35	-38
1700000063800	1874	-2231	-94	-74	-24	-41
1700000063810	1863	-2229	-79	-79	-40	2
1700000063820	1846	-2214	-57	-48	-65	13
1700000063830	1858	-2252	-101	-113	-27	-15
1700000063840	1871	-2231	-106	-8	40	-2
1700000063850	1844	-2216	-118	-61	-56	-34
1700000063860	1893	-2243	-72	-82	-49	-5
1700000063870	1914	-2244	-82	-89	-65	-3
1700000063880	1851	-2226	-105	-36	-17	-32
1700000063890	1820	-2231	-93	-100	-38	-61
1700000063900	1860	-2257	-73	-41	-62	-20
1700000063910	1884	-2225	-96	-80	-12	-21
1700000063920	1840	-2261	-58	-30	-33	10
1700000063930	1855	-2237	-73	-105	-15	-3
1700000063940	1879	-2219	-127	-72	-52	-47
1700000063950	1900	-2254	-102	-59	-80	-32
1700000063960	1869	-2232	-110	-75	-14	-25
1700000063970	1937	-2253	-106	-91	-29	-27
1700000063980	1906	-2225	-150	-95	-63	-17
1700000063990	1922	-2242	-116	-51	-8	-46
1700000064000	1883	-2228	-111	-101	-18	-6
1700000064010	1871	-2249	-128	-58	-57	-14
1700000064020	1929	-2199	-122	-37	-42	-21
1700000064030	1841	-2197	-111	-44	-49	-26
1700000064040	1873	-2239	-46	-68	-57	12
1700000064050	1871	-2237	-68	-67	-27	18
1700000064060	1895	-2240	-118	-94	-38	-15
1700000064070	1857	-2237	-74	-96	-4	23
1700000064080	1907	-2206	-126	-74	-23	-16
1700000064090	1877	-2228	-94	-49	-25	-16
1700000064100	1853	-2206	-102	-65	-21	-56
1700000064110	1861	-2233	-89	-39	-6	-11
1700000064120	1891	-2255	-100	-54	-32	-21
1700000064130	1860	-2238	-128	-63	-38	-22
1700000064140	1905	-2214	-85	-87	-74	-31
1700000064150	1864	-2191	-117	-79	-15	15
1700000064160	1861	-2221	-103	-77	-43	-7
1700000064170	1861	-2198	-138	-38	-47	25
1700000064180	1880	-2242	-104	-75	-25	-30
1700000064190	1901	-2212	-101	-86	-8	-34
1700000064200	1848	-2201	-85	-49	-59	-14
1700000064210	1877	-2241	-87	-99	-39	-64
1700000064220	1861	-2224	-142	-78	-27	-21
1700000064230	1871	-2254	-146	-69	-16	-50
1700000064240	1874	-2227	-63	-103	-10	-8
1700000064250	1893	-2158	-111	-89	-40	-11
1700000064260	1860	-2227	-138	-92	15	14
1700000064270	1868	-2217	-123	-69	-49	-47
1700000064280	1863	-2245	-105	-88	-30	19
1700000064290	1886	-2215	-127	-89	-2	-9
1700000064300	1864	-2253	-139	-47	3	-23
1700000064310	1874	-2195	-76	-62	-38	15
1700000064320	1866	-2228	-144	-58	-53	-44
1700000064330	1873	-2216	-85	-52	-16	-14
1700000064340	1876	-2215	-90	-66	-74	-19
1700000064350	1872	-2202	-118	-75	-7	-51
1700000064360	1878	-2230	-119	-83	-38	-25
1700000064370	1884	-2172	-115	-100	-19	-49
1700000064380	1866	-2201	-120	-59	-33	-2
1700000064390	1891	-2223	-104	-135	-49	-11
1700000064400	1888	-2220	-116	-80	-39	-16
1700000064410	1852	-2226	-118	-71	-33	-55
1700000064420	1901	-2218	-124	-76	-12	33
1700000064430	1876	-2244	-83	-70	-40	3
1700000064440	1917	-2219	-110	-55	-20	-57
1700000064450	1921	-2190	-124	-79	-40	0
1700000064460	1905	-2228	-154	-60	6	-29
1700000064470	1895	-2237	-133	-106	-61	3
1700000064480	1892	-2215	-118	-69	-22	-50
1700000064490	1881	-2243	-110	-58	-26	8
1700000064500	1883	-2194	-115	-113	-55	-18
1700000064510	1860	-2214	-175	-65	-35	42
1700000064520	1879	-2221	-127	-85	-41	14
1700000064530	1923	-2180	-126	-64	-70	29
1700000064540	1878	-2198	-117	-109	-55	-34
1700000064550	1886	-2212	-117	-81	-17	-25
1700000064560	1880	-2216	-120	-49	-24	-43
1700000064570	1869	-2246	-151	-78	15	6
1700000064580	1858	-2223	-100	-86	-25	11
1700000064590	1870	-2200	-101	-81	-8	-46
1700000064600	1865	-2235	-147	-96	-33	-17
1700000064610	1870	-2224	-139	-80	-37	-47
1700000064620	1946	-2196	-129	-92	-23	-26
1700000064630	1916	-2215	-124	-54	-33	-19
1700000064640	1884	-2207	-99	-70	-18	7
1700000064650	1893	-2200	-118	-95	-66	0
1700000064660	1920	-2184	-124	-98	-7	6
1700000064670	1924	-2209	-145	-92	-48	24
1700000064680	1880	-2236	-169	-98	-50	-22
1700000064690	1950	-2205	-179	-111	-20	-28
1700000064700	1891	-2200	-117	-80	16	-22
1700000064710	1896	-2202	-124	-48	-36	-14
1700000064720	1908	-2211	-111	-63	-2	-18
1700000064730	1896	-2198	-143	-87	-50	10
1700000064740	1898	-2288	-198	-111	-15	-25
1700000064750	1933	-2229	-131	-119	-28	-9
1700000064760	1926	-2205	-118	-57	-3	-24
1700000064770	1888	-2204	-143	-71	-70	3
1700000064780	1947	-2212	-117	-81	-39	-2
1700000064790	1879	-2226	-151	-55	-21	-11
1700000064800	1874	-2236	-141	-105	-7	22
1700000064810	1861	-2196	-164	-60	-43	8
1700000064820	1902	-2205	-136	-79	-29	-8
1700000064830	1915	-2202	-113	-93	0	-8
1700000064840	1900	-2185	-92	-102	-34	-17
1700000064850	1873	-2224	-130	-90	-46	-57
1700000064860	1920	-2216	-144	-119	-31	-20
1700000064870	1885	-2223	-121	-125	-26	4
1700000064880	1923	-2190	-99	-94	-12	-41
1700000064890	1898	-2200	-126	-112	-34	-7
1700000064900	1922	-2186	-142	-65	-30	-37
1700000064910	1917	-2198	-146	-71	-34	-6
1700000064920	1896	-2222	-113	-117	-49	5
1700000064930	1894	-2183	-152	-66	-43	-46
1700000064940	1904	-2208	-127	-99	-50	17
1700000064950	1950	-2217	-175	-80	-42	6
1700000064960	1927	-2212	-168	-85	-23	-13
1700000064970	1923	-2180	-136	-95	-51	2
1700000064980	1955	-2194	-141	-69	-34	-21
1700000064990	1912	-2235	-134	-74	-48	-30
1700000065000	1920	-2192	-103	-66	-46	13
1700000065010	1916	-2209	-112	-86	-3	21
1700000065020	1941	-2210	-148	-73	-8	-37
1700000065030	1954	-2232	-138	-117	-10	-11
1700000065040	1947	-2183	-139	-94	-62	15
1700000065050	1909	-2203	-129	-111	-49	-9
1700000065060	1934	-2186	-186	-100	9	-4
1700000065070	1914	-2209	-122	-105	-26	0
1700000065080	1948	-2179	-109	-128	-40	10
1700000065090	1914	-2206	-162	-128	-54	10
1700000065100	1895	-2190	-102	-69	-54	-4
1700000065110	1877	-2168	-113	-115	-13	-3
1700000065120	1930	-2219	-190	-85	-44	-26
1700000065130	1887	-2205	-119	-97	-85	30
1700000065140	1902	-2228	-184	-72	-49	-18
1700000065150	1937	-2202	-121	-91	-64	-27
1700000065160	1910	-2183	-150	-149	-45	19
1700000065170	1946	-2228	-134	-73	-12	-15
1700000065180	1963	-2170	-95	-102	-16	18
1700000065190	1934	-2181	-145	-90	-21	-26
1700000065200	1909	-2180	-170	-55	-25	2
1700000065210	1918	-2192	-137	-97	-14	-24
1700000065220	1885	-2190	-117	-129	-31	23
1700000065230	1930	-2160	-174	-137	-19	15
1700000065240	1889	-2203	-141	-130	-38	4
1700000065250	1959	-2190	-170	-71	-29	1
1700000065260	1926	-2203	-101	-88	-38	10
1700000065270	1894	-2168	-133	-74	-41	-12
1700000065280	1924	-2220	-118	-93	-15	-14
1700000065290	1940	-2202	-148	-84	-60	-40
1700000065300	1913	-2170	-143	-66	2	-4
1700000065310	1925	-2170	-145	-55	-70	-23
1700000065320	1931	-2162	-124	-122	-68	-46
1700000065330	1881	-2209	-162	-104	-27	11
1700000065340	1942	-2206	-151	-119	-17	-14
1700000065350	1925	-2199	-120	-95	-31	-17
1700000065360	1975	-2201	-124	-126	-33	-37
1700000065370	1917	-2211	-122	-117	4	10
1700000065380	1952	-2219	-102	-94	-39	-12
1700000065390	1899	-2204	-147	-115	-40	25
1700000065400	1966	-2177	-151	-90	-47	10
1700000065410	1988	-2187	-156	-67	-12	-19
1700000065420	1888	-2197	-124	-115	-81	22
1700000065430	1932	-2174	-163	-101	-73	35
1700000065440	1966	-2202	-163	-93	-40	-6
1700000065450	1939	-2181	-144	-75	-28	-13
1700000065460	1932	-2162	-106	-40	-25	18
1700000065470	1934	-2211	-157	-71	-40	10
1700000065480	1951	-2188	-145	-91	-25	10
1700000065490	1949	-2199	-152	-57	9	11
1700000065500	1966	-2189	-147	-97	-42	17
1700000065510	1916	-2160	-149	-76	-12	19
1700000065520	1933	-2194	-154	-121	1	17
1700000065530	1925	-2194	-150	-91	-45	2
1700000065540	1973	-2206	-142	-101	-12	35
1700000065550	1937	-2213	-125	-51	-11	31
1700000065560	1930	-2159	-178	-92	-39	1
1700000065570	1914	-2174	-149	-77	-18	-33
1700000065580	1967	-2180	-150	-84	-16	-2
1700000065590	1942	-2223	-116	-119	-78	17
1700000065600	1930	-2176	-171	-85	-39	49
1700000065610	1940	-2205	-105	-85	-63	27
1700000065620	1985	-2173	-200	-111	-79	-61
1700000065630	1941	-2219	-186	-80	-16	-12
1700000065640	1963	-2199	-137	-100	-25	19
1700000065650	1941	-2190	-161	-72	-62	-19
1700000065660	1987	-2155	-91	-82	-56	20
1700000065670	1961	-2177	-172	-70	-44	25
1700000065680	1924	-2159	-203	-58	-26	-1
1700000065690	1940	-2200	-160	-112	-26	32
1700000065700	1955	-2188	-165	-109	-40	-19
1700000065710	1966	-2179	-131	-80	25	14
1700000065720	1960	-2156	-137	-80	16	43
1700000065730	1950	-2203	-156	-88	-24	28
1700000065740	1941	-2218	-150	-65	-47	-29
1700000065750	1987	-2168	-154	-72	-32	15
1700000065760	1927	-2228	-132	-97	-20	-16
1700000065770	1945	-2195	-170	-91	-10	50
1700000065780	1903	-2235	-148	-101	-70	-8
1700000065790	1948	-2203	-128	-83	-42	-29
1700000065800	1955	-2205	-169	-113	-54	13
1700000065810	1997	-2179	-163	-93	5	9
1700000065820	1929	-2198	-152	-73	-42	24
1700000065830	1935	-2174	-176	-108	-25	21
1700000065840	1985	-2198	-146	-58	-24	-25
1700000065850	1949	-2219	-166	-96	-34	-7
1700000065860	1938	-2176	-128	-117	-32	23
1700000065870	1937	-2197	-154	-104	-26	18
1700000065880	1941	-2175	-139	-69	14	5
1700000065890	1945	-2193	-134	-59	-4	-6
1700000065900	1919	-2215	-141	-93	-25	45
1700000065910	1995	-2186	-171	-79	-12	30
1700000065920	1953	-2217	-150	-96	-47	22
1700000065930	1956	-2218	-137	-84	-23	62
1700000065940	1933	-2180	-176	-74	-97	14
1700000065950	1918	-2190	-141	-104	-33	12
1700000065960	1956	-2216	-169	-67	-12	53
1700000065970	1960	-2167	-144	-102	-51	-6
1700000065980	1954	-2167	-176	-41	-17	-10
1700000065990	1983	-2194	-169	-71	-44	11
1700000066000	1977	-2193	-107	-57	-59	-34
1700000066010	1951	-2155	-134	-68	-41	-18
1700000066020	1956	-2174	-125	-103	-42	-13
1700000066030	1952	-2191	-164	-107	-49	17
1700000066040	1965	-2177	-212	-84	-54	33
1700000066050	1967	-2166	-135	-71	-21	-5
1700000066060	2014	-2169	-152	-14	-10	5
1700000066070	1952	-2173	-161	-105	-23	-19
1700000066080	1970	-2211	-124	-85	1	23
1700000066090	1954	-2190	-145	-130	-50	-2
1700000066100	1956	-2185	-189	-104	-44	10
1700000066110	1992	-2153	-148	-81	-1	15
1700000066120	1985	-2213	-103	-50	1	34
1700000066130	1956	-2174	-134	-84	-32	46
1700000066140	1968	-2197	-162	-88	-39	20
1700000066150	1943	-2175	-145	-84	-28	10
1700000066160	1942	-2164	-130	-32	-45	0
1700000066170	2005	-2221	-161	-105	-13	37
1700000066180	1994	-2169	-162	-107	-60	27
1700000066190	1966	-2183	-119	-86	-11	14
1700000066200	1964	-2193	-129	-82	-22	30
1700000066210	1980	-2188	-143	-76	1	35
1700000066220	2009	-2190	-172	-114	-52	-17
1700000066230	1995	-2172	-114	-57	-44	15
1700000066240	1956	-2171	-159	-61	-16	32
1700000066250	1935	-2215	-150	-62	-37	19
1700000066260	1958	-2160	-103	-68	-33	2
1700000066270	1945	-2220	-176	-110	-41	-22
1700000066280	1942	-2184	-114	-64	-26	7
1700000066290	1933	-2228	-158	-99	-62	3
1700000066300	1963	-2192	-138	-83	-73	13
1700000066310	1922	-2182	-163	-97	-25	23
1700000066320	1929	-2229	-205	-59	-42	21
1700000066330	1937	-2205	-182	-38	-66	-9
1700000066340	1930	-2184	-156	-91	-43	20
1700000066350	1954	-2169	-153	-72	-17	-1
1700000066360	1963	-2171	-184	-76	-25	26
1700000066370	1999	-2163	-144	-74	-61	23
1700000066380	1931	-2211	-160	-65	-44	-2
1700000066390	1919	-2163	-158	-51	-16	27
1700000066400	1959	-2184	-147	-85	-37	3
1700000066410	1978	-2220	-141	-51	-41	11
1700000066420	1931	-2166	-139	-73	-51	14
1700000066430	1987	-2213	-157	-71	-55	8
1700000066440	1966	-2205	-140	-68	-67	-14
1700000066450	1984	-2181	-126	-84	-27	30
1700000066460	1975	-2231	-138	-112	-63	11
1700000066470	1957	-2191	-94	-74	-52	7
1700000066480	1954	-2155	-155	-83	-66	34
1700000066490	1959	-2213	-132	-62	-30	18
1700000066500	1927	-2220	-104	-56	-39	31
1700000066510	1980	-2178	-114	-82	-52	-9
1700000066520	1932	-2184	-141	-67	-18	20
1700000066530	1992	-2208	-121	-48	1	40
1700000066540	1915	-2173	-124	-77	-65	35
1700000066550	1947	-2227	-185	-87	-41	47
1700000066560	1991	-2214	-166	-81	-43	-20
1700000066570	1951	-2211	-136	-52	-17	29
1700000066580	1958	-2216	-121	-105	-69	43
1700000066590	1960	-2228	-178	-50	-36	23
1700000066600	1968	-2213	-147	-79	-55	-10
1700000066610	1918	-2182	-137	-67	-25	2
1700000066620	1983	-2205	-129	-53	-23	-16
1700000066630	1963	-2160	-109	-103	-74	-6
1700000066640	1967	-2187	-134	-81	-24	21
1700000066650	1943	-2243	-146	-68	-28	24
1700000066660	1949	-2209	-135	-58	-88	59
1700000066670	1940	-2188	-128	-73	-8	41
1700000066680	1943	-2198	-162	-59	-49	14
1700000066690	1941	-2199	-118	-73	-22	-2
1700000066700	1957	-2205	-153	-55	-25	-8
1700000066710	1930	-2199	-105	-73	-73	22
1700000066720	1949	-2171	-136	-55	-6	-19
1700000066730	1876	-2183	-127	-96	-31	13
1700000066740	1925	-2170	-126	-46	-64	0
1700000066750	1939	-2177	-144	-69	-9	44
1700000066760	1942	-2202	-139	-37	-39	47
1700000066770	1934	-2190	-144	-92	-93	-7
1700000066780	1945	-2182	-159	-32	-34	15
1700000066790	1949	-2192	-156	-53	-23	-7
1700000066800	1962	-2178	-107	-28	-21	50
1700000066810	1995	-2210	-104	-73	-88	30
1700000066820	1962	-2202	-126	-47	-44	2
1700000066830	1941	-2217	-93	-75	-29	2
1700000066840	1957	-2178	-137	-89	-20	3
1700000066850	1979	-2228	-136	-48	-34	-12
1700000066860	1933	-2208	-133	-72	-67	-12
1700000066870	1979	-2227	-107	-80	0	-3
1700000066880	1904	-2238	-137	-91	-6	14
1700000066890	1944	-2213	-102	-56	-42	21
1700000066900	1912	-2185	-105	-68	-22	-12
1700000066910	1938	-2177	-101	-60	-51	12
1700000066920	1989	-2189	-114	-47	7	-21
1700000066930	1937	-2239	-127	-83	-47	-1
1700000066940	1942	-2226	-124	-46	-34	4
1700000066950	1913	-2246	-134	-66	-23	-8
1700000066960	1959	-2206	-82	-23	-53	61
1700000066970	1960	-2220	-161	-54	-39	29
1700000066980	1976	-2229	-136	-58	-68	31
1700000066990	1972	-2202	-141	-44	-87	-20
1700000067000	1964	-2202	-113	-64	-41	21
1700000067010	1941	-2170	-112	-60	-23	9
1700000067020	1936	-2249	-142	-100	-44	38
1700000067030	1913	-2196	-89	-50	-104	18
1700000067040	1946	-2209	-142	-24	-35	31
1700000067050	1923	-2216	-126	-65	-112	-3
1700000067060	1986	-2178	-119	-52	-21	33
1700000067070	1980	-2243	-129	-65	-21	29
1700000067080	1922	-2222	-115	-35	-73	12
1700000067090	1925	-2224	-106	-45	-30	38
1700000067100	2003	-2228	-73	-41	-63	-11
1700000067110	1954	-2245	-117	-54	-30	-53
1700000067120	1943	-2236	-122	-56	-32	50
1700000067130	1987	-2195	-107	-25	-31	20
1700000067140	1948	-2204	-148	-75	-52	4
1700000067150	1902	-2249	-133	-84	-47	39
1700000067160	1916	-2209	-106	-52	-21	37
1700000067170	1914	-2237	-118	-47	-27	36
1700000067180	1936	-2216	-111	-62	-33	31
1700000067190	1938	-2217	-113	-66	-65	7
1700000067200	1946	-2226	-116	-57	-28	20
1700000067210	1902	-2201	-99	-81	-45	-3
1700000067220	1943	-2219	-95	-42	-61	-12
1700000067230	1929	-2184	-132	-101	-70	-20
1700000067240	1909	-2246	-131	-57	-44	45
1700000067250	1930	-2159	-134	-57	-55	17
1700000067260	1898	-2193	-130	-49	-57	12
1700000067270	1944	-2201	-123	-42	-30	43
1700000067280	1946	-2192	-109	-9	-45	43
1700000067290	1927	-2215	-122	-69	-59	-7
1700000067300	1932	-2205	-90	-77	-92	13
1700000067310	1870	-2262	-130	-98	-42	-27
1700000067320	1905	-2232	-112	-33	-40	10
1700000067330	1939	-2218	-128	-45	-78	-22
1700000067340	1931	-2232	-121	-57	-51	-5
1700000067350	1912	-2207	-69	-45	-44	15
1700000067360	1940	-2230	-120	-58	-72	18
1700000067370	1894	-2270	-145	-65	-60	13
1700000067380	1945	-2209	-136	-57	-44	5
1700000067390	1924	-2199	-96	-36	-75	11
1700000067400	1908	-2211	-112	-50	-83	29
1700000067410	1942	-2236	-83	-53	-29	-6
1700000067420	1875	-2236	-102	-80	-46	14
1700000067430	1913	-2202	-119	-38	-5	1
1700000067440	1926	-2252	-81	-29	-45	5
1700000067450	1920	-2201	-100	-1	-71	-24
1700000067460	1905	-2198	-124	-95	-43	18
1700000067470	1932	-2230	-121	-57	-46	7
1700000067480	1903	-2243	-118	-77	-66	-2
1700000067490	1909	-2266	-118	-53	-7	14
1700000067500	1915	-2252	-74	-38	-87	17
1700000067510	1917	-2209	-71	-78	-41	-27
1700000067520	1889	-2228	-113	-92	-60	43
1700000067530	1930	-2238	-131	-63	-46	4
1700000067540	1903	-2231	-151	-17	-40	16
1700000067550	1886	-2192	-143	-35	-54	26
1700000067560	1948	-2261	-118	-94	-25	-22
1700000067570	1914	-2194	-129	-60	-87	62
1700000067580	1896	-2242	-100	-25	-57	5
1700000067590	1942	-2241	-82	-38	-46	33
1700000067600	1936	-2250	-115	-19	-41	28
1700000067610	1960	-2267	-111	-77	-61	19
1700000067620	1903	-2204	-133	-20	-35	2
1700000067630	1873	-2201	-85	-35	-55	11
1700000067640	1927	-2191	-71	-60	-57	32
1700000067650	1906	-2260	-83	-28	-45	30
1700000067660	1928	-2225	-137	-29	-73	64
1700000067670	1911	-2299	-86	-19	-49	18
1700000067680	1883	-2222	-87	-58	-21	58
1700000067690	1931	-2281	-95	-75	-68	29
1700000067700	1867	-2228	-66	-44	-84	21
1700000067710	1910	-2247	-93	-55	-51	19
1700000067720	1934	-2237	-102	-47	-73	33
1700000067730	1905	-2248	-59	-59	-41	-14
1700000067740	1885	-2208	-124	-5	-49	41
1700000067750	1927	-2231	-105	-22	-31	5
1700000067760	1861	-2217	-92	-56	-57	58
1700000067770	1929	-2250	-108	-24	-64	28
1700000067780	1879	-2229	-100	-10	-87	-7
1700000067790	1925	-2228	-102	-70	-67	-1
1700000067800	1869	-2212	-77	-30	-80	31
1700000067810	1918	-2223	-91	-55	-46	-5
1700000067820	1860	-2231	-83	-68	-43	6
1700000067830	1882	-2249	-95	-64	-29	11
1700000067840	1900	-2252	-86	-67	-60	-7
1700000067850	1914	-2216	-90	-102	-8	10
1700000067860	1887	-2234	-82	-26	-11	40
1700000067870	1876	-2230	-99	-63	-63	41
1700000067880	1859	-2230	-103	-47	-76	-60
1700000067890	1897	-2254	-82	-71	-74	35
1700000067900	1882	-2240	-104	-48	-47	-8
1700000067910	1910	-2224	-102	-45	-36	-22
1700000067920	1889	-2246	-66	-41	-79	40
1700000067930	1890	-2243	-82	-49	-46	26
1700000067940	1885	-2241	-123	-14	-49	69
1700000067950	1906	-2254	-83	-58	-52	10
1700000067960	1891	-2247	-117	-31	-71	-32
1700000067970	1909	-2252	-101	-26	-69	42
1700000067980	1871	-2239	-70	-42	-29	8
1700000067990	1897	-2256	-67	-69	-60	25
1700000068000	1891	-2278	-82	-35	-64	1
1700000068010	1880	-2226	-70	-52	-46	1
1700000068020	1872	-2230	-87	-71	-66	1
1700000068030	1861	-2210	-98	-51	-39	7
1700000068040	1905	-2240	-98	-36	-88	12
1700000068050	1866	-2252	-79	-17	-52	4
1700000068060	1897	-2256	-100	-24	-66	21
1700000068070	1893	-2207	-65	-63	-18	-3
1700000068080	1899	-2233	-122	-52	-45	10
1700000068090	1921	-2281	-99	-19	-68	13
1700000068100	1908	-2247	-74	-42	-79	30
1700000068110	1874	-2280	-88	-18	-77	-1
1700000068120	1884	-2272	-86	-29	-56	32
1700000068130	1919	-2289	-90	-77	-26	-10
1700000068140	1884	-2249	-81	-65	-75	4
1700000068150	1879	-2258	-54	-60	-97	15
1700000068160	1889	-2210	-69	-53	-59	43
1700000068170	1834	-2284	-132	-49	-48	10
1700000068180	1919	-2272	-112	-25	-41	4
1700000068190	1893	-2254	-62	-16	-44	-8
1700000068200	1887	-2225	-81	-68	-59	-23
1700000068210	1859	-2239	-61	-26	-75	34
1700000068220	1867	-2244	-58	-56	-53	33
1700000068230	1882	-2252	-111	-59	-84	-32
1700000068240	1863	-2286	-27	-49	-64	20
1700000068250	1891	-2291	-61	-26	-70	-3
1700000068260	1858	-2224	-73	-15	-74	-24
1700000068270	1877	-2244	-99	-79	-33	39
1700000068280	1884	-2260	-65	2	-24	40
1700000068290	1918	-2215	-43	-24	-70	-20
1700000068300	1890	-2252	-79	-30	-98	21
1700000068310	1866	-2277	-51	-64	-78	0
1700000068320	1875	-2276	-99	-64	-48	17
1700000068330	1886	-2265	-65	-28	-82	22
1700000068340	1910	-2250	-66	-7	-41	36
1700000068350	1882	-2273	-105	-66	-64	19
1700000068360	1857	-2267	-85	-13	-63	28
1700000068370	1869	-2266	-57	-66	-74	17
1700000068380	1862	-2266	-55	-63	-57	34
1700000068390	1889	-2277	-65	-36	-74	23
1700000068400	1852	-2285	-73	-38	-51	43
1700000068410	1872	-2249	-73	-85	-44	12
1700000068420	1868	-2235	-56	-70	-75	-18
1700000068430	1881	-2294	-46	-36	-63	46
1700000068440	1911	-2269	-97	-56	-45	10
1700000068450	1882	-2270	-22	-50	-86	-2
1700000068460	1894	-2215	-40	-67	-117	-22
1700000068470	1859	-2246	-58	-31	-70	17
1700000068480	1899	-2239	-84	-75	-40	60
1700000068490	1865	-2268	-110	-28	-53	-12
1700000068500	1876	-2243	-36	-21	-59	22
1700000068510	1865	-2244	-112	-76	-79	-36
1700000068520	1844	-2258	-44	-54	-97	-2
1700000068530	1903	-2256	-79	-90	-74	17
1700000068540	1876	-2254	-68	-13	-122	-28
1700000068550	1900	-2239	-68	-37	-53	32
1700000068560	1893	-2302	-18	-25	-82	-10
1700000068570	1871	-2257	-78	-37	-32	7
1700000068580	1882	-2237	-77	-92	-57	-3
1700000068590	1852	-2265	-74	-49	-76	9
1700000068600	1917	-2232	-51	-41	-44	8
1700000068610	1859	-2220	-24	-81	-45	31
1700000068620	1868	-2241	-27	-84	-94	-25
1700000068630	1856	-2257	-44	-48	-53	17
1700000068640	1844	-2233	-63	-56	-74	40
1700000068650	1916	-2267	-71	-31	-86	-11
1700000068660	1878	-2274	-58	-74	-78	1
1700000068670	1851	-2260	-36	-79	-22	-26
1700000068680	1869	-2238	-42	-84	-45	-7
1700000068690	1845	-2253	-57	-34	-57	-25
1700000068700	1893	-2315	-48	-96	-62	12
1700000068710	1866	-2230	-45	-20	-74	4
1700000068720	1898	-2252	-50	-46	-69	8
1700000068730	1844	-2254	-64	-54	-67	11
1700000068740	1831	-2257	-78	-64	-54	-25
1700000068750	1855	-2255	-96	-66	-61	15
1700000068760	1876	-2263	-30	-67	-66	32
1700000068770	1881	-2261	-129	-57	-73	-17
1700000068780	1892	-2300	-31	-91	-63	36
1700000068790	1853	-2261	-55	-40	-62	-42
1700000068800	1885	-2264	-71	-43	-55	-10
1700000068810	1837	-2218	-54	-94	-80	-7
1700000068820	1876	-2270	-39	-51	-61	-6
1700000068830	1850	-2253	-43	-28	-60	-56
1700000068840	1869	-2251	-88	-45	-51	12
1700000068850	1843	-2266	-96	-51	-90	-28
1700000068860	1918	-2257	-76	-44	-48	-7
1700000068870	1887	-2267	-48	-41	-43	15
1700000068880	1881	-2227	-47	-50	-102	21
1700000068890	1881	-2254	-48	-36	-26	55
1700000068900	1848	-2286	-71	-37	-68	-38
1700000068910	1898	-2272	-85	-29	-48	1
1700000068920	1832	-2265	-43	-57	-42	-16
1700000068930	1909	-2237	-33	-49	-104	1
1700000068940	1874	-2223	-39	-65	-60	30
1700000068950	1840	-2256	-87	-60	-43	-5
1700000068960	1878	-2244	-99	-57	-28	2
1700000068970	1885	-2262	-21	-17	-59	-6
1700000068980	1851	-2284	-62	-52	-63	-27
1700000068990	1888	-2251	-66	-47	-75	4
1700000069000	1855	-2254	-37	-20	-77	8
1700000069010	1839	-2245	-12	-49	-50	-3
1700000069020	1847	-2233	-16	-42	-111	32
1700000069030	1856	-2290	-41	-73	-19	-15
1700000069040	1905	-2265	-19	-66	-84	-2
1700000069050	1857	-2290	-88	-117	-86	3
1700000069060	1863	-2257	-53	-115	-103	14
1700000069070	1877	-2266	-49	-68	-68	21
1700000069080	1918	-2255	-50	-80	-98	-18
1700000069090	1876	-2249	-4	-46	-67	-1
1700000069100	1890	-2249	-56	-77	-58	35
1700000069110	1877	-2243	-54	-71	-87	-3
1700000069120	1902	-2263	-32	-69	-62	-6
1700000069130	1863	-2238	-48	-80	-49	9
1700000069140	1875	-2252	-68	-33	-104	-18
1700000069150	1839	-2251	-47	-77	-49	-7
1700000069160	1914	-2262	-66	-63	-125	-1
1700000069170	1874	-2243	-46	-80	-46	-2
1700000069180	1874	-2336	26	-56	-47	-27
1700000069190	1875	-2265	-28	-53	-54	40
1700000069200	1811	-2272	-19	-67	-34	16
1700000069210	1846	-2228	-35	-66	-78	-25
1700000069220	1902	-2253	-24	-69	-71	-77
1700000069230	1916	-2232	-49	-48	-87	9
1700000069240	1886	-2257	-22	-77	-98	-25
1700000069250	1888	-2250	-34	-74	-29	-14
1700000069260	1876	-2235	-76	-67	-69	-9
1700000069270	1892	-2273	-108	-82	-85	2
1700000069280	1872	-2259	-17	-74	-30	-33
1700000069290	1906	-2272	-45	-68	-73	7
1700000069300	1901	-2258	-61	-38	-52	-11
1700000069310	1935	-2211	-38	-93	-54	-14
1700000069320	1864	-2223	-56	-54	-28	3
1700000069330	1871	-2256	-21	-22	-53	-40
1700000069340	1889	-2241	-62	-33	-83	-42
1700000069350	1899	-2237	-53	-56	-77	-31
1700000069360	1844	-2260	-63	-65	-98	-52
1700000069370	1877	-2285	-21	-26	-50	-8
1700000069380	1946	-2231	-24	-57	-65	16
1700000069390	1905	-2273	-33	-54	-76	-19
1700000069400	1872	-2240	-25	-76	-102	-15
1700000069410	1895	-2256	5	-54	-41	-12
1700000069420	1960	-2258	-1	-42	-65	-26
1700000069430	1897	-2237	-17	-61	-72	-10
1700000069440	1943	-2232	-48	-45	-62	12
1700000069450	1907	-2279	-5	-61	-74	-4
1700000069460	1921	-2230	-56	-97	-61	-16
1700000069470	1853	-2234	-51	-60	-73	-50
1700000069480	1886	-2245	-72	-92	-53	-40
1700000069490	1887	-2242	-30	-84	-87	-24
1700000069500	1897	-2237	-31	-65	-82	-10
1700000069510	1918	-2270	-38	-67	-80	-45
1700000069520	1867	-2234	-36	-74	-81	3
1700000069530	1878	-2268	-34	-90	-125	-18
1700000069540	1870	-2244	-39	-35	-40	9
1700000069550	1892	-2240	-45	-57	-48	-19
1700000069560	1858	-2255	-82	-105	-30	-6
1700000069570	1892	-2280	-71	-50	-93	3
1700000069580	1883	-2208	-10	-79	-74	-44
1700000069590	1913	-2260	19	-68	-81	-47
1700000069600	1920	-2247	-50	-84	-91	17
1700000069610	1860	-2248	-55	-41	-73	-37
1700000069620	1898	-2240	-48	-65	-104	21
1700000069630	1899	-2229	0	-82	-85	-30
1700000069640	1894	-2256	-8	-42	-51	-25
1700000069650	1861	-2260	-71	-46	-40	-34
1700000069660	1905	-2266	-22	-83	-60	31
1700000069670	1894	-2253	-25	-84	-72	-52
1700000069680	1911	-2223	-40	-63	-53	-17
1700000069690	1900	-2234	-61	-66	-108	-13
1700000069700	1902	-2243	-80	-65	-99	18
1700000069710	1859	-2271	-9	-87	-28	-30
1700000069720	1885	-2213	-29	-57	-78	10
1700000069730	1917	-2230	-71	-63	-62	-18
1700000069740	1890	-2277	-54	-59	-108	-9
1700000069750	1836	-2226	-68	-106	-91	-12
1700000069760	1871	-2252	-50	-94	-71	-14
1700000069770	1870	-2223	-30	-80	-50	36
1700000069780	1893	-2216	-47	-59	-28	-21
1700000069790	1913	-2223	-79	-72	-28	-36
1700000069800	1888	-2236	-68	-97	-92	-8
1700000069810	1923	-2215	-28	-116	-70	0
1700000069820	1932	-2223	-39	-88	-76	-52
1700000069830	1954	-2252	-35	-67	-52	7
1700000069840	1913	-2230	-48	-100	-58	1
1700000069850	1871	-2199	-53	-79	-109	14
1700000069860	1888	-2264	-49	-102	-35	-58
1700000069870	1879	-2226	-35	-66	-61	-21
1700000069880	1882	-2248	-27	-27	-67	-23
1700000069890	1895	-2282	-50	-64	-100	-8
1700000069900	1931	-2278	-9	-62	-86	-50
1700000069910	1883	-2280	-75	-56	-70	-34
1700000069920	1913	-2168	-31	-118	-76	10
1700000069930	1908	-2215	-48	-33	-65	-49
1700000069940	1912	-2240	-66	-107	-80	-23
1700000069950	1888	-2231	-64	-59	-87	-37
1700000069960	1939	-2219	-32	-73	-94	-44
1700000069970	1924	-2200	-38	-138	-62	-30
1700000069980	1899	-2228	-51	-85	-59	-31
1700000069990	1909	-2282	-30	-84	-63	-44
1700000070000	1900	-2223	15	-94	-55	-13
1700000070010	1910	-2199	-53	-90	-102	-3
1700000070020	1912	-2206	-75	-71	-83	-54
1700000070030	1913	-2229	-48	-82	-25	-32
1700000070040	1913	-2225	-46	-115	-37	-61
1700000070050	1928	-2209	-11	-105	-71	-35
1700000070060	1945	-2232	-47	-86	-94	5
1700000070070	1940	-2191	-17	-87	-55	-38
1700000070080	1941	-2205	-10	-76	-96	-19
1700000070090	1895	-2250	-45	-83	-84	-34
1700000070100	1921	-2213	-32	-81	-28	-20
1700000070110	1936	-2254	-44	-96	-75	17
1700000070120	1930	-2208	-35	-100	-62	-52
1700000070130	1915	-2228	-48	-46	-74	-15
1700000070140	1897	-2224	-61	-68	-39	-53
1700000070150	1921	-2217	-55	-104	-63	-30
1700000070160	1903	-2226	-59	-122	-73	5
1700000070170	1938	-2226	-16	-122	-69	-30
1700000070180	1937	-2221	-53	-120	-64	-16
1700000070190	1943	-2200	-62	-101	-65	-1
1700000070200	1914	-2210	-64	-84	-59	-7
1700000070210	1916	-2202	5	-80	-36	-48
1700000070220	1939	-2205	-32	-64	-105	-11
1700000070230	1918	-2223	-37	-89	-63	-35
1700000070240	1943	-2224	-55	-50	-80	-8
1700000070250	1934	-2221	-61	-93	-69	-14
1700000070260	1905	-2227	-24	-88	-61	-15
1700000070270	1888	-2251	-67	-74	-109	0
1700000070280	1925	-2215	-40	-114	-93	-1
1700000070290	1938	-2224	-86	-94	-88	-1
1700000070300	1920	-2206	-24	-112	-84	-17
1700000070310	1905	-2225	-93	-133	-81	-24
1700000070320	1926	-2179	-89	-90	-51	-21
1700000070330	1935	-2204	-8	-93	-59	-26
1700000070340	1946	-2217	-68	-87	-81	14
1700000070350	1910	-2205	-64	-108	-77	-47
1700000070360	1932	-2198	-29	-89	-71	-10
1700000070370	1955	-2188	-42	-65	-34	-19
1700000070380	1956	-2218	-25	-101	-66	-17
1700000070390	1917	-2197	-37	-87	-43	-24
1700000070400	1933	-2193	-15	-110	-71	-34
1700000070410	1923	-2260	-86	-122	-69	-12
1700000070420	1970	-2231	-111	-140	-95	-56
1700000070430	1956	-2210	-85	-96	-69	-2
1700000070440	1939	-2219	-65	-105	-78	-18
1700000070450	1911	-2251	-25	-126	-32	13
1700000070460	1980	-2186	-52	-98	-20	-7
1700000070470	1896	-2219	-53	-60	-104	0
1700000070480	1974	-2210	-22	-112	-104	-64
1700000070490	1939	-2213	-74	-113	-51	6
1700000070500	1924	-2192	-42	-69	-64	3
1700000070510	1954	-2204	-87	-90	-57	-31
1700000070520	1955	-2242	-59	-110	-72	19
1700000070530	1946	-2223	10	-37	-75	-39
1700000070540	1930	-2197	-72	-87	-69	-11
1700000070550	1947	-2228	-53	-133	-36	2
1700000070560	1918	-2192	-74	-66	-94	-54
1700000070570	1988	-2213	-26	-62	-59	26
1700000070580	1954	-2196	-51	-88	-104	-16
1700000070590	1965	-2214	-22	-80	-97	-41
1700000070600	1917	-2208	-53	-86	-95	-10
1700000070610	1979	-2197	-22	-86	-49	38
1700000070620	1965	-2236	-69	-87	-25	-45
1700000070630	1979	-2240	-97	-90	-33	2
1700000070640	1987	-2223	-69	-116	-78	1
1700000070650	1974	-2183	-57	-82	-29	5
1700000070660	1918	-2187	-67	-71	-40	-21
1700000070670	1975	-2258	-68	-102	-5	-16
1700000070680	1919	-2215	-58	-145	-30	11
1700000070690	1955	-2214	-77	-86	-96	-4
1700000070700	1959	-2212	-76	-117	-86	-64
1700000070710	1972	-2193	-50	-97	-56	-13
1700000070720	1940	-2215	-84	-153	-46	-17
1700000070730	1969	-2202	-42	-97	-56	-35
1700000070740	1956	-2188	-57	-113	-73	-41
1700000070750	1957	-2205	-77	-99	-49	-11
1700000070760	1986	-2173	-39	-61	-82	-14
1700000070770	1970	-2226	-20	-88	-88	-23
1700000070780	1946	-2202	-71	-49	-96	-35
1700000070790	1945	-2206	-54	-79	-19	-18
1700000070800	1926	-2193	-34	-95	-100	-46
1700000070810	1952	-2200	-43	-110	-80	-7
1700000070820	1928	-2219	-58	-84	-75	-26
1700000070830	1937	-2159	-90	-105	-33	-36
1700000070840	1933	-2245	-89	-90	-50	-33
1700000070850	1942	-2200	-48	-63	-54	-21
1700000070860	1922	-2204	-60	-77	-55	31
1700000070870	1954	-2191	-80	-91	-74	-5
1700000070880	1965	-2224	-54	-95	-63	2
1700000070890	1978	-2219	-74	-94	-99	-24
1700000070900	1947	-2181	-49	-98	-82	3
1700000070910	1990	-2210	-78	-122	-50	-17
1700000070920	1993	-2176	-43	-98	-53	-20
1700000070930	1968	-2169	-66	-88	-99	10
1700000070940	1964	-2185	-54	-108	-85	-2
1700000070950	1996	-2220	-65	-97	-73	-48
1700000070960	1991	-2217	-68	-69	-91	4
1700000070970	1951	-2185	-50	-73	-27	-28
1700000070980	1962	-2179	-40	-82	-56	6
1700000070990	1954	-2198	-99	-111	-33	-18
1700000071000	1983	-2162	-95	-123	-44	-24
1700000071010	1964	-2186	-83	-113	-57	-58
1700000071020	1958	-2205	-88	-95	-58	-19
1700000071030	1972	-2178	-36	-59	-46	-10
1700000071040	1967	-2218	-63	-83	-72	-2
1700000071050	1970	-2171	-59	-94	-68	4
1700000071060	1936	-2207	-90	-93	-68	-26
1700000071070	1938	-2175	-75	-64	-45	-18
1700000071080	1954	-2214	-35	-75	-49	-53
1700000071090	1950	-2230	-54	-94	-58	-27
1700000071100	1959	-2210	-104	-70	-72	-19
1700000071110	1957	-2176	-82	-83	-88	10
1700000071120	1966	-2203	-49	-119	-51	-25
1700000071130	1979	-2137	-76	-133	-29	-4
1700000071140	1964	-2206	-100	-91	-51	-10
1700000071150	1974	-2206	-59	-96	-49	-5
1700000071160	1966	-2211	-58	-100	-34	-20
1700000071170	1907	-2217	-97	-54	-78	-31
1700000071180	1983	-2202	-87	-89	-25	-58
1700000071190	1958	-2172	-67	-75	-67	9
1700000071200	1916	-2189	-70	-105	-56	-18
1700000071210	2002	-2162	-98	-115	-77	7
1700000071220	1959	-2179	-61	-125	-92	-24
1700000071230	1920	-2148	-74	-102	-49	5
1700000071240	1939	-2235	-47	-84	-42	0
1700000071250	1955	-2205	-89	-129	-56	17
1700000071260	1945	-2206	-80	-103	-55	0
1700000071270	1946	-2168	-85	-56	-62	-18
1700000071280	1966	-2190	-92	-81	-42	-32
1700000071290	1968	-2200	-71	-122	-82	-20
1700000071300	1978	-2177	-62	-78	-83	26
1700000071310	1964	-2140	-103	-152	-63	-37
1700000071320	1962	-2200	-81	-116	-93	-2
1700000071330	1952	-2207	-87	-75	-18	-19
1700000071340	1960	-2187	-100	-86	-46	-3
1700000071350	2015	-2203	-79	-110	-76	-5
1700000071360	1978	-2190	-57	-52	-55	-53
1700000071370	1982	-2176	-78	-52	-45	-36
1700000071380	1955	-2186	-77	-108	-15	3
1700000071390	1955	-2198	-139	-66	-71	18
1700000071400	1965	-2197	-65	-81	-53	-8
1700000071410	1926	-2223	-67	-103	-78	-3
1700000071420	1940	-2167	-96	-112	-72	-2
1700000071430	1980	-2201	-130	-80	-64	-14
1700000071440	1980	-2215	-107	-92	-47	-41
1700000071450	1977	-2177	-130	-79	-78	12
1700000071460	1994	-2212	-91	-65	-16	-4
1700000071470	1934	-2190	-83	-89	-34	33
1700000071480	1969	-2173	-127	-82	-55	-30
1700000071490	1998	-2197	-100	-106	-62	4
1700000071500	1956	-2227	-58	-81	-57	6
1700000071510	1999	-2198	-105	-91	-70	7
1700000071520	1962	-2195	-88	-74	-32	11
1700000071530	1933	-2199	-70	-54	-20	0
1700000071540	1933	-2131	-145	-67	-38	-8
1700000071550	1984	-2199	-89	-72	-93	0
1700000071560	1975	-2182	-131	-108	-87	-35
1700000071570	1923	-2189	-82	-105	-24	13
1700000071580	1958	-2172	-109	-51	-75	-7
1700000071590	1970	-2178	-100	-42	-66	-2
1700000071600	1946	-2188	-101	-88	-63	-43
1700000071610	1920	-2189	-107	-66	-88	-6
1700000071620	1979	-2163	-40	-100	-29	-11
1700000071630	1963	-2209	-93	-82	-54	13
1700000071640	1937	-2153	-95	-83	-73	-25
1700000071650	1946	-2176	-98	-86	-55	-16
1700000071660	1975	-2224	-136	-96	-19	-29
1700000071670	1952	-2163	-83	-73	-54	31
1700000071680	1947	-2156	-101	-29	-47	-23
1700000071690	1966	-2186	-99	-80	-94	23
1700000071700	1943	-2171	-110	-61	-73	-34
1700000071710	1963	-2189	-90	-38	-39	6
1700000071720	1916	-2206	-95	-61	-43	-22
1700000071730	1967	-2183	-76	-101	-55	-25
1700000071740	1964	-2177	-112	-75	-46	-11
1700000071750	1966	-2186	-106	-64	-48	-16
1700000071760	1960	-2196	-58	-109	-42	-5
1700000071770	1971	-2158	-104	-122	-69	-2
1700000071780	1965	-2210	-77	-57	-37	16
1700000071790	1953	-2182	-132	-86	-34	-29
1700000071800	1942	-2178	-83	-99	-31	-27
1700000071810	1954	-2193	-117	-76	-38	-34
1700000071820	1945	-2201	-92	-74	-76	-36
1700000071830	1965	-2172	-161	-73	-73	-40
1700000071840	1943	-2179	-115	-103	-50	2
1700000071850	1944	-2181	-118	-86	-42	11
1700000071860	1963	-2179	-110	-62	-38	-6
1700000071870	1941	-2192	-165	-83	-48	35
1700000071880	1981	-2191	-92	-93	-43	-51
1700000071890	1959	-2186	-78	-69	-39	12
1700000071900	1920	-2203	-126	-65	-20	-10
1700000071910	1918	-2184	-118	-95	-36	5
1700000071920	1947	-2168	-114	-77	-56	-37
1700000071930	1924	-2174	-134	-74	-58	-1
1700000071940	1968	-2221	-131	-53	-17	-47
1700000071950	1942	-2202	-104	-78	-78	-1
1700000071960	1943	-2192	-110	-73	-66	-32
1700000071970	1942	-2171	-114	-48	-8	-30
1700000071980	1976	-2158	-115	-64	-35	-33
1700000071990	1928	-2190	-172	-112	-79	-23
1700000072000	2029	-919	-1081	399	1017	228
1700000072010	2444	-983	-778	560	912	473
1700000072020	2824	-1096	-389	639	866	604
1700000072030	3130	-1151	-104	708	711	689
1700000072040	3391	-1337	198	782	520	691
1700000072050	3547	-1505	472	805	375	625
1700000072060	3605	-1681	665	773	233	441
1700000072070	3609	-1890	826	780	-47	258
1700000072080	3572	-2149	923	729	-222	30
1700000072090	3459	-2366	995	597	-388	-195
1700000072100	3295	-2638	930	557	-586	-419
1700000072110	3120	-2810	811	453	-757	-536
1700000072120	2938	-2983	679	337	-874	-703
1700000072130	2761	-3165	500	202	-1014	-685
1700000072140	2670	-3292	252	37	-1087	-637
1700000072150	2499	-3427	-34	-137	-1128	-447
1700000072160	2308	-3497	-363	-272	-1150	-299
1700000072170	2236	-3498	-714	-408	-1151	-69
1700000072180	2053	-3507	-1039	-520	-1123	188
1700000072190	1956	-3431	-796	-699	-1056	435
1700000072200	1762	-3392	-440	-734	-938	543
1700000072210	1525	-3252	-108	-804	-831	667
1700000072220	1331	-3145	175	-855	-670	682
1700000072230	1096	-3025	449	-910	-478	636
1700000072240	818	-2772	659	-942	-303	506
1700000072250	574	-2607	755	-898	-124	271
1700000072260	370	-2338	901	-840	89	67
1700000072270	142	-2106	988	-784	263	-181
1700000072280	14	-1907	925	-775	427	-380
1700000072290	-11	-1680	869	-644	581	-579
1700000072300	47	-1433	736	-470	770	-658
1700000072310	147	-1312	535	-340	896	-683
1700000072320	367	-1176	313	-198	997	-617
1700000072330	729	-1053	36	-59	1044	-479
1700000072340	1046	-989	-288	81	1056	-313
1700000072350	1473	-934	-632	231	1045	-81
1700000072360	1884	-919	-965	381	1032	115
1700000072370	2272	-927	-884	494	943	373
1700000072380	2709	-1050	-518	577	889	540
1700000072390	3080	-1143	-187	695	732	682
1700000072400	3287	-1323	165	755	596	691
1700000072410	3534	-1448	391	769	413	628
1700000072420	3642	-1623	625	814	242	516
1700000072430	3631	-1839	786	802	60	357
1700000072440	3556	-2087	894	730	-142	100
1700000072450	3483	-2285	932	697	-331	-141
1700000072460	3353	-2523	986	633	-501	-361
1700000072470	3176	-2722	873	520	-688	-521
1700000072480	2998	-2936	774	376	-827	-630
1700000072490	2847	-3097	576	228	-921	-727
1700000072500	2736	-3234	380	89	-1055	-608
1700000072510	2525	-3374	117	-44	-1129	-515
1700000072520	2358	-3496	-217	-193	-1123	-320
1700000072530	2286	-3508	-566	-344	-1175	-156
1700000072540	2148	-3531	-892	-493	-1122	96
1700000072550	1977	-3462	-919	-593	-1081	317
1700000072560	1814	-3418	-581	-735	-1000	543
1700000072570	1640	-3340	-248	-852	-882	654
1700000072580	1400	-3190	62	-905	-694	701
1700000072590	1164	-2987	338	-897	-561	641
1700000072600	911	-2823	521	-917	-353	546
1700000072610	659	-2649	760	-904	-174	326
1700000072620	439	-2416	842	-910	35	178
1700000072630	248	-2190	971	-854	219	-95
1700000072640	76	-1950	927	-733	376	-317
1700000072650	1	-1795	895	-661	572	-497
1700000072660	31	-1540	824	-539	700	-619
1700000072670	127	-1365	607	-360	837	-699
1700000072680	272	-1205	403	-278	923	-653
1700000072690	586	-1119	150	-97	990	-561
1700000072700	941	-992	-158	69	1070	-386
1700000072710	1332	-892	-500	182	1047	-154
1700000072720	1723	-930	-851	321	1060	27
1700000072730	2128	-936	-1011	455	1007	295
1700000072740	2569	-1003	-690	525	901	490
1700000072750	2933	-1077	-301	689	758	615
1700000072760	3223	-1224	21	733	659	660
1700000072770	3454	-1421	299	768	482	689
1700000072780	3608	-1519	532	777	354	549
1700000072790	3601	-1751	683	772	134	377
1700000072800	3616	-2002	854	745	-112	195
1700000072810	3564	-2224	890	699	-297	-20
1700000072820	3385	-2459	936	655	-441	-253
1700000072830	3225	-2667	927	517	-652	-467
1700000072840	3095	-2853	807	421	-787	-618
1700000072850	2900	-3068	662	270	-918	-664
1700000072860	2728	-3218	452	178	-1056	-667
1700000072870	2599	-3329	198	28	-1123	-550
1700000072880	2423	-3446	-112	-163	-1148	-435
1700000072890	2342	-3482	-446	-282	-1144	-224
1700000072900	2193	-3497	-764	-462	-1136	39
1700000072910	2058	-3519	-1050	-568	-1101	250
1700000072920	1885	-3485	-728	-685	-1024	456
1700000072930	1714	-3377	-362	-759	-928	558
1700000072940	1538	-3226	-37	-854	-789	664
1700000072950	1229	-3102	237	-916	-639	663
1700000072960	995	-2904	496	-896	-455	588
1700000072970	761	-2710	696	-893	-257	438
1700000072980	517	-2502	821	-874	-60	212
1700000072990	268	-2291	945	-837	104	40
1700000073000	111	-2034	940	-773	311	-239
1700000073010	29	-1872	953	-711	441	-430
1700000073020	52	-1632	812	-564	616	-592
1700000073030	58	-1449	709	-424	780	-703
1700000073040	203	-1263	474	-303	924	-703
1700000073050	476	-1140	257	-181	964	-633
1700000073060	804	-1006	-103	-3	1071	-430
1700000073070	1222	-980	-350	116	1071	-277
1700000073080	1601	-900	-709	288	1051	-57
1700000073090	2011	-946	-1072	367	1008	212
1700000073100	2435	-983	-771	562	944	468
1700000073110	2783	-1100	-416	613	812	601
1700000073120	3110	-1164	-122	678	699	692
1700000073130	3319	-1273	198	780	597	638
1700000073140	3534	-1450	464	777	389	628
1700000073150	3600	-1710	682	804	194	470
1700000073160	3617	-1908	828	755	36	287
1700000073170	3555	-2115	922	707	-182	57
1700000073180	3453	-2351	923	645	-372	-229
1700000073190	3338	-2599	962	568	-570	-374
1700000073200	3140	-2766	877	432	-751	-591
1700000073210	2946	-3009	734	324	-846	-700
1700000073220	2764	-3102	538	172	-997	-698
1700000073230	2644	-3310	263	67	-1089	-654
1700000073240	2493	-3366	19	-119	-1134	-507
1700000073250	2405	-3447	-325	-237	-1185	-295
1700000073260	2265	-3522	-678	-413	-1145	-19
1700000073270	2111	-3528	-989	-552	-1135	168
1700000073280	1969	-3499	-870	-640	-1058	389
1700000073290	1781	-3391	-449	-725	-976	583
1700000073300	1613	-3297	-157	-867	-843	668
1700000073310	1371	-3141	172	-896	-703	688
1700000073320	1056	-3016	419	-933	-530	654
1700000073330	867	-2760	608	-946	-335	468
1700000073340	576	-2582	810	-879	-152	343
1700000073350	420	-2345	909	-871	96	65
1700000073360	150	-2143	953	-843	253	-176
1700000073370	14	-1958	959	-691	397	-356
1700000073380	-7	-1724	887	-595	614	-552
1700000073390	9	-1544	705	-537	706	-658
1700000073400	156	-1309	565	-329	892	-655
1700000073410	359	-1183	320	-206	966	-624
1700000073420	685	-1076	70	-55	996	-516
1700000073430	1035	-972	-272	47	1066	-342
1700000073440	1454	-946	-605	234	1054	-146
1700000073450	1841	-889	-899	326	1047	139
1700000073460	2272	-979	-905	451	1003	367
1700000073470	2630	-1045	-573	633	878	544
1700000073480	3037	-1160	-184	669	739	648
1700000073490	3297	-1293	31	745	589	706
1700000073500	3470	-1440	380	749	433	642
1700000073510	3619	-1643	538	760	275	500
1700000073520	3607	-1836	747	780	111	317
1700000073530	3595	-2038	877	759	-107	146
1700000073540	3484	-2315	901	682	-330	-81
1700000073550	3389	-2476	938	614	-509	-347
1700000073560	3162	-2714	909	518	-651	-534
1700000073570	3023	-2896	755	399	-849	-671
1700000073580	2872	-3049	590	226	-941	-699
1700000073590	2734	-3219	378	87	-1056	-673
1700000073600	2568	-3339	130	-50	-1081	-533
1700000073610	2389	-3450	-182	-170	-1154	-358
1700000073620	2260	-3489	-477	-337	-1166	-160
1700000073630	2157	-3554	-863	-454	-1149	85
1700000073640	2000	-3494	-957	-579	-1115	357
1700000073650	1840	-3398	-638	-709	-1003	498
1700000073660	1642	-3326	-281	-775	-902	627
1700000073670	1426	-3188	16	-869	-733	692
1700000073680	1184	-3079	306	-895	-572	665
1700000073690	950	-2876	576	-900	-412	574
1700000073700	685	-2679	763	-901	-234	380
1700000073710	419	-2427	831	-911	8	173
1700000073720	204	-2236	916	-807	179	-85
1700000073730	70	-1978	926	-717	363	-278
1700000073740	34	-1800	894	-661	516	-520
1700000073750	29	-1595	817	-566	673	-616
1700000073760	92	-1377	670	-416	824	-699
1700000073770	293	-1212	417	-259	964	-666
1700000073780	562	-1108	181	-116	990	-569
1700000073790	922	-1017	-95	33	1062	-417
1700000073800	1250	-912	-464	128	1048	-197
1700000073810	1738	-933	-823	335	1067	34
1700000073820	2125	-949	-1012	444	1022	295
1700000073830	2546	-963	-683	580	967	472
1700000073840	2886	-1065	-302	644	794	610
1700000073850	3186	-1219	-19	700	648	686
1700000073860	3430	-1359	246	779	491	687
1700000073870	3543	-1558	516	818	354	576
1700000073880	3613	-1750	689	811	130	405
1700000073890	3633	-1985	827	797	-53	233
1700000073900	3563	-2183	966	709	-306	-15
1700000073910	3418	-2392	981	639	-406	-243
1700000073920	3289	-2608	941	523	-573	-458
1700000073930	3074	-2884	850	461	-800	-655
1700000073940	2928	-3030	647	321	-877	-676
1700000073950	2745	-3183	463	193	-1034	-683
1700000073960	2640	-3310	238	15	-1134	-573
1700000073970	2456	-3415	-75	-123	-1162	-452
1700000073980	2349	-3521	-416	-265	-1148	-254
1700000073990	2212	-3475	-729	-374	-1138	-13
1700000074000	2040	-3502	-1103	-539	-1104	225
1700000074010	1905	-3458	-765	-689	-1022	431
1700000074020	1735	-3396	-422	-827	-930	569
1700000074030	1522	-3282	-51	-846	-800	660
1700000074040	1311	-3082	210	-888	-644	675
1700000074050	998	-2933	467	-907	-476	600
1700000074060	786	-2743	671	-943	-299	431
1700000074070	554	-2523	831	-911	-86	240
1700000074080	344	-2279	915	-862	129	42
1700000074090	130	-2104	953	-820	302	-199
1700000074100	27	-1880	886	-689	488	-452
1700000074110	3	-1636	807	-554	673	-566
1700000074120	94	-1451	678	-467	783	-670
1700000074130	203	-1304	527	-294	878	-693
1700000074140	395	-1114	236	-180	980	-617
1700000074150	795	-1023	-24	-21	987	-485
1700000074160	1104	-972	-353	143	1088	-255
1700000074170	1529	-922	-681	309	1060	-35
1700000074180	1964	-927	-1023	403	1048	199
1700000074190	2418	-965	-852	528	958	387
1700000074200	2740	-980	-443	630	834	564
1700000074210	3097	-1152	-130	700	708	673
1700000074220	3325	-1309	129	789	632	666
1700000074230	3533	-1477	443	768	404	598
1700000074240	3588	-1694	611	804	235	491
1700000074250	3620	-1826	816	778	61	300
1700000074260	3592	-2095	890	739	-162	79
1700000074270	3409	-2297	983	654	-355	-175
1700000074280	3265	-2534	911	577	-522	-348
1700000074290	3192	-2783	870	436	-682	-535
1700000074300	2957	-2966	680	312	-840	-627
1700000074310	2850	-3144	558	218	-965	-698
1700000074320	2674	-3261	315	84	-1052	-637
1700000074330	2556	-3396	62	-66	-1130	-524
1700000074340	2395	-3488	-288	-242	-1161	-278
1700000074350	2261	-3514	-599	-414	-1177	-111
1700000074360	2108	-3524	-943	-514	-1120	180
1700000074370	1969	-3509	-899	-658	-1039	381
1700000074380	1812	-3457	-524	-712	-972	570
1700000074390	1619	-3295	-206	-834	-820	658
1700000074400	1377	-3149	150	-858	-664	720
1700000074410	1124	-3016	323	-928	-525	622
1700000074420	840	-2772	608	-928	-339	531
1700000074430	573	-2593	775	-945	-180	359
1700000074440	365	-2383	865	-876	48	132
1700000074450	232	-2180	944	-835	234	-116
1700000074460	114	-1914	951	-723	396	-430
1700000074470	-16	-1746	883	-630	566	-512
1700000074480	21	-1514	784	-534	716	-688
1700000074490	105	-1370	553	-384	882	-661
1700000074500	332	-1167	369	-199	973	-659
1700000074510	647	-1061	82	-54	1001	-525
1700000074520	995	-979	-207	68	1061	-335
1700000074530	1412	-920	-584	208	1064	-131
1700000074540	1844	-934	-902	384	1023	103
1700000074550	2260	-947	-963	466	976	350
1700000074560	2602	-1007	-567	555	894	531
1700000074570	2981	-1109	-290	662	793	601
1700000074580	3259	-1237	67	696	588	693
1700000074590	3466	-1445	318	791	480	642
1700000074600	3598	-1576	598	771	282	526
1700000074610	3603	-1816	754	760	48	379
1700000074620	3567	-2033	904	788	-76	152
1700000074630	3502	-2189	981	659	-293	-100
1700000074640	3393	-2514	988	595	-471	-312
1700000074650	3174	-2659	929	503	-632	-515
1700000074660	3028	-2932	804	419	-796	-653
1700000074670	2864	-3066	605	240	-938	-673
1700000074680	2689	-3231	376	136	-986	-671
1700000074690	2606	-3372	108	-58	-1131	-548
1700000074700	2417	-3450	-138	-183	-1098	-409
1700000074710	2304	-3514	-479	-381	-1155	-129
1700000074720	2120	-3544	-873	-442	-1157	55
1700000074730	2057	-3489	-1002	-607	-1074	317
1700000074740	1835	-3466	-678	-692	-1048	460
1700000074750	1682	-3373	-304	-778	-894	621
1700000074760	1445	-3251	1	-837	-756	712
1700000074770	1207	-3047	315	-898	-591	646
1700000074780	951	-2900	541	-920	-406	584
1700000074790	741	-2672	741	-922	-241	380
1700000074800	465	-2466	830	-885	-58	176
1700000074810	213	-2233	937	-842	157	-30
1700000074820	141	-1998	999	-745	340	-266
1700000074830	-9	-1816	915	-651	543	-490
1700000074840	-45	-1596	819	-519	710	-618
1700000074850	119	-1425	677	-399	810	-673
1700000074860	264	-1234	407	-292	909	-687
1700000074870	552	-1087	197	-131	979	-603
1700000074880	883	-1016	-112	11	1062	-393
1700000074890	1247	-952	-404	101	1085	-177
1700000074900	1650	-956	-801	296	1035	45
1700000074910	2094	-959	-1084	437	1040	268
1700000074920	2521	-1002	-695	540	935	439
1700000074930	2870	-1103	-366	637	785	589
1700000074940	3179	-1198	-53	717	684	690
1700000074950	3377	-1330	241	712	536	681
1700000074960	3551	-1511	499	773	351	558
1700000074970	3602	-1738	716	787	128	421
1700000074980	3562	-1949	818	776	-35	203
1700000074990	3539	-2177	924	691	-243	1
1700000075000	3477	-2384	927	624	-434	-266
1700000075010	3282	-2578	914	546	-571	-430
1700000075020	3066	-2825	843	403	-753	-608
1700000075030	2922	-2989	704	341	-897	-695
1700000075040	2791	-3159	520	156	-1010	-684
1700000075050	2623	-3347	199	24	-1078	-602
1700000075060	2524	-3501	-47	-107	-1164	-462
1700000075070	2363	-3513	-404	-250	-1202	-290
1700000075080	2204	-3523	-692	-408	-1129	-28
1700000075090	2037	-3556	-1053	-550	-1139	216
1700000075100	1932	-3498	-752	-702	-1025	412
1700000075110	1701	-3426	-440	-760	-948	593
1700000075120	1495	-3296	-92	-853	-824	648
1700000075130	1302	-3114	184	-904	-667	654
1700000075140	1100	-2943	449	-919	-465	596
1700000075150	783	-2797	662	-908	-326	453
1700000075160	546	-2504	840	-923	-93	294
1700000075170	329	-2304	929	-855	67	28
1700000075180	150	-2106	940	-795	285	-187
1700000075190	55	-1869	943	-692	489	-431
1700000075200	7	-1680	867	-592	643	-545
1700000075210	45	-1492	726	-463	748	-645
1700000075220	194	-1304	503	-350	865	-665
1700000075230	423	-1146	298	-200	979	-646
1700000075240	719	-1004	5	-80	1044	-532
1700000075250	1134	-978	-310	123	1086	-282
1700000075260	1480	-964	-637	247	1040	-53
1700000075270	1905	-893	-988	325	1028	180
1700000075280	2333	-927	-867	529	954	390
1700000075290	2753	-1071	-480	611	853	542
1700000075300	3091	-1156	-136	679	714	673
1700000075310	3310	-1298	169	750	598	677
1700000075320	3498	-1498	329	793	409	581
1700000075330	3582	-1613	597	798	244	495
1700000075340	3636	-1862	792	809	36	297
1700000075350	3594	-2085	869	731	-171	98
1700000075360	3482	-2248	962	660	-359	-152
1700000075370	3334	-2520	924	585	-509	-378
1700000075380	3169	-2701	843	481	-690	-534
1700000075390	2989	-2957	734	361	-794	-657
1700000075400	2839	-3130	551	198	-943	-697
1700000075410	2675	-3296	297	85	-1084	-647
1700000075420	2524	-3388	43	-51	-1136	-494
1700000075430	2392	-3489	-245	-190	-1189	-326
1700000075440	2280	-3531	-553	-356	-1169	-163
1700000075450	2108	-3529	-911	-480	-1151	96
1700000075460	2015	-3452	-934	-588	-1081	332
1700000075470	1834	-3418	-556	-681	-966	519
1700000075480	1596	-3297	-220	-838	-850	652
1700000075490	1387	-3168	78	-890	-696	684
1700000075500	1166	-3009	372	-903	-510	664
1700000075510	912	-2828	621	-910	-327	525
1700000075520	638	-2611	753	-887	-155	372
1700000075530	408	-2439	862	-877	9	103
1700000075540	184	-2188	907	-831	210	-130
1700000075550	105	-1955	918	-717	405	-313
1700000075560	13	-1697	907	-616	606	-530
1700000075570	23	-1563	773	-540	737	-612
1700000075580	138	-1320	585	-367	841	-719
1700000075590	327	-1238	347	-215	921	-696
1700000075600	601	-1079	135	-132	1018	-582
1700000075610	975	-989	-177	39	1082	-389
1700000075620	1340	-989	-517	205	1020	-108
1700000075630	1805	-913	-884	321	1039	75
1700000075640	2202	-921	-980	423	962	348
1700000075650	2631	-1008	-620	561	899	516
1700000075660	2956	-1073	-254	666	786	646
1700000075670	3243	-1209	23	732	640	658
1700000075680	3400	-1396	271	793	471	701
1700000075690	3580	-1537	556	772	317	521
1700000075700	3616	-1753	765	812	69	419
1700000075710	3576	-2008	866	777	-97	210
1700000075720	3493	-2245	926	680	-320	-68
1700000075730	3360	-2480	934	597	-495	-330
1700000075740	3243	-2714	922	492	-679	-530
1700000075750	3040	-2873	818	402	-788	-626
1700000075760	2882	-3041	665	307	-918	-680
1700000075770	2753	-3250	423	116	-1037	-706
1700000075780	2544	-3360	190	-11	-1135	-567
1700000075790	2434	-3442	-122	-195	-1180	-395
1700000075800	2324	-3511	-458	-296	-1153	-153
1700000075810	2177	-3522	-763	-458	-1182	28
1700000075820	2035	-3464	-1062	-533	-1069	268
1700000075830	1876	-3460	-698	-673	-1001	542
1700000075840	1689	-3376	-321	-779	-918	661
1700000075850	1498	-3224	-30	-858	-746	697
1700000075860	1221	-3077	264	-890	-616	668
1700000075870	929	-2912	502	-945	-437	559
1700000075880	728	-2725	683	-903	-243	375
1700000075890	488	-2489	847	-872	-25	195
1700000075900	259	-2262	931	-883	139	-24
1700000075910	99	-2020	932	-759	329	-239
1700000075920	61	-1794	901	-685	485	-474
1700000075930	-12	-1585	836	-543	673	-634
1700000075940	81	-1411	666	-423	782	-686
1700000075950	229	-1271	438	-280	905	-688
1700000075960	535	-1117	193	-162	1019	-635
1700000075970	824	-1046	-44	25	1014	-408
1700000075980	1200	-973	-416	168	1078	-191
1700000075990	1648	-937	-736	267	1044	-10
1700000076000	2051	-919	-1093	406	1023	224
1700000076010	2466	-991	-753	528	936	415
1700000076020	2831	-1076	-438	597	840	575
1700000076030	3109	-1195	-96	709	651	668
1700000076040	3344	-1337	206	736	541	683
1700000076050	3572	-1491	469	789	339	588
1700000076060	3622	-1738	689	783	161	435
1700000076070	3597	-1890	786	746	36	263
1700000076080	3513	-2154	946	706	-236	21
1700000076090	3419	-2345	956	621	-374	-226
1700000076100	3256	-2540	966	573	-557	-400
1700000076110	3101	-2808	804	465	-751	-592
1700000076120	3000	-3001	641	319	-916	-664
1700000076130	2778	-3210	485	184	-986	-631
1700000076140	2650	-3311	242	51	-1074	-590
1700000076150	2506	-3387	-54	-95	-1140	-491
1700000076160	2331	-3491	-360	-246	-1144	-267
1700000076170	2235	-3501	-659	-425	-1166	-97
1700000076180	2078	-3505	-1072	-546	-1105	142
1700000076190	1980	-3510	-812	-662	-997	408
1700000076200	1762	-3425	-509	-728	-959	571
1700000076210	1525	-3296	-171	-832	-778	662
1700000076220	1315	-3130	176	-873	-687	710
1700000076230	1080	-2984	460	-929	-496	644
1700000076240	823	-2788	640	-929	-304	484
1700000076250	559	-2582	810	-952	-96	286
1700000076260	338	-2348	909	-892	68	62
1700000076270	143	-2122	1002	-818	289	-196
1700000076280	55	-1914	936	-766	437	-386
1700000076290	30	-1623	856	-623	583	-540
1700000076300	34	-1522	718	-494	738	-648
1700000076310	155	-1309	557	-343	861	-688
1700000076320	416	-1194	302	-207	950	-643
1700000076330	726	-1049	36	-54	1096	-489
1700000076340	1067	-971	-253	57	1062	-269
1700000076350	1457	-933	-590	251	1099	-114
1700000076360	1912	-933	-898	394	981	157
1700000076370	2358	-965	-930	501	927	374
1700000076380	2721	-1041	-504	611	850	548
1700000076390	3051	-1134	-160	661	763	644
1700000076400	3339	-1311	100	731	614	682
1700000076410	3492	-1444	383	788	473	626
1700000076420	3555	-1584	625	789	257	489
1700000076430	3618	-1859	772	777	34	293
1700000076440	3580	-2055	871	746	-149	95
1700000076450	3455	-2288	926	686	-293	-119
1700000076460	3358	-2527	915	610	-506	-347
1700000076470	3199	-2716	907	466	-670	-534
1700000076480	3022	-2942	766	384	-808	-652
1700000076490	2845	-3101	580	242	-939	-652
1700000076500	2680	-3241	377	76	-1066	-684
1700000076510	2554	-3368	83	-53	-1145	-559
1700000076520	2429	-3454	-239	-178	-1199	-325
1700000076530	2255	-3529	-538	-344	-1183	-130
1700000076540	2168	-3523	-907	-495	-1177	102
1700000076550	2016	-3511	-988	-605	-1080	336
1700000076560	1816	-3392	-566	-719	-943	534
1700000076570	1618	-3321	-206	-814	-879	642
1700000076580	1413	-3197	121	-910	-701	681
1700000076590	1144	-3015	342	-934	-579	659
1700000076600	900	-2886	573	-923	-418	557
1700000076610	673	-2628	776	-930	-173	354
1700000076620	406	-2432	890	-921	-18	140
1700000076630	219	-2178	947	-828	218	-73
1700000076640	108	-2004	947	-730	397	-342
1700000076650	18	-1762	851	-662	566	-508
1700000076660	12	-1555	774	-537	692	-656
1700000076670	76	-1328	644	-384	808	-733
1700000076680	320	-1207	432	-244	933	-657
1700000076690	584	-1057	145	-112	1020	-549
1700000076700	949	-981	-198	-2	1053	-389
1700000076710	1334	-943	-493	200	1060	-186
1700000076720	1709	-920	-817	296	1034	42
1700000076730	2150	-933	-983	448	992	303
1700000076740	2584	-1017	-616	558	909	463
1700000076750	2895	-1101	-322	664	817	675
1700000076760	3231	-1203	8	730	667	672
1700000076770	3407	-1405	313	769	489	676
1700000076780	3605	-1567	524	792	308	557
1700000076790	3663	-1770	701	762	107	440
1700000076800	3579	-2001	824	726	-41	186
1700000076810	3484	-2179	907	673	-272	-74
1700000076820	3372	-2426	940	636	-444	-293
1700000076830	3228	-2661	944	522	-634	-501
1700000076840	3051	-2864	828	422	-802	-593
1700000076850	2925	-3061	659	264	-880	-669
1700000076860	2755	-3177	476	136	-981	-687
1700000076870	2576	-3320	154	44	-1081	-567
1700000076880	2481	-3386	-132	-126	-1135	-421
1700000076890	2328	-3493	-399	-290	-1125	-194
1700000076900	2196	-3518	-783	-454	-1162	32
1700000076910	2049	-3539	-1022	-554	-1122	262
1700000076920	1905	-3398	-701	-671	-1040	465
1700000076930	1686	-3375	-358	-806	-950	621
1700000076940	1472	-3288	-92	-838	-742	670
1700000076950	1314	-3068	252	-924	-614	676
1700000076960	986	-2922	471	-891	-472	565
1700000076970	749	-2707	715	-873	-213	425
1700000076980	516	-2477	842	-930	-58	266
1700000076990	239	-2300	917	-814	138	-34
1700000077000	122	-2027	963	-785	295	-250
1700000077010	16	-1809	887	-695	538	-439
1700000077020	-29	-1636	807	-567	649	-584
1700000077030	60	-1417	700	-433	792	-691
1700000077040	226	-1253	482	-264	892	-720
1700000077050	468	-1129	223	-155	992	-581
1700000077060	790	-1022	-68	-19	1029	-462
1700000077070	1165	-947	-367	140	1081	-244
1700000077080	1597	-957	-723	235	1089	-37
1700000077090	2023	-947	-1081	367	1025	209
1700000077100	2435	-973	-731	530	883	380
1700000077110	2769	-1065	-469	582	831	577
1700000077120	3101	-1187	-135	681	754	661
1700000077130	3340	-1306	190	766	542	694
1700000077140	3517	-1499	432	789	369	599
1700000077150	3552	-1713	651	825	201	466
1700000077160	3639	-1918	813	775	-26	271
1700000077170	3582	-2105	906	711	-167	37
1700000077180	3443	-2328	952	661	-369	-256
1700000077190	3302	-2544	943	581	-529	-404
1700000077200	3166	-2762	891	467	-726	-545
1700000077210	2981	-2993	735	332	-863	-635
1700000077220	2811	-3148	540	230	-971	-702
1700000077230	2651	-3271	248	28	-1085	-616
1700000077240	2480	-3390	6	-89	-1181	-492
1700000077250	2386	-3473	-308	-270	-1114	-292
1700000077260	2229	-3510	-659	-401	-1138	-88
1700000077270	2095	-3528	-1020	-509	-1125	218
1700000077280	1952	-3464	-826	-675	-1026	369
1700000077290	1766	-3384	-510	-764	-968	539
1700000077300	1546	-3339	-121	-792	-794	674
1700000077310	1362	-3130	112	-873	-685	673
1700000077320	1109	-2963	400	-908	-524	603
1700000077330	852	-2798	629	-943	-362	521
1700000077340	592	-2591	801	-936	-133	297
1700000077350	359	-2362	896	-844	27	75
1700000077360	180	-2145	963	-835	262	-196
1700000077370	59	-1897	917	-665	435	-359
1700000077380	-21	-1721	841	-617	589	-561
1700000077390	53	-1512	748	-521	778	-624
1700000077400	155	-1346	549	-367	893	-648
1700000077410	361	-1169	321	-233	958	-659
1700000077420	703	-1042	41	-82	1026	-541
1700000077430	1055	-978	-222	85	1043	-339
1700000077440	1446	-985	-574	200	1071	-69
1700000077450	1855	-938	-974	335	1037	145
1700000077460	2286	-949	-919	445	1008	361
1700000077470	2655	-986	-574	593	853	547
1700000077480	3030	-1136	-244	651	764	588
1700000077490	3290	-1299	68	741	609	715
1700000077500	3508	-1446	390	780	426	631
1700000077510	3566	-1599	595	795	277	507
1700000077520	3610	-1819	757	778	87	337
1700000077530	3566	-2060	872	722	-120	168
1700000077540	3473	-2265	927	688	-251	-116
1700000077550	3334	-2486	929	621	-505	-334
1700000077560	3202	-2703	882	518	-671	-526
1700000077570	3000	-2931	746	417	-815	-649
1700000077580	2831	-3072	580	226	-924	-700
1700000077590	2733	-3241	384	134	-1055	-710
1700000077600	2549	-3373	104	-68	-1109	-486
1700000077610	2427	-3446	-168	-188	-1158	-371
1700000077620	2313	-3480	-518	-343	-1207	-134
1700000077630	2150	-3504	-879	-502	-1163	78
1700000077640	1983	-3485	-944	-653	-1076	313
1700000077650	1860	-3428	-596	-699	-1034	500
1700000077660	1636	-3358	-297	-774	-924	670
1700000077670	1406	-3211	40	-846	-733	667
1700000077680	1190	-3027	307	-865	-569	639
1700000077690	908	-2891	540	-944	-418	565
1700000077700	732	-2646	743	-967	-239	401
1700000077710	409	-2430	844	-903	-3	169
1700000077720	268	-2224	909	-848	140	-75
1700000077730	70	-1995	932	-756	375	-286
1700000077740	41	-1769	906	-665	531	-473
1700000077750	17	-1546	847	-543	685	-606
1700000077760	104	-1404	682	-392	834	-681
1700000077770	315	-1229	399	-267	957	-684
1700000077780	567	-1092	183	-112	1019	-593
1700000077790	904	-992	-134	-32	1067	-375
1700000077800	1322	-927	-451	187	1092	-244
1700000077810	1716	-944	-832	281	1040	28
1700000077820	2135	-938	-980	440	978	242
1700000077830	2538	-1021	-677	503	904	498
1700000077840	2878	-1058	-320	655	783	606
1700000077850	3186	-1224	-42	740	677	705
1700000077860	3465	-1356	285	777	505	684
1700000077870	3565	-1552	514	771	307	602
1700000077880	3622	-1752	699	794	137	451
1700000077890	3623	-1967	877	788	-27	196
1700000077900	3489	-2207	933	713	-276	-12
1700000077910	3418	-2409	972	644	-445	-244
1700000077920	3292	-2608	936	516	-584	-455
1700000077930	3106	-2875	792	406	-715	-622
1700000077940	2957	-3010	653	259	-862	-651
1700000077950	2743	-3182	440	176	-976	-693
1700000077960	2606	-3349	239	8	-1109	-608
1700000077970	2470	-3457	-72	-145	-1175	-386
1700000077980	2309	-3468	-410	-293	-1143	-268
1700000077990	2191	-3501	-747	-406	-1141	-19
1700000078000	2051	-3517	-1107	-541	-1126	218
1700000078010	1913	-3469	-753	-663	-991	436
1700000078020	1726	-3381	-394	-772	-885	584
1700000078030	1557	-3266	-78	-862	-794	678
1700000078040	1254	-3101	192	-915	-624	696
1700000078050	1067	-2909	447	-952	-451	608
1700000078060	778	-2748	671	-937	-277	419
1700000078070	550	-2516	807	-915	-115	234
1700000078080	332	-2310	936	-868	149	48
1700000078090	129	-2081	963	-777	285	-232
1700000078100	-7	-1825	961	-649	506	-410
1700000078110	-12	-1623	878	-592	651	-608
1700000078120	63	-1419	716	-459	736	-710
1700000078130	166	-1313	539	-313	903	-659
1700000078140	459	-1117	248	-170	999	-614
1700000078150	766	-1025	-44	-2	1010	-452
1700000078160	1136	-934	-336	141	1118	-268
1700000078170	1509	-946	-699	244	1071	-25
1700000078180	2013	-906	-1010	369	1037	189
1700000078190	2376	-956	-886	477	935	437
1700000078200	2767	-1075	-487	620	851	557
1700000078210	3100	-1156	-193	659	734	675
1700000078220	3360	-1307	165	751	573	713
1700000078230	3518	-1474	433	810	424	605
1700000078240	3577	-1656	636	771	213	461
1700000078250	3631	-1881	845	797	18	311
1700000078260	3569	-2122	918	759	-146	58
1700000078270	3470	-2346	932	675	-350	-186
1700000078280	3314	-2551	928	547	-576	-368
1700000078290	3194	-2792	883	468	-747	-582
1700000078300	2997	-2959	708	303	-819	-641
1700000078310	2816	-3139	554	221	-983	-720
1700000078320	2675	-3235	311	58	-1101	-652
1700000078330	2498	-3385	48	-103	-1131	-494
1700000078340	2385	-3482	-270	-226	-1138	-301
1700000078350	2245	-3491	-616	-386	-1219	-62
1700000078360	2101	-3528	-995	-494	-1123	178
1700000078370	1992	-3471	-891	-632	-1050	376
1700000078380	1800	-3411	-518	-710	-983	506
1700000078390	1578	-3341	-208	-816	-843	634
1700000078400	1342	-3203	113	-874	-694	680
1700000078410	1105	-2940	390	-882	-555	656
1700000078420	845	-2796	595	-931	-338	527
1700000078430	653	-2602	784	-888	-196	303
1700000078440	357	-2375	837	-873	53	133
1700000078450	200	-2182	958	-836	241	-123
1700000078460	102	-1910	921	-730	402	-356
1700000078470	-6	-1699	890	-619	534	-527
1700000078480	6	-1510	805	-485	718	-673
1700000078490	149	-1339	556	-374	857	-690
1700000078500	317	-1149	373	-229	968	-622
1700000078510	666	-1097	91	-49	1046	-544
1700000078520	1000	-988	-224	64	1097	-367
1700000078530	1397	-889	-514	214	1103	-151
1700000078540	1820	-944	-897	363	1027	136
1700000078550	2245	-959	-966	483	995	339
1700000078560	2638	-1038	-615	553	883	482
1700000078570	2989	-1163	-249	701	750	644
1700000078580	3277	-1257	61	742	544	675
1700000078590	3444	-1422	304	768	552	672
1700000078600	3582	-1568	586	787	288	569
1700000078610	3656	-1798	768	786	92	413
1700000078620	3573	-2063	899	751	-104	143
1700000078630	3454	-2250	947	670	-277	-88
1700000078640	3333	-2483	948	605	-483	-308
1700000078650	3237	-2698	878	509	-645	-494
1700000078660	2991	-2884	803	407	-839	-586
1700000078670	2879	-3036	586	288	-913	-731
1700000078680	2650	-3190	448	141	-1029	-645
1700000078690	2588	-3344	175	-16	-1114	-523
1700000078700	2427	-3450	-161	-184	-1231	-395
1700000078710	2288	-3491	-480	-319	-1166	-187
1700000078720	2191	-3529	-838	-439	-1168	79
1700000078730	2031	-3462	-1027	-574	-1045	298
1700000078740	1838	-3465	-628	-690	-1019	514
1700000078750	1669	-3386	-317	-783	-874	634
1700000078760	1449	-3271	37	-899	-742	707
1700000078770	1215	-3038	266	-892	-619	674
1700000078780	945	-2873	505	-934	-418	564
1700000078790	670	-2717	713	-921	-190	399
1700000078800	433	-2498	811	-880	-68	178
1700000078810	240	-2228	948	-857	179	-39
1700000078820	134	-2018	928	-737	324	-287
1700000078830	-1	-1787	893	-642	488	-502
1700000078840	-4	-1630	808	-534	706	-636
1700000078850	107	-1399	691	-448	793	-693
1700000078860	266	-1294	388	-279	885	-651
1700000078870	537	-1122	172	-144	1022	-546
1700000078880	870	-1040	-94	7	1054	-408
1700000078890	1294	-948	-414	159	1050	-215
1700000078900	1716	-937	-788	281	1015	47
1700000078910	2123	-966	-1041	403	1005	230
1700000078920	2485	-1017	-679	523	922	433
1700000078930	2859	-1103	-344	630	848	611
1700000078940	3162	-1230	-75	711	675	694
1700000078950	3398	-1346	244	748	496	707
1700000078960	3544	-1558	490	761	317	551
1700000078970	3611	-1685	658	803	178	442
1700000078980	3638	-1943	858	806	-47	275
1700000078990	3545	-2193	950	715	-217	-12
1700000079000	3404	-2378	949	632	-399	-206
1700000079010	3282	-2618	901	547	-612	-451
1700000079020	3123	-2857	819	459	-782	-615
1700000079030	2896	-3014	684	303	-868	-658
1700000079040	2747	-3170	484	175	-1005	-681
1700000079050	2620	-3330	251	-33	-1120	-602
1700000079060	2453	-3425	-96	-100	-1146	-419
1700000079070	2328	-3514	-381	-275	-1138	-251
1700000079080	2194	-3533	-689	-380	-1121	-42
1700000079090	2065	-3545	-1088	-543	-1127	245
1700000079100	1947	-3458	-792	-664	-1036	418
1700000079110	1764	-3381	-418	-734	-936	608
1700000079120	1581	-3304	-111	-811	-781	670
1700000079130	1306	-3090	171	-861	-640	651
1700000079140	1049	-2953	462	-899	-492	560
1700000079150	766	-2735	631	-924	-299	505
1700000079160	545	-2542	835	-906	-95	269
1700000079170	312	-2350	932	-870	119	37
1700000079180	150	-2097	946	-823	266	-165
1700000079190	29	-1798	942	-699	482	-404
1700000079200	-18	-1683	871	-608	665	-583
1700000079210	49	-1472	727	-496	790	-703
1700000079220	166	-1298	514	-327	881	-648
1700000079230	460	-1137	294	-232	996	-647
1700000079240	749	-1040	-11	-10	1061	-520
1700000079250	1094	-946	-327	76	1077	-307
1700000079260	1513	-920	-621	267	1048	-73
1700000079270	1965	-920	-985	351	1006	194
1700000079280	2368	-991	-847	503	932	404
1700000079290	2727	-1037	-476	601	871	582
1700000079300	3038	-1181	-164	681	714	638
1700000079310	3291	-1270	151	744	585	686
1700000079320	3483	-1471	431	795	429	645
1700000079330	3607	-1651	638	797	208	486
1700000079340	3664	-1851	786	766	32	283
1700000079350	3547	-2079	875	729	-158	75
1700000079360	3434	-2300	988	686	-365	-159
1700000079370	3337	-2513	971	577	-518	-382
1700000079380	3212	-2734	915	513	-670	-541
1700000079390	2958	-2915	754	376	-835	-677
1700000079400	2839	-3163	561	209	-958	-707
1700000079410	2673	-3272	334	55	-1006	-642
1700000079420	2551	-3398	68	-46	-1124	-545
1700000079430	2378	-3442	-233	-241	-1179	-342
1700000079440	2247	-3504	-593	-353	-1132	-94
1700000079450	2123	-3543	-943	-494	-1152	139
1700000079460	1997	-3487	-902	-614	-1069	364
1700000079470	1801	-3432	-518	-737	-976	558
1700000079480	1607	-3330	-257	-807	-860	641
1700000079490	1394	-3195	86	-866	-702	706
1700000079500	1170	-2978	350	-889	-526	611
1700000079510	871	-2798	561	-932	-376	518
1700000079520	631	-2634	748	-926	-144	394
1700000079530	391	-2432	884	-873	56	138
1700000079540	232	-2197	928	-811	172	-116
1700000079550	72	-1949	922	-746	375	-340
1700000079560	-9	-1714	862	-659	591	-539
1700000079570	20	-1533	755	-512	737	-667
1700000079580	143	-1424	651	-384	835	-663
1700000079590	315	-1224	341	-271	920	-652
1700000079600	606	-1068	79	-85	1043	-561
1700000079610	1005	-1007	-165	44	1052	-375
1700000079620	1408	-897	-504	155	1114	-136
1700000079630	1760	-940	-846	333	1047	67
1700000079640	2215	-941	-974	486	1003	310
1700000079650	2576	-992	-642	590	868	530
1700000079660	2958	-1097	-309	633	767	658
1700000079670	3218	-1195	44	704	636	656
1700000079680	3436	-1394	310	768	469	651
1700000079690	3574	-1586	539	778	280	524
1700000079700	3636	-1738	744	770	124	402
1700000079710	3617	-1996	893	741	-72	187
1700000079720	3530	-2221	935	715	-254	-64
1700000079730	3385	-2448	941	601	-458	-333
1700000079740	3235	-2684	937	522	-658	-496
1700000079750	3080	-2886	790	383	-762	-649
1700000079760	2894	-3075	637	246	-887	-702
1700000079770	2733	-3196	403	135	-1026	-646
1700000079780	2626	-3329	140	-42	-1157	-545
1700000079790	2458	-3413	-129	-135	-1133	-385
1700000079800	2326	-3502	-480	-283	-1165	-179
1700000079810	2153	-3531	-788	-461	-1132	50
1700000079820	2001	-3525	-1028	-579	-1117	266
1700000079830	1862	-3472	-710	-672	-1005	473
1700000079840	1692	-3384	-366	-805	-907	606
1700000079850	1443	-3256	-25	-859	-753	723
1700000079860	1232	-3060	211	-920	-615	661
1700000079870	964	-2866	476	-929	-460	619
1700000079880	684	-2669	722	-932	-219	436
1700000079890	500	-2496	836	-909	-44	198
1700000079900	318	-2237	921	-874	145	-15
1700000079910	136	-2054	1005	-798	322	-248
1700000079920	26	-1821	908	-696	479	-467
1700000079930	-19	-1592	838	-612	683	-589
1700000079940	93	-1415	694	-437	795	-681
1700000079950	253	-1273	422	-284	922	-661
1700000079960	488	-1143	215	-139	992	-620
1700000079970	817	-1066	-75	17	1047	-440
1700000079980	1241	-939	-368	133	1058	-228
1700000079990	1645	-909	-751	303	1075	-6
1700000080000	2055	-941	-1095	417	1004	288
1700000080010	2463	-946	-731	518	940	417
1700000080020	2834	-1053	-413	626	797	595
1700000080030	3150	-1201	-102	699	698	705
1700000080040	3360	-1325	170	779	531	690
1700000080050	3507	-1551	452	771	368	633
1700000080060	3594	-1700	653	835	147	454
1700000080070	3609	-1952	776	784	-58	245
1700000080080	3542	-2179	927	749	-199	6
1700000080090	3414	-2434	947	674	-400	-204
1700000080100	3272	-2596	920	581	-569	-462
1700000080110	3130	-2792	892	457	-739	-607
1700000080120	2947	-2979	708	359	-889	-653
1700000080130	2766	-3177	486	205	-1028	-639
1700000080140	2646	-3298	310	13	-1056	-610
1700000080150	2428	-3420	-50	-59	-1146	-467
1700000080160	2351	-3468	-381	-274	-1147	-256
1700000080170	2210	-3551	-691	-408	-1130	-63
1700000080180	2114	-3463	-1054	-532	-1105	206
1700000080190	1966	-3478	-826	-633	-1016	375
1700000080200	1733	-3380	-452	-723	-920	624
1700000080210	1529	-3265	-137	-793	-850	675
1700000080220	1309	-3117	148	-905	-703	677
1700000080230	1081	-3004	439	-961	-476	610
1700000080240	840	-2789	635	-958	-292	492
1700000080250	566	-2563	776	-897	-134	305
1700000080260	321	-2301	909	-866	64	55
1700000080270	169	-2120	969	-791	292	-162
1700000080280	54	-1863	878	-689	429	-446
1700000080290	-16	-1694	891	-607	563	-550
1700000080300	8	-1493	733	-488	785	-668
1700000080310	195	-1315	559	-317	836	-694
1700000080320	374	-1145	312	-202	991	-657
1700000080330	713	-1048	34	-20	1031	-465
1700000080340	1066	-974	-274	86	1077	-307
1700000080350	1483	-945	-618	215	1088	-89
1700000080360	1870	-913	-964	390	1022	121
1700000080370	2331	-926	-869	503	951	386
1700000080380	2673	-1037	-519	560	883	590
1700000080390	3053	-1142	-224	636	749	650
1700000080400	3314	-1246	109	786	608	663
1700000080410	3485	-1424	383	747	453	617
1700000080420	3630	-1643	637	786	244	526
1700000080430	3631	-1848	788	780	37	367
1700000080440	3633	-2073	863	760	-138	75
1700000080450	3492	-2315	939	671	-347	-132
1700000080460	3379	-2500	911	591	-539	-348
1700000080470	3209	-2732	901	511	-669	-530
1700000080480	2993	-2874	775	365	-827	-665
1700000080490	2833	-3123	530	253	-942	-686
1700000080500	2712	-3237	336	93	-1046	-690
1700000080510	2549	-3358	63	-68	-1134	-511
1700000080520	2385	-3458	-207	-220	-1142	-303
1700000080530	2272	-3555	-540	-373	-1187	-123
1700000080540	2123	-3512	-936	-510	-1176	138
1700000080550	1991	-3484	-933	-618	-1101	321
1700000080560	1827	-3422	-566	-718	-990	522
1700000080570	1649	-3372	-212	-822	-833	636
1700000080580	1419	-3201	27	-849	-731	662
1700000080590	1155	-3039	348	-933	-549	663
1700000080600	924	-2833	556	-931	-372	523
1700000080610	651	-2610	761	-899	-201	385
1700000080620	413	-2425	859	-909	6	141
1700000080630	199	-2174	971	-857	170	-76
1700000080640	64	-1972	951	-761	366	-289
1700000080650	-17	-1749	883	-652	562	-507
1700000080660	0	-1586	832	-511	689	-624
1700000080670	93	-1351	601	-377	844	-707
1700000080680	289	-1246	433	-244	972	-650
1700000080690	621	-1089	141	-95	993	-558
1700000080700	921	-995	-164	29	1007	-350
1700000080710	1373	-943	-453	194	1052	-186
1700000080720	1750	-919	-816	348	1045	70
1700000080730	2175	-963	-1029	471	991	279
1700000080740	2555	-1043	-651	554	923	521
1700000080750	2938	-1091	-323	707	774	636
1700000080760	3201	-1243	52	725	635	695
1700000080770	3435	-1412	247	758	477	650
1700000080780	3541	-1550	572	787	302	537
1700000080790	3611	-1768	721	819	116	388
1700000080800	3619	-1959	879	740	-41	201
1700000080810	3499	-2184	922	716	-271	-68
1700000080820	3379	-2417	984	637	-505	-289
1700000080830	3247	-2634	926	512	-602	-466
1700000080840	3061	-2867	843	426	-798	-606
1700000080850	2908	-3055	614	303	-906	-685
1700000080860	2758	-3220	448	202	-1023	-688
1700000080870	2593	-3329	162	-22	-1106	-567
1700000080880	2438	-3463	-102	-129	-1168	-428
1700000080890	2301	-3502	-415	-308	-1197	-169
1700000080900	2167	-3501	-756	-438	-1184	78
1700000080910	2002	-3529	-1063	-560	-1137	253
1700000080920	1880	-3453	-687	-666	-984	459
1700000080930	1680	-3394	-354	-776	-961	585
1700000080940	1482	-3234	-66	-824	-779	690
1700000080950	1240	-3077	251	-874	-664	724
1700000080960	998	-2928	447	-900	-452	606
1700000080970	746	-2721	685	-934	-278	459
1700000080980	496	-2513	809	-890	-11	201
1700000080990	291	-2281	897	-852	94	-26
1700000081000	141	-2028	969	-761	322	-243
1700000081010	5	-1890	970	-682	438	-412
1700000081020	1	-1629	846	-590	666	-567
1700000081030	72	-1424	682	-442	781	-682
1700000081040	219	-1278	451	-299	921	-663
1700000081050	481	-1122	267	-139	993	-609
1700000081060	806	-1034	-46	-7	1049	-447
1700000081070	1168	-956	-367	164	1027	-230
1700000081080	1564	-934	-712	259	1057	-16
1700000081090	2036	-953	-1071	423	991	220
1700000081100	2423	-994	-728	508	948	418
1700000081110	2810	-1033	-413	604	814	579
1700000081120	3103	-1167	-122	716	723	644
1700000081130	3357	-1310	162	777	536	654
1700000081140	3533	-1488	448	776	404	624
1700000081150	3647	-1679	684	785	209	456
1700000081160	3629	-1893	787	791	-18	284
1700000081170	3576	-2104	926	730	-189	85
1700000081180	3455	-2398	938	648	-411	-182
1700000081190	3320	-2550	945	559	-562	-445
1700000081200	3118	-2784	863	453	-688	-565
1700000081210	2934	-2951	665	323	-887	-642
1700000081220	2786	-3151	514	202	-988	-660
1700000081230	2647	-3302	290	60	-1085	-634
1700000081240	2535	-3424	-15	-92	-1114	-493
1700000081250	2337	-3442	-291	-245	-1147	-285
1700000081260	2271	-3441	-621	-381	-1132	-82
1700000081270	2142	-3535	-976	-500	-1122	190
1700000081280	1938	-3457	-849	-616	-1104	354
1700000081290	1804	-3443	-496	-758	-977	566
1700000081300	1588	-3270	-156	-825	-845	678
1700000081310	1316	-3161	159	-870	-687	637
1700000081320	1081	-2976	383	-918	-520	644
1700000081330	832	-2802	607	-935	-281	499
1700000081340	579	-2630	794	-918	-135	307
1700000081350	343	-2347	920	-856	69	101
1700000081360	199	-2147	954	-798	200	-123
1700000081370	54	-1897	973	-709	389	-389
1700000081380	14	-1726	899	-582	588	-535
1700000081390	22	-1510	730	-523	737	-644
1700000081400	135	-1323	599	-413	870	-730
1700000081410	364	-1180	334	-229	991	-606
1700000081420	663	-1085	70	-35	1016	-518
1700000081430	1015	-1025	-268	49	1098	-311
1700000081440	1460	-928	-565	209	1078	-96
1700000081450	1851	-897	-958	366	1054	137
1700000081460	2299	-949	-927	468	976	327
1700000081470	2674	-1023	-548	557	892	547
1700000081480	2962	-1119	-246	674	805	655
1700000081490	3290	-1231	48	723	634	746
1700000081500	3489	-1430	383	794	448	613
1700000081510	3563	-1599	579	817	266	511
1700000081520	3616	-1806	729	828	65	328
1700000081530	3559	-2042	850	771	-125	130
1700000081540	3471	-2237	903	651	-300	-58
1700000081550	3334	-2505	952	595	-500	-314
1700000081560	3179	-2732	890	507	-681	-517
1700000081570	3020	-2938	756	377	-810	-637
1700000081580	2869	-3108	567	238	-985	-670
1700000081590	2709	-3230	381	110	-1040	-647
1700000081600	2529	-3360	112	-36	-1111	-536
1700000081610	2419	-3448	-185	-222	-1187	-402
1700000081620	2296	-3501	-479	-321	-1173	-143
1700000081630	2155	-3524	-914	-456	-1160	54
1700000081640	1985	-3501	-964	-608	-1038	293
1700000081650	1883	-3447	-611	-729	-954	505
1700000081660	1652	-3280	-298	-788	-878	634
1700000081670	1437	-3205	52	-908	-748	691
1700000081680	1191	-3036	332	-893	-564	623
1700000081690	935	-2866	518	-959	-396	550
1700000081700	687	-2666	724	-904	-184	408
1700000081710	437	-2456	887	-862	-12	144
1700000081720	199	-2252	956	-823	166	-31
1700000081730	85	-2003	953	-758	378	-303
1700000081740	37	-1762	909	-662	553	-491
1700000081750	49	-1554	770	-531	683	-632
1700000081760	159	-1372	666	-446	851	-681
1700000081770	314	-1214	431	-268	972	-660
1700000081780	532	-1093	163	-116	1044	-565
1700000081790	908	-1012	-105	24	1030	-427
1700000081800	1273	-941	-472	204	1055	-212
1700000081810	1698	-936	-803	288	1012	39
1700000081820	2167	-904	-1017	438	1001	296
1700000081830	2545	-1052	-681	540	866	455
1700000081840	2900	-1073	-353	658	792	634
1700000081850	3232	-1206	30	766	672	650
1700000081860	3415	-1368	221	748	533	673
1700000081870	3545	-1550	520	774	325	596
1700000081880	3637	-1713	695	802	157	429
1700000081890	3591	-1969	864	780	-71	226
1700000081900	3536	-2193	948	707	-281	8
1700000081910	3442	-2424	935	605	-389	-258
1700000081920	3245	-2638	945	569	-564	-476
1700000081930	3025	-2854	831	461	-790	-580
1700000081940	2898	-3026	670	313	-902	-712
1700000081950	2774	-3176	466	188	-988	-668
1700000081960	2594	-3301	213	13	-1096	-553
1700000081970	2459	-3368	-72	-155	-1199	-451
1700000081980	2322	-3546	-384	-301	-1182	-230
1700000081990	2174	-3556	-739	-445	-1147	-58
1700000082000	2083	-3486	-1082	-583	-1123	236
1700000082010	1921	-3478	-755	-657	-994	412
1700000082020	1701	-3399	-418	-780	-912	549
1700000082030	1511	-3258	-106	-834	-811	698
1700000082040	1251	-3113	254	-899	-615	684
1700000082050	1044	-2946	456	-922	-453	601
1700000082060	790	-2700	656	-961	-297	456
1700000082070	503	-2544	837	-854	-68	256
1700000082080	317	-2285	898	-885	88	26
1700000082090	126	-2097	970	-760	282	-214
1700000082100	22	-1832	970	-720	508	-444
1700000082110	-2	-1616	808	-572	639	-552
1700000082120	73	-1445	718	-448	766	-641
1700000082130	181	-1236	467	-316	904	-665
1700000082140	426	-1156	246	-197	934	-570
1700000082150	753	-1028	-25	-35	1057	-491
1700000082160	1147	-958	-374	152	1082	-269
1700000082170	1560	-892	-669	255	1081	-60
1700000082180	1939	-945	-1048	398	1010	182
1700000082190	2420	-926	-789	470	935	460
1700000082200	2790	-1068	-494	608	849	559
1700000082210	3118	-1147	-117	691	722	662
1700000082220	3311	-1314	159	752	552	676
1700000082230	3501	-1525	420	780	373	624
1700000082240	3613	-1688	647	806	225	498
1700000082250	3630	-1884	817	792	43	304
1700000082260	3535	-2108	934	716	-184	35
1700000082270	3452	-2355	963	645	-365	-166
1700000082280	3325	-2528	925	609	-532	-396
1700000082290	3191	-2745	852	472	-708	-536
1700000082300	2980	-2991	762	333	-834	-669
1700000082310	2820	-3127	557	204	-981	-705
1700000082320	2653	-3269	313	125	-1075	-668
1700000082330	2477	-3409	31	-116	-1154	-524
1700000082340	2417	-3464	-268	-241	-1183	-336
1700000082350	2259	-3521	-643	-339	-1182	-39
1700000082360	2103	-3541	-996	-520	-1154	166
1700000082370	1935	-3496	-883	-633	-1053	367
1700000082380	1821	-3377	-534	-711	-936	576
1700000082390	1606	-3312	-191	-838	-842	655
1700000082400	1348	-3143	86	-875	-696	712
1700000082410	1126	-2985	400	-914	-563	618
1700000082420	866	-2849	612	-921	-357	499
1700000082430	649	-2587	745	-898	-191	318
1700000082440	403	-2395	901	-911	9	86
1700000082450	177	-2156	947	-877	266	-148
1700000082460	86	-1917	968	-685	370	-377
1700000082470	-46	-1715	853	-625	570	-552
1700000082480	-31	-1531	759	-521	759	-631
1700000082490	153	-1348	583	-324	869	-688
1700000082500	401	-1191	329	-210	960	-655
1700000082510	648	-1051	118	-94	1005	-484
1700000082520	953	-981	-237	70	1073	-378
1700000082530	1414	-937	-559	220	1084	-111
1700000082540	1844	-939	-912	315	1013	104
1700000082550	2250	-963	-944	469	998	300
1700000082560	2638	-1044	-588	579	905	532
1700000082570	2955	-1123	-246	677	741	608
1700000082580	3268	-1267	86	744	608	682
1700000082590	3460	-1434	328	727	483	703
1700000082600	3537	-1589	582	772	286	538
1700000082610	3596	-1774	711	764	85	384
1700000082620	3577	-2017	865	751	-116	145
1700000082630	3518	-2263	931	744	-296	-94
1700000082640	3385	-2482	959	589	-527	-365
1700000082650	3197	-2682	947	489	-647	-495
1700000082660	2993	-2899	776	369	-813	-609
1700000082670	2856	-3067	598	286	-926	-713
1700000082680	2754	-3203	414	107	-1033	-651
1700000082690	2565	-3373	153	-63	-1149	-576
1700000082700	2385	-3446	-156	-188	-1173	-378
1700000082710	2336	-3500	-464	-310	-1206	-163
1700000082720	2149	-3525	-827	-514	-1122	48
1700000082730	2049	-3546	-996	-605	-1068	269
1700000082740	1826	-3477	-698	-719	-986	467
1700000082750	1683	-3325	-346	-817	-898	607
1700000082760	1465	-3227	10	-873	-724	660
1700000082770	1233	-3029	308	-907	-604	670
1700000082780	980	-2906	526	-929	-437	578
1700000082790	685	-2690	740	-932	-230	419
1700000082800	507	-2397	853	-912	-12	195
1700000082810	292	-2257	948	-843	115	-64
1700000082820	89	-2011	996	-738	319	-262
1700000082830	9	-1806	927	-662	550	-473
1700000082840	4	-1591	769	-563	696	-638
1700000082850	92	-1374	609	-420	819	-684
1700000082860	251	-1225	442	-248	901	-646
1700000082870	549	-1101	184	-137	953	-579
1700000082880	861	-1031	-117	26	1068	-455
1700000082890	1263	-976	-427	148	1048	-190
1700000082900	1727	-928	-769	299	1078	63
1700000082910	2106	-931	-1027	439	1051	246
1700000082920	2500	-956	-739	527	938	452
1700000082930	2898	-1030	-350	594	819	621
1700000082940	3151	-1200	-75	742	671	665
1700000082950	3464	-1330	247	767	508	659
1700000082960	3534	-1548	508	798	383	568
1700000082970	3653	-1732	702	775	166	413
1700000082980	3603	-1967	845	757	-7	248
1700000082990	3516	-2190	904	715	-220	-27
1700000083000	3410	-2387	1003	652	-418	-238
1700000083010	3292	-2620	917	534	-575	-442
1700000083020	3088	-2805	787	444	-758	-570
1700000083030	2948	-3009	702	313	-881	-691
1700000083040	2759	-3197	509	165	-998	-661
1700000083050	2611	-3283	265	11	-1085	-611
1700000083060	2490	-3435	-98	-164	-1130	-422
1700000083070	2342	-3509	-372	-255	-1131	-261
1700000083080	2213	-3519	-697	-424	-1143	25
1700000083090	2072	-3527	-1078	-528	-1079	251
1700000083100	1914	-3486	-788	-670	-1046	400
1700000083110	1697	-3358	-432	-740	-935	641
1700000083120	1548	-3285	-115	-850	-829	672
1700000083130	1305	-3179	165	-907	-646	687
1700000083140	1061	-2988	417	-977	-469	607
1700000083150	794	-2721	630	-907	-327	471
1700000083160	551	-2539	831	-873	-73	227
1700000083170	340	-2348	924	-847	72	-22
1700000083180	128	-2102	910	-796	307	-223
1700000083190	26	-1868	941	-702	454	-412
1700000083200	5	-1671	874	-597	671	-602
1700000083210	27	-1466	656	-495	794	-658
1700000083220	235	-1288	517	-344	904	-681
1700000083230	431	-1158	286	-178	989	-622
1700000083240	695	-1089	11	-20	1014	-481
1700000083250	1092	-1005	-327	139	1051	-301
1700000083260	1548	-920	-644	270	1086	-34
1700000083270	1924	-920	-998	377	998	161
1700000083280	2327	-946	-811	505	948	371
1700000083290	2719	-1048	-498	626	869	560
1700000083300	3077	-1139	-142	698	748	673
1700000083310	3300	-1333	160	742	577	686
1700000083320	3536	-1452	410	746	411	633
1700000083330	3589	-1645	624	769	236	509
1700000083340	3601	-1828	748	803	54	329
1700000083350	3576	-2102	896	786	-150	69
1700000083360	3455	-2329	961	631	-330	-111
1700000083370	3325	-2517	935	587	-498	-415
1700000083380	3179	-2757	886	490	-714	-565
1700000083390	2999	-2956	712	352	-860	-661
1700000083400	2840	-3099	513	221	-969	-638
1700000083410	2686	-3244	336	84	-1089	-647
1700000083420	2519	-3424	33	-49	-1128	-511
1700000083430	2382	-3442	-284	-199	-1203	-330
1700000083440	2258	-3505	-620	-376	-1174	-107
1700000083450	2117	-3533	-956	-489	-1138	130
1700000083460	1992	-3431	-925	-606	-1073	359
1700000083470	1791	-3432	-562	-733	-949	544
1700000083480	1649	-3293	-216	-829	-851	684
1700000083490	1385	-3187	76	-862	-731	687
1700000083500	1148	-2993	349	-916	-539	657
1700000083510	910	-2820	561	-906	-368	531
1700000083520	644	-2598	745	-894	-170	348
1700000083530	390	-2458	897	-899	31	164
1700000083540	218	-2168	932	-836	232	-125
1700000083550	74	-1954	941	-773	405	-299
1700000083560	-6	-1796	837	-642	544	-483
1700000083570	43	-1542	798	-507	718	-641
1700000083580	154	-1353	655	-384	840	-679
1700000083590	328	-1179	389	-239	959	-687
1700000083600	624	-1088	109	-146	1003	-543
1700000083610	962	-998	-210	35	1072	-342
1700000083620	1348	-930	-508	162	1068	-126
1700000083630	1770	-925	-867	359	1064	117
1700000083640	2238	-946	-908	512	991	295
1700000083650	2600	-998	-634	578	906	517
1700000083660	2963	-1108	-294	671	786	661
1700000083670	3274	-1212	25	747	623	689
1700000083680	3408	-1420	318	757	491	692
1700000083690	3562	-1579	520	816	296	577
1700000083700	3639	-1814	735	789	137	337
1700000083710	3594	-2011	886	799	-88	152
1700000083720	3474	-2245	958	642	-272	-78
1700000083730	3317	-2422	938	649	-476	-295
1700000083740	3230	-2613	890	556	-650	-515
1700000083750	3050	-2865	810	422	-814	-641
1700000083760	2897	-3068	675	265	-914	-730
1700000083770	2748	-3209	460	95	-1022	-646
1700000083780	2589	-3359	148	-72	-1088	-543
1700000083790	2437	-3432	-129	-188	-1149	-458
1700000083800	2359	-3485	-440	-339	-1160	-186
1700000083810	2171	-3531	-803	-432	-1138	21
1700000083820	2038	-3469	-1014	-598	-1090	271
1700000083830	1857	-3476	-671	-709	-1010	504
1700000083840	1668	-3370	-323	-768	-914	609
1700000083850	1425	-3266	-64	-859	-695	641
1700000083860	1250	-3086	240	-921	-559	663
1700000083870	990	-2896	550	-924	-445	615
1700000083880	679	-2715	675	-942	-238	420
1700000083890	503	-2488	807	-883	-70	230
1700000083900	275	-2279	947	-842	151	-4
1700000083910	72	-2014	960	-732	339	-244
1700000083920	27	-1831	979	-642	504	-449
1700000083930	17	-1618	820	-568	678	-644
1700000083940	56	-1410	642	-395	789	-692
1700000083950	227	-1260	450	-291	900	-689
1700000083960	474	-1113	158	-140	996	-578
1700000083970	811	-1026	-89	-21	1069	-445
1700000083980	1214	-951	-369	169	1103	-244
1700000083990	1617	-903	-737	288	1046	-2
1700000084000	2076	-950	-1108	416	1009	233
1700000084010	2484	-945	-769	522	961	411
1700000084020	2823	-1063	-386	619	849	597
1700000084030	3145	-1190	-32	683	700	664
1700000084040	3418	-1358	194	763	500	702
1700000084050	3521	-1535	484	815	375	616
1700000084060	3646	-1716	657	765	160	446
1700000084070	3600	-1895	820	764	-5	224
1700000084080	3524	-2146	914	749	-226	12
1700000084090	3445	-2350	964	648	-398	-211
1700000084100	3292	-2592	929	564	-558	-411
1700000084110	3061	-2792	832	445	-779	-580
1700000084120	2984	-3010	715	306	-877	-703
1700000084130	2770	-3163	503	214	-999	-673
1700000084140	2583	-3344	226	38	-1078	-596
1700000084150	2525	-3419	-35	-125	-1129	-457
1700000084160	2364	-3520	-344	-210	-1169	-298
1700000084170	2258	-3513	-692	-353	-1211	-27
1700000084180	2104	-3541	-1013	-475	-1131	175
1700000084190	1943	-3490	-809	-628	-1076	420
1700000084200	1764	-3438	-434	-750	-956	571
1700000084210	1573	-3261	-100	-825	-821	715
1700000084220	1286	-3151	145	-881	-681	717
1700000084230	1067	-2965	431	-917	-494	637
1700000084240	841	-2755	614	-947	-336	487
1700000084250	551	-2550	774	-912	-92	301
1700000084260	353	-2338	941	-882	61	60
1700000084270	170	-2085	982	-817	285	-158
1700000084280	22	-1882	912	-665	467	-376
1700000084290	10	-1705	888	-585	606	-538
1700000084300	52	-1477	714	-504	782	-680
1700000084310	175	-1283	529	-354	900	-704
1700000084320	419	-1179	280	-177	971	-643
1700000084330	701	-1011	33	-71	1041	-515
1700000084340	1116	-969	-284	139	1070	-300
1700000084350	1491	-931	-606	249	1045	-60
1700000084360	1908	-959	-919	395	1060	152
1700000084370	2356	-932	-852	501	918	346
1700000084380	2683	-1017	-501	594	838	566
1700000084390	3050	-1142	-219	681	733	647
1700000084400	3262	-1258	137	756	556	664
1700000084410	3464	-1460	361	777	423	626
1700000084420	3586	-1637	577	805	221	482
1700000084430	3593	-1834	785	755	32	326
1700000084440	3585	-2105	873	754	-131	98
1700000084450	3484	-2280	962	655	-350	-98
1700000084460	3331	-2507	960	591	-512	-357
1700000084470	3145	-2696	875	492	-657	-509
1700000084480	2988	-2935	729	330	-844	-655
1700000084490	2829	-3111	587	230	-965	-691
1700000084500	2653	-3237	347	111	-1056	-652
1700000084510	2537	-3364	57	-33	-1157	-559
1700000084520	2415	-3463	-199	-216	-1178	-349
1700000084530	2288	-3555	-538	-329	-1204	-124
1700000084540	2133	-3511	-892	-449	-1147	139
1700000084550	1999	-3523	-954	-603	-1063	334
1700000084560	1802	-3416	-591	-683	-959	518
1700000084570	1643	-3338	-263	-780	-831	626
1700000084580	1414	-3225	41	-900	-710	696
1700000084590	1137	-3014	376	-929	-559	634
1700000084600	908	-2868	558	-913	-417	555
1700000084610	689	-2611	731	-934	-182	323
1700000084620	407	-2430	898	-865	-1	126
1700000084630	190	-2173	951	-879	163	-108
1700000084640	76	-1996	984	-729	328	-308
1700000084650	6	-1780	938	-620	561	-500
1700000084660	-5	-1529	758	-534	707	-636
1700000084670	115	-1404	611	-389	810	-669
1700000084680	274	-1213	359	-265	944	-700
1700000084690	567	-1112	137	-96	1001	-529
1700000084700	874	-1001	-179	33	1087	-377
1700000084710	1330	-939	-442	166	1047	-161
1700000084720	1771	-919	-838	299	1054	72
1700000084730	2148	-906	-997	455	996	321
1700000084740	2590	-1005	-658	509	895	494
1700000084750	2953	-1089	-305	658	818	598
1700000084760	3222	-1229	6	757	662	671
1700000084770	3428	-1406	286	773	462	666
1700000084780	3568	-1571	520	805	359	572
1700000084790	3598	-1772	740	759	118	429
1700000084800	3638	-1971	891	747	-80	215
1700000084810	3515	-2200	970	691	-241	-64
1700000084820	3386	-2419	994	626	-429	-291
1700000084830	3236	-2682	901	537	-621	-470
1700000084840	3088	-2840	799	447	-777	-614
1700000084850	2857	-2994	661	298	-927	-688
1700000084860	2733	-3172	442	157	-986	-676
1700000084870	2608	-3314	209	-3	-1089	-554
1700000084880	2433	-3389	-90	-151	-1153	-440
1700000084890	2320	-3479	-444	-291	-1167	-210
1700000084900	2194	-3544	-756	-437	-1118	-6
1700000084910	2072	-3492	-1033	-563	-1128	268
1700000084920	1938	-3457	-709	-663	-1049	434
1700000084930	1705	-3388	-385	-752	-928	614
1700000084940	1494	-3226	-55	-839	-740	667
1700000084950	1224	-3080	241	-911	-584	670
1700000084960	999	-2923	471	-941	-461	581
1700000084970	726	-2720	659	-926	-239	458
1700000084980	510	-2479	859	-964	-68	197
1700000084990	293	-2256	930	-837	86	-1
1700000085000	84	-2057	925	-771	314	-201
1700000085010	10	-1811	896	-649	462	-459
1700000085020	26	-1636	835	-576	665	-597
1700000085030	38	-1482	695	-473	844	-666
1700000085040	221	-1269	482	-328	897	-689
1700000085050	491	-1155	224	-147	968	-641
1700000085060	805	-993	-30	-23	1030	-418
1700000085070	1159	-946	-366	150	1046	-224
1700000085080	1593	-890	-708	260	1069	-37
1700000085090	2022	-942	-1074	416	1041	230
1700000085100	2411	-941	-810	555	907	406
1700000085110	2781	-1065	-386	633	816	590
1700000085120	3109	-1141	-82	705	741	691
1700000085130	3364	-1348	203	788	571	687
1700000085140	3530	-1509	500	759	395	580
1700000085150	3602	-1682	687	778	179	484
1700000085160	3639	-1949	818	769	48	331
1700000085170	3545	-2151	874	739	-177	16
1700000085180	3400	-2326	937	691	-372	-189
1700000085190	3289	-2586	948	586	-549	-401
1700000085200	3125	-2765	841	452	-719	-556
1700000085210	2936	-2982	653	359	-877	-667
1700000085220	2795	-3146	494	198	-970	-687
1700000085230	2636	-3299	282	50	-1092	-627
1700000085240	2503	-3388	-11	-143	-1124	-459
1700000085250	2382	-3446	-271	-260	-1165	-266
1700000085260	2239	-3534	-652	-426	-1151	-74
1700000085270	2103	-3500	-1006	-504	-1117	176
1700000085280	1951	-3468	-843	-660	-1045	376
1700000085290	1731	-3347	-489	-759	-956	558
1700000085300	1567	-3272	-193	-820	-832	658
1700000085310	1330	-3159	141	-888	-646	721
1700000085320	1076	-2975	395	-936	-506	623
1700000085330	852	-2780	639	-909	-320	502
1700000085340	560	-2556	780	-943	-127	287
1700000085350	385	-2342	894	-852	47	93
1700000085360	137	-2133	986	-813	273	-161
1700000085370	55	-1891	955	-691	474	-357
1700000085380	-1	-1700	852	-657	606	-551
1700000085390	7	-1511	756	-500	712	-681
1700000085400	140	-1333	543	-369	875	-684
1700000085410	421	-1152	276	-210	952	-636
1700000085420	672	-1047	28	-71	1016	-502
1700000085430	1063	-1021	-220	61	1075	-326
1700000085440	1448	-905	-583	280	1079	-106
1700000085450	1853	-904	-960	335	1068	161
1700000085460	2318	-915	-856	467	949	342
1700000085470	2624	-1037	-533	603	870	492
1700000085480	3013	-1158	-243	679	737	654
1700000085490	3263	-1255	67	787	601	686
1700000085500	3502	-1423	346	774	445	669
1700000085510	3555	-1617	572	822	229	529
1700000085520	3623	-1819	738	760	57	363
1700000085530	3563	-2082	843	734	-139	136
1700000085540	3488	-2277	990	637	-298	-110
1700000085550	3328	-2498	978	630	-478	-325
1700000085560	3199	-2715	882	519	-681	-514
1700000085570	3059	-2844	743	412	-794	-678
1700000085580	2857	-3047	599	228	-950	-698
1700000085590	2671	-3228	351	79	-1078	-706
1700000085600	2582	-3354	122	-32	-1143	-537
1700000085610	2444	-3449	-207	-154	-1147	-375
1700000085620	2340	-3520	-532	-310	-1158	-183
1700000085630	2159	-3542	-862	-474	-1142	97
1700000085640	1991	-3503	-974	-581	-1069	339
1700000085650	1807	-3467	-635	-697	-975	552
1700000085660	1629	-3380	-261	-811	-859	676
1700000085670	1457	-3224	66	-877	-759	660
1700000085680	1194	-3040	321	-912	-587	689
1700000085690	901	-2859	605	-955	-358	528
1700000085700	695	-2650	739	-893	-204	390
1700000085710	436	-2425	855	-859	-36	147
1700000085720	206	-2219	916	-834	178	-70
1700000085730	74	-1999	971	-776	365	-265
1700000085740	1	-1769	913	-652	552	-468
1700000085750	36	-1564	785	-542	620	-605
1700000085760	73	-1368	632	-390	797	-690
1700000085770	296	-1239	420	-260	884	-637
1700000085780	515	-1108	173	-108	999	-571
1700000085790	883	-1030	-146	23	1030	-377
1700000085800	1268	-949	-442	179	1071	-153
1700000085810	1701	-907	-794	296	1036	38
1700000085820	2118	-952	-1054	406	1020	263
1700000085830	2474	-1037	-677	521	967	501
1700000085840	2867	-1083	-345	660	785	595
1700000085850	3200	-1219	-25	719	658	696
1700000085860	3399	-1348	241	755	517	636
1700000085870	3554	-1544	503	789	270	561
1700000085880	3594	-1749	692	817	119	416
1700000085890	3588	-1939	850	751	-34	170
1700000085900	3542	-2218	914	757	-261	-9
1700000085910	3375	-2430	973	606	-446	-269
1700000085920	3235	-2642	922	573	-592	-487
1700000085930	3064	-2814	804	406	-751	-598
1700000085940	2872	-3013	664	311	-888	-679
1700000085950	2733	-3211	445	164	-983	-681
1700000085960	2604	-3334	214	1	-1077	-605
1700000085970	2484	-3398	-102	-190	-1163	-423
1700000085980	2322	-3493	-379	-244	-1169	-229
1700000085990	2199	-3536	-681	-413	-1149	-21
1700000086000	2062	-3511	-1115	-510	-1086	206
1700000086010	1874	-3495	-699	-656	-994	438
1700000086020	1710	-3393	-389	-764	-886	566
1700000086030	1519	-3259	-99	-801	-800	648
1700000086040	1278	-3077	203	-862	-598	657
1700000086050	1026	-2927	410	-922	-484	561
1700000086060	766	-2733	647	-916	-255	439
1700000086070	535	-2525	851	-932	-91	249
1700000086080	280	-2305	895	-885	105	36
1700000086090	150	-2072	936	-777	302	-211
1700000086100	11	-1840	911	-710	469	-445
1700000086110	-7	-1649	878	-606	606	-593
1700000086120	69	-1450	666	-434	789	-655
1700000086130	215	-1256	522	-355	881	-671
1700000086140	477	-1185	232	-178	1000	-613
1700000086150	735	-1008	-49	-48	1071	-500
1700000086160	1182	-926	-278	95	1087	-254
1700000086170	1542	-940	-684	270	1007	-23
1700000086180	2010	-926	-1053	391	1001	236
1700000086190	2361	-1002	-778	556	972	376
1700000086200	2745	-1085	-486	585	844	570
1700000086210	3087	-1159	-139	713	738	691
1700000086220	3357	-1318	169	784	567	671
1700000086230	3518	-1473	429	782	400	603
1700000086240	3637	-1696	678	770	204	464
1700000086250	3624	-1871	797	794	34	295
1700000086260	3522	-2104	886	776	-190	79
1700000086270	3490	-2327	966	676	-381	-146
1700000086280	3312	-2553	906	579	-536	-403
1700000086290	3138	-2772	860	470	-701	-571
1700000086300	2949	-2893	727	312	-854	-653
1700000086310	2824	-3133	578	178	-998	-664
1700000086320	2654	-3264	331	80	-1063	-634
1700000086330	2451	-3374	38	-65	-1106	-495
1700000086340	2380	-3490	-256	-236	-1179	-339
1700000086350	2260	-3542	-627	-400	-1130	-93
1700000086360	2166	-3493	-973	-536	-1121	152
1700000086370	2000	-3504	-889	-598	-1052	389
1700000086380	1746	-3397	-519	-749	-990	492
1700000086390	1569	-3325	-187	-780	-840	647
1700000086400	1372	-3193	107	-901	-668	687
1700000086410	1105	-3009	363	-898	-548	648
1700000086420	870	-2774	584	-918	-321	531
1700000086430	601	-2590	781	-923	-170	325
1700000086440	353	-2384	893	-890	38	95
1700000086450	188	-2152	963	-833	212	-100
1700000086460	52	-1921	968	-736	432	-352
1700000086470	-28	-1705	872	-650	549	-600
1700000086480	72	-1561	782	-515	745	-617
1700000086490	106	-1329	545	-368	874	-700
1700000086500	376	-1233	283	-269	985	-624
1700000086510	660	-1078	68	-34	990	-513
1700000086520	991	-994	-249	57	1032	-344
1700000086530	1405	-971	-539	198	1109	-141
1700000086540	1829	-885	-925	334	1031	125
1700000086550	2266	-961	-917	479	981	333
1700000086560	2645	-999	-576	589	907	525
1700000086570	2950	-1134	-280	691	741	629
1700000086580	3260	-1240	80	734	637	712
1700000086590	3460	-1399	324	797	459	610
1700000086600	3592	-1615	568	770	280	519
1700000086610	3647	-1833	727	807	93	364
1700000086620	3597	-2040	899	730	-89	158
1700000086630	3473	-2232	958	711	-316	-62
1700000086640	3369	-2470	975	611	-494	-285
1700000086650	3193	-2683	949	506	-624	-482
1700000086660	3054	-2925	832	405	-809	-637
1700000086670	2881	-3032	653	289	-908	-740
1700000086680	2705	-3249	408	92	-1040	-663
1700000086690	2569	-3377	124	-9	-1117	-551
1700000086700	2413	-3454	-168	-217	-1165	-378
1700000086710	2294	-3474	-514	-336	-1135	-142
1700000086720	2177	-3504	-829	-435	-1125	39
1700000086730	2011	-3513	-1009	-571	-1084	285
1700000086740	1838	-3439	-647	-681	-1014	476
1700000086750	1625	-3308	-346	-834	-932	607
1700000086760	1419	-3187	-5	-850	-769	709
1700000086770	1202	-3051	275	-938	-594	683
1700000086780	924	-2902	518	-954	-369	579
1700000086790	713	-2646	679	-923	-185	382
1700000086800	493	-2495	837	-910	-20	178
1700000086810	217	-2243	965	-863	180	-37
1700000086820	90	-2039	945	-737	341	-250
1700000086830	2	-1814	903	-705	535	-480
1700000086840	1	-1577	829	-562	665	-638
1700000086850	83	-1388	652	-417	785	-634
1700000086860	305	-1274	424	-324	909	-617
1700000086870	525	-1145	197	-138	963	-581
1700000086880	886	-1011	-131	22	1042	-436
1700000086890	1214	-922	-440	140	1102	-221
1700000086900	1689	-893	-774	330	1037	19
1700000086910	2103	-945	-1088	427	995	257
1700000086920	2562	-992	-748	526	955	463
1700000086930	2909	-1116	-357	626	857	594
1700000086940	3212	-1242	-11	732	667	705
1700000086950	3406	-1372	240	772	504	673
1700000086960	3547	-1526	477	787	351	650
1700000086970	3622	-1695	720	803	160	448
1700000086980	3631	-1970	817	765	-48	208
1700000086990	3555	-2180	913	705	-215	-34
1700000087000	3394	-2409	963	629	-412	-220
1700000087010	3306	-2648	910	562	-601	-459
1700000087020	3089	-2810	832	424	-722	-568
1700000087030	2938	-3026	672	299	-853	-644
1700000087040	2810	-3173	472	130	-988	-694
1700000087050	2647	-3286	206	23	-1072	-560
1700000087060	2475	-3411	-74	-139	-1139	-445
1700000087070	2369	-3465	-372	-291	-1159	-247
1700000087080	2199	-3534	-723	-414	-1134	-37
1700000087090	2094	-3554	-1040	-555	-1089	192
1700000087100	1933	-3450	-784	-650	-1022	439
1700000087110	1744	-3375	-441	-739	-940	576
1700000087120	1512	-3285	-104	-839	-798	635
1700000087130	1321	-3130	169	-892	-661	703
1700000087140	1027	-2944	465	-890	-464	627
1700000087150	852	-2751	654	-931	-304	497
1700000087160	546	-2530	797	-888	-92	276
1700000087170	315	-2329	906	-839	66	46
1700000087180	155	-2099	995	-759	279	-202
1700000087190	31	-1876	920	-706	478	-403
1700000087200	-6	-1669	816	-551	592	-540
1700000087210	42	-1496	703	-462	805	-674
1700000087220	173	-1323	563	-319	910	-739
1700000087230	385	-1157	261	-174	986	-609
1700000087240	748	-1031	3	-52	1018	-513
1700000087250	1127	-945	-313	144	1066	-288
1700000087260	1502	-915	-608	236	1051	-66
1700000087270	1980	-932	-992	372	1034	180
1700000087280	2337	-981	-817	510	952	351
1700000087290	2741	-1067	-514	624	867	593
1700000087300	3056	-1159	-183	717	765	702
1700000087310	3298	-1275	128	813	593	684
1700000087320	3544	-1476	400	778	405	662
1700000087330	3590	-1644	647	781	251	509
1700000087340	3606	-1864	770	775	48	351
1700000087350	3595	-2075	848	712	-125	85
1700000087360	3500	-2324	966	678	-326	-135
1700000087370	3329	-2539	934	584	-553	-359
1700000087380	3134	-2722	860	475	-713	-558
1700000087390	2975	-2970	744	393	-821	-644
1700000087400	2831	-3117	571	214	-955	-653
1700000087410	2683	-3246	339	99	-1090	-660
1700000087420	2531	-3436	40	-56	-1187	-517
1700000087430	2404	-3454	-259	-191	-1143	-348
1700000087440	2296	-3513	-595	-397	-1173	-117
1700000087450	2105	-3553	-920	-437	-1146	135
1700000087460	1978	-3468	-936	-640	-1093	350
1700000087470	1791	-3423	-575	-694	-929	516
1700000087480	1620	-3346	-242	-778	-888	654
1700000087490	1383	-3215	76	-884	-718	707
1700000087500	1133	-3017	330	-940	-551	679
1700000087510	893	-2880	559	-939	-356	541
1700000087520	594	-2631	778	-913	-172	341
1700000087530	393	-2420	871	-912	25	128
1700000087540	204	-2184	933	-796	258	-122
1700000087550	94	-1942	995	-734	415	-270
1700000087560	5	-1728	850	-593	581	-525
1700000087570	-4	-1559	787	-521	683	-614
1700000087580	134	-1363	572	-337	820	-669
1700000087590	339	-1230	374	-256	996	-631
1700000087600	614	-1071	70	-116	1032	-554
1700000087610	968	-959	-242	52	1058	-411
1700000087620	1329	-941	-508	204	1099	-146
1700000087630	1775	-925	-864	352	1010	46
1700000087640	2216	-948	-954	467	942	304
1700000087650	2603	-1031	-639	595	916	509
1700000087660	2960	-1108	-284	676	807	639
1700000087670	3188	-1278	18	759	625	635
1700000087680	3474	-1359	310	766	487	674
1700000087690	3592	-1615	531	847	273	590
1700000087700	3630	-1813	731	782	97	410
1700000087710	3584	-2032	862	768	-95	178
1700000087720	3531	-2251	963	688	-280	-61
1700000087730	3346	-2424	939	623	-462	-285
1700000087740	3229	-2697	911	495	-618	-512
1700000087750	3027	-2877	843	395	-776	-613
1700000087760	2868	-3029	610	277	-929	-701
1700000087770	2701	-3216	407	123	-1034	-673
1700000087780	2586	-3338	179	-12	-1121	-575
1700000087790	2463	-3456	-100	-191	-1143	-343
1700000087800	2299	-3496	-460	-320	-1183	-199
1700000087810	2173	-3524	-782	-471	-1121	12
1700000087820	2001	-3505	-1064	-614	-1100	241
1700000087830	1881	-3478	-660	-698	-1017	449
1700000087840	1683	-3386	-366	-750	-894	630
1700000087850	1451	-3219	-17	-838	-818	711
1700000087860	1247	-3054	256	-932	-541	676
1700000087870	966	-2942	489	-938	-426	581
1700000087880	753	-2703	741	-947	-234	415
1700000087890	486	-2476	824	-885	-53	232
1700000087900	259	-2272	888	-843	163	-58
1700000087910	123	-2023	941	-773	293	-246
1700000087920	-22	-1850	939	-667	504	-423
1700000087930	25	-1620	838	-591	665	-620
1700000087940	71	-1458	641	-397	816	-659
1700000087950	242	-1269	479	-344	945	-675
1700000087960	447	-1130	202	-162	958	-599
1700000087970	821	-1020	-54	27	1032	-439
1700000087980	1215	-945	-422	167	1066	-231
1700000087990	1649	-957	-743	311	1081	-21
1700000088000	2081	-906	-1087	426	985	220
1700000088010	2451	-957	-764	533	936	414
1700000088020	2819	-1071	-393	644	793	563
1700000088030	3140	-1163	-48	670	679	680
1700000088040	3418	-1339	228	752	564	733
1700000088050	3539	-1548	512	827	355	598
1700000088060	3643	-1743	666	781	171	457
1700000088070	3619	-1968	821	754	-38	255
1700000088080	3523	-2142	917	713	-174	42
1700000088090	3428	-2351	940	686	-346	-246
1700000088100	3263	-2576	913	551	-559	-413
1700000088110	3099	-2806	862	438	-717	-595
1700000088120	2941	-3016	694	332	-846	-636
1700000088130	2782	-3154	521	200	-1022	-707
1700000088140	2630	-3279	264	10	-1100	-629
1700000088150	2468	-3431	-36	-146	-1142	-467
1700000088160	2343	-3494	-311	-265	-1162	-265
1700000088170	2256	-3538	-677	-427	-1169	-39
1700000088180	2089	-3511	-1017	-498	-1109	145
1700000088190	1918	-3453	-800	-639	-1059	400
1700000088200	1700	-3350	-450	-700	-931	586
1700000088210	1516	-3264	-128	-842	-818	686
1700000088220	1332	-3138	150	-894	-620	719
1700000088230	1081	-2997	413	-927	-512	641
1700000088240	809	-2804	648	-917	-325	425
1700000088250	609	-2527	790	-928	-99	309
1700000088260	348	-2362	887	-886	95	58
1700000088270	129	-2123	935	-831	317	-155
1700000088280	29	-1900	915	-717	412	-353
1700000088290	-6	-1668	869	-578	607	-588
1700000088300	37	-1516	742	-502	749	-638
1700000088310	172	-1320	563	-343	880	-649
1700000088320	392	-1161	315	-186	938	-611
1700000088330	681	-1036	28	-68	1025	-480
1700000088340	1069	-961	-288	92	1049	-303
1700000088350	1477	-919	-604	249	1062	-90
1700000088360	1943	-917	-988	377	1074	141
1700000088370	2338	-957	-849	518	937	396
1700000088380	2721	-1001	-530	597	852	554
1700000088390	3060	-1124	-209	669	737	615
1700000088400	3319	-1259	45	724	601	694
1700000088410	3543	-1476	362	749	407	663
1700000088420	3562	-1652	623	766	255	506
1700000088430	3618	-1825	789	760	62	346
1700000088440	3549	-2042	891	767	-166	96
1700000088450	3494	-2313	919	657	-299	-122
1700000088460	3336	-2487	982	582	-530	-325
1700000088470	3159	-2748	899	515	-682	-545
1700000088480	3028	-2898	725	354	-810	-665
1700000088490	2848	-3087	619	205	-985	-686
1700000088500	2696	-3261	348	82	-1085	-674
1700000088510	2510	-3349	90	-60	-1136	-506
1700000088520	2359	-3420	-214	-219	-1196	-336
1700000088530	2302	-3526	-557	-319	-1183	-180
1700000088540	2162	-3517	-903	-462	-1150	79
1700000088550	1979	-3515	-957	-584	-1119	324
1700000088560	1823	-3449	-552	-739	-978	539
1700000088570	1646	-3304	-286	-823	-879	638
1700000088580	1379	-3241	53	-850	-734	715
1700000088590	1176	-2997	353	-892	-539	683
1700000088600	899	-2813	537	-934	-374	486
1700000088610	662	-2638	734	-943	-162	360
1700000088620	410	-2417	862	-879	-18	159
1700000088630	259	-2221	938	-825	204	-116
1700000088640	106	-1993	956	-737	364	-315
1700000088650	4	-1773	899	-660	562	-442
1700000088660	68	-1564	747	-552	693	-644
1700000088670	115	-1372	577	-401	842	-691
1700000088680	308	-1215	405	-243	947	-643
1700000088690	566	-1086	143	-124	1030	-613
1700000088700	938	-974	-172	13	1068	-394
1700000088710	1334	-960	-509	190	1063	-158
1700000088720	1757	-964	-820	318	1022	82
1700000088730	2197	-936	-948	491	960	333
1700000088740	2562	-993	-664	540	907	470
1700000088750	2948	-1082	-299	654	808	618
1700000088760	3135	-1226	37	685	664	663
1700000088770	3402	-1341	282	775	499	666
1700000088780	3560	-1552	531	765	283	552
1700000088790	3636	-1772	709	765	102	409
1700000088800	3637	-1988	843	716	-83	172
1700000088810	3483	-2187	927	692	-272	-61
1700000088820	3358	-2460	923	654	-496	-258
1700000088830	3260	-2677	893	522	-628	-488
1700000088840	3086	-2843	800	404	-746	-629
1700000088850	2913	-3088	712	248	-914	-726
1700000088860	2734	-3197	445	153	-1024	-670
1700000088870	2601	-3293	199	4	-1108	-546
1700000088880	2462	-3396	-147	-133	-1126	-420
1700000088890	2316	-3498	-428	-299	-1185	-184
1700000088900	2167	-3526	-767	-428	-1170	26
1700000088910	2056	-3514	-1022	-541	-1113	246
1700000088920	1903	-3426	-701	-701	-1019	458
1700000088930	1707	-3387	-343	-776	-938	588
1700000088940	1508	-3267	-56	-838	-769	690
1700000088950	1243	-3098	176	-930	-621	717
1700000088960	1003	-2897	455	-922	-442	616
1700000088970	764	-2727	715	-947	-249	437
1700000088980	467	-2504	856	-868	-72	216
1700000088990	310	-2274	915	-813	138	25
1700000089000	115	-2079	976	-791	320	-215
1700000089010	4	-1842	921	-697	470	-460
1700000089020	-7	-1670	849	-553	705	-603
1700000089030	63	-1481	716	-431	799	-636
1700000089040	257	-1262	506	-321	884	-719
1700000089050	450	-1116	256	-151	997	-631
1700000089060	780	-1045	-77	-15	1071	-460
1700000089070	1170	-952	-404	120	1043	-274
1700000089080	1591	-903	-727	300	1058	-13
1700000089090	2005	-902	-1011	408	1034	214
1700000089100	2446	-970	-774	548	914	418
1700000089110	2808	-1037	-410	632	813	561
1700000089120	3119	-1173	-100	711	685	681
1700000089130	3389	-1341	173	737	545	661
1700000089140	3500	-1496	477	787	385	624
1700000089150	3595	-1683	671	791	211	491
1700000089160	3579	-1897	794	753	38	272
1700000089170	3541	-2124	882	702	-207	24
1700000089180	3473	-2368	941	660	-393	-155
1700000089190	3339	-2608	886	588	-565	-418
1700000089200	3126	-2764	813	429	-724	-538
1700000089210	2945	-2977	684	298	-880	-671
1700000089220	2831	-3156	536	191	-993	-696
1700000089230	2633	-3291	267	45	-1066	-624
1700000089240	2517	-3412	21	-74	-1150	-503
1700000089250	2423	-3470	-349	-277	-1166	-268
1700000089260	2254	-3496	-620	-395	-1191	-82
1700000089270	2123	-3502	-1000	-519	-1162	180
1700000089280	1967	-3504	-826	-627	-1040	383
1700000089290	1752	-3448	-481	-724	-963	550
1700000089300	1582	-3250	-165	-838	-814	624
1700000089310	1338	-3096	143	-879	-644	663
1700000089320	1085	-2987	421	-952	-565	626
1700000089330	864	-2819	603	-952	-313	519
1700000089340	619	-2603	781	-900	-129	349
1700000089350	354	-2349	891	-853	30	102
1700000089360	152	-2152	972	-847	225	-105
1700000089370	36	-1929	973	-726	436	-384
1700000089380	2	-1710	862	-583	599	-546
1700000089390	49	-1477	733	-500	748	-662
1700000089400	187	-1333	579	-331	842	-678
1700000089410	385	-1187	355	-219	953	-620
1700000089420	686	-1060	70	-77	1011	-525
1700000089430	1070	-967	-272	52	1082	-298
1700000089440	1406	-911	-612	200	1063	-89
1700000089450	1855	-904	-904	354	1004	135
1700000089460	2288	-928	-904	463	981	292
1700000089470	2643	-1025	-551	582	891	502
1700000089480	3033	-1161	-210	682	789	696
1700000089490	3279	-1295	105	755	559	720
1700000089500	3456	-1463	337	765	481	641
1700000089510	3609	-1597	602	802	236	484
1700000089520	3632	-1805	742	761	68	373
1700000089530	3588	-2059	906	775	-140	139
1700000089540	3510	-2283	945	697	-350	-131
1700000089550	3351	-2469	970	579	-533	-319
1700000089560	3199	-2699	887	505	-632	-500
1700000089570	3047	-2873	776	363	-809	-618
1700000089580	2880	-3090	600	281	-956	-654
1700000089590	2706	-3238	388	143	-1065	-663
1700000089600	2527	-3400	100	-56	-1125	-544
1700000089610	2384	-3433	-181	-215	-1157	-349
1700000089620	2311	-3529	-515	-317	-1156	-154
1700000089630	2129	-3506	-851	-431	-1115	116
1700000089640	1996	-3488	-976	-620	-1080	309
1700000089650	1863	-3424	-559	-718	-993	522
1700000089660	1652	-3292	-282	-773	-863	601
1700000089670	1432	-3246	1	-867	-748	689
1700000089680	1221	-3091	293	-936	-575	696
1700000089690	947	-2878	549	-927	-411	530
1700000089700	679	-2720	751	-882	-191	377
1700000089710	458	-2441	881	-879	20	103
1700000089720	267	-2234	953	-849	222	-75
1700000089730	42	-1996	966	-747	381	-324
1700000089740	-17	-1821	895	-660	537	-453
1700000089750	-41	-1581	818	-567	715	-622
1700000089760	120	-1385	647	-403	839	-694
1700000089770	290	-1246	426	-305	928	-695
1700000089780	545	-1081	163	-113	1006	-552
1700000089790	904	-1003	-126	-9	1079	-394
1700000089800	1261	-954	-443	202	1080	-176
1700000089810	1732	-918	-826	296	1052	37
1700000089820	2131	-946	-1057	437	991	280
1700000089830	2543	-949	-709	548	906	454
1700000089840	2899	-1096	-351	619	830	595
1700000089850	3223	-1191	-40	657	673	699
1700000089860	3397	-1400	257	738	495	681
1700000089870	3590	-1534	498	770	331	607
1700000089880	3622	-1752	721	786	151	421
1700000089890	3577	-1986	885	808	-41	226
1700000089900	3522	-2232	936	714	-230	11
1700000089910	3420	-2418	934	622	-404	-235
1700000089920	3266	-2654	933	513	-645	-455
1700000089930	3143	-2832	818	447	-787	-577
1700000089940	2938	-3041	662	302	-892	-673
1700000089950	2780	-3197	494	139	-1053	-689
1700000089960	2570	-3375	256	-14	-1096	-627
1700000089970	2447	-3423	-34	-145	-1141	-436
1700000089980	2328	-3479	-391	-256	-1156	-198
1700000089990	2192	-3512	-746	-425	-1180	-2
1700000090000	2059	-3520	-1074	-539	-1128	270
1700000090010	1888	-3473	-726	-677	-1041	424
1700000090020	1718	-3354	-404	-742	-939	599
1700000090030	1515	-3265	-65	-805	-803	632
1700000090040	1313	-3108	223	-904	-617	665
1700000090050	1062	-2918	493	-906	-444	592
1700000090060	792	-2767	672	-889	-300	455
1700000090070	503	-2541	799	-916	-110	293
1700000090080	319	-2300	916	-862	110	27
1700000090090	133	-2083	940	-778	305	-164
1700000090100	16	-1837	932	-721	479	-369
1700000090110	-8	-1641	838	-565	655	-576
1700000090120	95	-1477	695	-461	768	-698
1700000090130	212	-1237	464	-318	890	-683
1700000090140	426	-1165	270	-264	953	-569
1700000090150	782	-1014	-3	-26	1048	-446
1700000090160	1148	-957	-317	128	1036	-282
1700000090170	1551	-916	-690	310	1026	-55
1700000090180	1973	-896	-1024	377	1048	165
1700000090190	2392	-963	-777	485	948	399
1700000090200	2782	-1080	-473	584	859	614
1700000090210	3100	-1125	-155	681	750	644
1700000090220	3335	-1286	182	750	596	670
1700000090230	3496	-1505	427	794	384	640
1700000090240	3591	-1672	688	796	239	497
1700000090250	3612	-1899	781	756	-7	302
1700000090260	3583	-2108	914	740	-129	41
1700000090270	3440	-2342	972	668	-375	-205
1700000090280	3308	-2535	955	581	-587	-363
1700000090290	3143	-2750	876	499	-681	-549
1700000090300	3004	-2947	739	350	-829	-637
1700000090310	2824	-3138	563	250	-959	-691
1700000090320	2657	-3274	317	69	-1076	-650
1700000090330	2514	-3357	1	-92	-1117	-489
1700000090340	2380	-3441	-281	-251	-1168	-289
1700000090350	2255	-3503	-598	-354	-1187	-127
1700000090360	2115	-3529	-966	-517	-1104	137
1700000090370	1973	-3512	-886	-611	-1021	368
1700000090380	1831	-3409	-536	-716	-984	519
1700000090390	1588	-3280	-197	-827	-815	664
1700000090400	1349	-3181	150	-900	-700	662
1700000090410	1128	-2981	380	-926	-519	655
1700000090420	877	-2821	642	-971	-324	507
1700000090430	624	-2552	752	-906	-194	336
1700000090440	357	-2351	905	-887	37	77
1700000090450	165	-2167	900	-828	212	-160
1700000090460	55	-1927	956	-775	420	-378
1700000090470	-36	-1723	864	-615	603	-566
1700000090480	13	-1507	778	-502	722	-635
1700000090490	124	-1366	613	-325	879	-685
1700000090500	343	-1220	377	-230	962	-640
1700000090510	675	-1070	81	-91	1010	-554
1700000090520	1007	-997	-219	95	1105	-347
1700000090530	1419	-929	-533	237	1108	-153
1700000090540	1824	-915	-883	298	1022	95
1700000090550	2248	-942	-950	460	994	308
1700000090560	2637	-960	-551	607	883	484
1700000090570	2967	-1073	-245	665	738	629
1700000090580	3282	-1227	71	705	617	685
1700000090590	3430	-1420	325	719	459	621
1700000090600	3560	-1578	514	794	268	567
1700000090610	3629	-1753	720	772	103	391
1700000090620	3557	-2029	903	771	-96	142
1700000090630	3505	-2257	966	665	-308	-73
1700000090640	3381	-2451	966	564	-465	-311
1700000090650	3252	-2677	895	536	-700	-464
1700000090660	3052	-2893	799	371	-802	-643
1700000090670	2887	-3032	622	230	-936	-707
1700000090680	2701	-3236	409	140	-1051	-682
1700000090690	2565	-3379	97	-47	-1149	-552
1700000090700	2412	-3447	-138	-165	-1174	-380
1700000090710	2308	-3505	-506	-345	-1144	-151
1700000090720	2152	-3494	-845	-426	-1189	97
1700000090730	2015	-3495	-988	-565	-1101	272
1700000090740	1888	-3490	-635	-682	-1016	496
1700000090750	1686	-3271	-316	-798	-897	614
1700000090760	1448	-3219	-5	-895	-746	711
1700000090770	1243	-3053	277	-899	-556	712
1700000090780	953	-2915	504	-932	-363	584
1700000090790	715	-2706	730	-924	-229	403
1700000090800	457	-2504	848	-914	-52	179
1700000090810	270	-2204	899	-812	138	-44
1700000090820	92	-1983	949	-764	369	-301
1700000090830	28	-1755	921	-651	474	-512
1700000090840	-10	-1610	856	-532	649	-645
1700000090850	91	-1352	687	-425	802	-706
1700000090860	246	-1199	419	-236	885	-701
1700000090870	510	-1064	202	-105	980	-561
1700000090880	840	-1033	-91	-17	1083	-396
1700000090890	1255	-955	-399	144	1084	-194
1700000090900	1648	-913	-783	334	1059	64
1700000090910	2106	-961	-1086	416	988	246
1700000090920	2527	-1025	-702	528	921	467
1700000090930	2891	-1068	-352	630	786	614
1700000090940	3156	-1210	-11	713	663	703
1700000090950	3406	-1313	248	759	518	679
1700000090960	3547	-1493	467	809	349	565
1700000090970	3598	-1775	700	797	167	455
1700000090980	3621	-1914	843	726	-24	252
1700000090990	3519	-2166	925	715	-206	-28
1700000091000	3413	-2394	942	614	-403	-224
1700000091010	3251	-2602	920	483	-615	-463
1700000091020	3082	-2819	847	417	-750	-602
1700000091030	2929	-3001	684	317	-862	-663
1700000091040	2762	-3193	471	182	-984	-646
1700000091050	2613	-3287	293	38	-1108	-619
1700000091060	2457	-3414	-20	-105	-1175	-473
1700000091070	2350	-3506	-362	-252	-1146	-211
1700000091080	2229	-3510	-707	-429	-1160	4
1700000091090	2089	-3485	-1082	-553	-1119	200
1700000091100	1907	-3483	-800	-631	-1019	399
1700000091110	1771	-3413	-423	-786	-958	564
1700000091120	1547	-3247	-99	-860	-791	684
1700000091130	1281	-3108	211	-878	-664	693
1700000091140	1051	-2953	477	-903	-491	603
1700000091150	784	-2747	655	-890	-313	472
1700000091160	525	-2556	799	-937	-82	309
1700000091170	361	-2308	918	-820	97	56
1700000091180	148	-2099	945	-806	309	-163
1700000091190	24	-1892	953	-650	463	-399
1700000091200	-9	-1710	853	-578	628	-569
1700000091210	-2	-1477	692	-451	759	-675
1700000091220	197	-1329	524	-315	874	-671
1700000091230	422	-1159	289	-150	990	-633
1700000091240	731	-1025	23	-12	1037	-461
1700000091250	1103	-967	-310	98	1047	-276
1700000091260	1516	-956	-647	257	1082	-47
1700000091270	1924	-921	-1034	430	990	165
1700000091280	2371	-975	-837	502	943	417
1700000091290	2756	-1052	-520	598	833	567
1700000091300	3056	-1139	-157	687	698	654
1700000091310	3340	-1286	143	705	608	687
1700000091320	3516	-1453	398	806	436	610
1700000091330	3642	-1621	627	809	212	479
1700000091340	3627	-1870	783	768	50	326
1700000091350	3545	-2081	898	721	-214	72
1700000091360	3433	-2307	958	667	-344	-136
1700000091370	3365	-2523	957	585	-503	-378
1700000091380	3169	-2737	885	449	-721	-529
1700000091390	3004	-2938	746	364	-828	-661
1700000091400	2852	-3141	539	219	-937	-681
1700000091410	2658	-3289	352	88	-1106	-637
1700000091420	2536	-3386	53	-72	-1169	-528
1700000091430	2391	-3462	-254	-192	-1142	-291
1700000091440	2259	-3519	-625	-353	-1208	-108
1700000091450	2133	-3460	-939	-503	-1121	130
1700000091460	1952	-3507	-923	-615	-1056	332
1700000091470	1806	-3443	-562	-713	-978	504
1700000091480	1615	-3305	-251	-803	-856	706
1700000091490	1368	-3180	116	-856	-676	704
1700000091500	1169	-2998	334	-920	-558	648
1700000091510	856	-2858	607	-929	-389	531
1700000091520	627	-2649	761	-918	-169	323
1700000091530	355	-2392	908	-861	9	114
1700000091540	266	-2167	928	-793	229	-130
1700000091550	83	-1931	946	-756	391	-329
1700000091560	-6	-1739	880	-649	577	-474
1700000091570	4	-1540	788	-506	722	-703
1700000091580	147	-1333	594	-377	843	-696
1700000091590	308	-1160	376	-214	910	-705
1700000091600	628	-1091	119	-109	1036	-563
1700000091610	972	-1019	-215	53	1067	-361
1700000091620	1363	-913	-510	238	1044	-166
1700000091630	1798	-928	-851	340	1041	71
1700000091640	2206	-948	-970	498	986	319
1700000091650	2597	-1013	-579	561	911	486
1700000091660	2985	-1093	-306	659	757	639
1700000091670	3230	-1226	26	754	613	642
1700000091680	3401	-1415	312	781	425	660
1700000091690	3587	-1592	545	812	276	552
1700000091700	3610	-1822	748	813	107	373
1700000091710	3645	-1984	883	720	-76	172
1700000091720	3478	-2249	906	687	-300	-69
1700000091730	3377	-2455	950	652	-447	-329
1700000091740	3201	-2634	895	532	-654	-495
1700000091750	3055	-2855	801	444	-749	-627
1700000091760	2932	-3079	599	264	-925	-694
1700000091770	2723	-3221	395	112	-1030	-647
1700000091780	2566	-3351	137	-31	-1098	-570
1700000091790	2456	-3437	-127	-164	-1152	-399
1700000091800	2335	-3497	-510	-329	-1180	-193
1700000091810	2155	-3535	-804	-462	-1145	26
1700000091820	2074	-3470	-1023	-604	-1060	298
1700000091830	1888	-3433	-708	-701	-989	471
1700000091840	1683	-3344	-315	-780	-912	645
1700000091850	1515	-3235	-28	-912	-781	697
1700000091860	1235	-3077	238	-854	-608	678
1700000091870	999	-2874	509	-936	-424	571
1700000091880	710	-2682	718	-886	-237	397
1700000091890	504	-2509	836	-941	-48	202
1700000091900	257	-2254	924	-833	163	-9
1700000091910	129	-2013	947	-721	318	-282
1700000091920	0	-1792	959	-677	500	-480
1700000091930	-6	-1610	865	-535	627	-653
1700000091940	72	-1417	668	-431	777	-704
1700000091950	260	-1265	508	-328	910	-677
1700000091960	527	-1139	179	-150	985	-606
1700000091970	822	-1004	-104	13	1051	-428
1700000091980	1209	-952	-366	107	1046	-229
1700000091990	1600	-944	-738	299	1026	-3
1700000092000	2098	-926	-1070	401	986	259
1700000092010	2492	-985	-731	506	907	452
1700000092020	2817	-1025	-364	643	848	610
1700000092030	3166	-1192	-80	733	689	656
1700000092040	3394	-1358	210	813	540	651
1700000092050	3551	-1518	433	777	356	587
1700000092060	3633	-1714	674	750	189	429
1700000092070	3593	-1923	808	785	1	278
1700000092080	3544	-2142	872	718	-203	7
1700000092090	3458	-2402	944	619	-420	-242
1700000092100	3305	-2618	933	586	-567	-404
1700000092110	3130	-2798	860	469	-722	-562
1700000092120	2899	-2987	705	325	-882	-706
1700000092130	2804	-3192	491	188	-979	-749
1700000092140	2639	-3295	270	13	-1098	-594
1700000092150	2463	-3404	-9	-132	-1125	-443
1700000092160	2321	-3509	-308	-253	-1204	-246
1700000092170	2248	-3525	-677	-402	-1160	-59
1700000092180	2069	-3521	-1041	-604	-1114	202
1700000092190	1907	-3501	-831	-695	-1051	429
1700000092200	1751	-3402	-442	-768	-977	567
1700000092210	1537	-3297	-115	-812	-789	670
1700000092220	1314	-3143	202	-864	-652	696
1700000092230	1075	-2966	443	-923	-493	626
1700000092240	833	-2784	653	-932	-355	493
1700000092250	584	-2544	802	-923	-120	307
1700000092260	376	-2410	909	-879	68	45
1700000092270	162	-2104	961	-812	270	-165
1700000092280	38	-1916	947	-735	448	-361
1700000092290	-24	-1676	876	-603	598	-578
1700000092300	34	-1503	737	-489	755	-642
1700000092310	154	-1297	552	-326	891	-723
1700000092320	385	-1196	320	-165	1021	-601
1700000092330	713	-1071	3	-26	1031	-527
1700000092340	1086	-1022	-288	89	1038	-344
1700000092350	1471	-916	-591	278	1069	-50
1700000092360	1877	-940	-955	427	1037	179
1700000092370	2353	-1000	-866	519	945	400
1700000092380	2733	-998	-478	631	858	559
1700000092390	3005	-1153	-123	687	726	638
1700000092400	3273	-1306	112	764	605	712
1700000092410	3483	-1434	392	763	417	638
1700000092420	3597	-1680	582	799	268	543
1700000092430	3622	-1831	800	774	53	288
1700000092440	3583	-2042	920	793	-129	86
1700000092450	3490	-2282	929	647	-327	-132
1700000092460	3318	-2526	957	566	-482	-349
1700000092470	3198	-2698	912	457	-680	-500
1700000092480	3061	-2905	743	349	-788	-650
1700000092490	2830	-3093	609	240	-924	-713
1700000092500	2704	-3238	328	122	-1061	-607
1700000092510	2583	-3339	92	-72	-1138	-528
1700000092520	2400	-3447	-214	-224	-1159	-358
1700000092530	2260	-3534	-555	-347	-1139	-147
1700000092540	2153	-3544	-913	-494	-1131	117
1700000092550	1971	-3489	-917	-588	-1062	341
1700000092560	1819	-3464	-585	-701	-997	563
1700000092570	1628	-3343	-282	-806	-824	649
1700000092580	1415	-3250	54	-865	-738	736
1700000092590	1142	-3002	318	-905	-530	653
1700000092600	892	-2830	568	-898	-367	594
1700000092610	650	-2648	732	-919	-207	380
1700000092620	443	-2435	884	-892	18	153
1700000092630	251	-2206	958	-843	187	-106
1700000092640	85	-1991	989	-756	398	-293
1700000092650	-6	-1806	910	-628	543	-508
1700000092660	44	-1568	791	-532	706	-646
1700000092670	111	-1362	602	-363	847	-661
1700000092680	333	-1227	389	-254	959	-639
1700000092690	615	-1099	121	-113	981	-486
1700000092700	903	-986	-181	41	1047	-396
1700000092710	1361	-914	-520	203	1058	-175
1700000092720	1736	-969	-808	345	1044	81
1700000092730	2198	-965	-990	454	988	311
1700000092740	2555	-972	-662	586	865	460
1700000092750	2919	-1116	-312	655	772	611
1700000092760	3204	-1213	-13	696	663	685
1700000092770	3416	-1412	280	783	469	659
1700000092780	3576	-1545	503	809	327	571
1700000092790	3599	-1760	752	751	93	409
1700000092800	3606	-1967	841	770	-36	162
1700000092810	3518	-2198	927	670	-249	-59
1700000092820	3419	-2412	977	642	-461	-282
1700000092830	3242	-2671	910	536	-608	-492
1700000092840	3088	-2837	823	407	-769	-583
1700000092850	2911	-3078	665	268	-913	-684
1700000092860	2717	-3244	454	115	-1020	-657
1700000092870	2614	-3305	220	-8	-1124	-600
1700000092880	2430	-3459	-112	-128	-1161	-444
1700000092890	2320	-3485	-410	-286	-1162	-221
1700000092900	2193	-3536	-771	-433	-1208	28
1700000092910	2051	-3501	-1064	-585	-1127	246
1700000092920	1906	-3489	-709	-679	-1052	486
1700000092930	1729	-3362	-349	-783	-893	543
1700000092940	1469	-3237	-62	-845	-749	714
1700000092950	1282	-3086	241	-878	-593	700
1700000092960	983	-2880	482	-931	-427	594
1700000092970	757	-2743	671	-936	-260	449
1700000092980	470	-2502	855	-889	-59	245
1700000092990	274	-2284	984	-888	132	-60
1700000093000	126	-2053	979	-832	297	-251
1700000093010	7	-1830	933	-682	518	-441
1700000093020	-10	-1631	817	-555	680	-596
1700000093030	34	-1427	660	-463	796	-710
1700000093040	250	-1260	450	-328	938	-660
1700000093050	461	-1144	241	-129	978	-596
1700000093060	790	-1023	-56	12	990	-479
1700000093070	1175	-999	-391	109	1089	-268
1700000093080	1541	-907	-726	273	1017	-32
1700000093090	2035	-924	-1071	433	1041	260
1700000093100	2444	-999	-802	488	894	440
1700000093110	2831	-1041	-461	638	846	579
1700000093120	3117	-1166	-123	678	702	677
1700000093130	3423	-1347	208	753	563	705
1700000093140	3539	-1489	444	790	395	592
1700000093150	3592	-1706	673	789	176	452
1700000093160	3605	-1898	813	784	26	263
1700000093170	3567	-2133	891	723	-232	20
1700000093180	3452	-2332	950	644	-383	-184
1700000093190	3301	-2587	926	574	-561	-417
1700000093200	3117	-2791	848	453	-689	-584
1700000093210	2985	-2999	746	327	-867	-658
1700000093220	2871	-3145	567	162	-1029	-660
1700000093230	2664	-3285	269	65	-1082	-609
1700000093240	2483	-3414	15	-123	-1104	-513
1700000093250	2374	-3467	-308	-252	-1145	-299
1700000093260	2205	-3493	-649	-395	-1198	-56
1700000093270	2111	-3534	-989	-530	-1121	165
1700000093280	1946	-3522	-796	-623	-1056	438
1700000093290	1764	-3376	-502	-753	-1007	574
1700000093300	1555	-3256	-168	-830	-817	641
1700000093310	1322	-3179	157	-906	-724	695
1700000093320	1098	-3005	374	-889	-526	614
1700000093330	826	-2784	616	-933	-323	489
1700000093340	565	-2577	822	-915	-139	303
1700000093350	365	-2393	883	-886	57	80
1700000093360	153	-2161	964	-790	239	-101
1700000093370	39	-1948	914	-716	389	-395
1700000093380	-3	-1664	867	-629	563	-551
1700000093390	35	-1503	750	-503	712	-642
1700000093400	172	-1371	599	-348	896	-700
1700000093410	376	-1173	304	-202	1001	-658
1700000093420	712	-1068	41	-96	1039	-508
1700000093430	1009	-979	-244	77	1106	-339
1700000093440	1470	-937	-613	222	1063	-121
1700000093450	1825	-933	-935	378	1032	135
1700000093460	2276	-982	-909	494	947	360
1700000093470	2710	-1045	-569	521	847	535
1700000093480	2997	-1134	-210	658	751	596
1700000093490	3277	-1247	81	747	644	715
1700000093500	3462	-1420	370	765	493	645
1700000093510	3577	-1620	634	794	239	496
1700000093520	3601	-1790	744	775	80	339
1700000093530	3595	-2033	894	757	-123	155
1700000093540	3491	-2288	938	662	-319	-106
1700000093550	3373	-2490	975	598	-508	-360
1700000093560	3194	-2680	890	517	-678	-535
1700000093570	3054	-2876	775	387	-813	-626
1700000093580	2867	-3085	590	280	-952	-676
1700000093590	2693	-3267	395	125	-1028	-646
1700000093600	2555	-3346	59	-44	-1082	-585
1700000093610	2421	-3468	-190	-197	-1163	-362
1700000093620	2319	-3522	-528	-340	-1140	-169
1700000093630	2124	-3526	-865	-473	-1161	65
1700000093640	1977	-3508	-958	-566	-1081	314
1700000093650	1833	-3461	-588	-670	-1019	512
1700000093660	1665	-3352	-291	-800	-873	621
1700000093670	1383	-3189	-6	-859	-722	687
1700000093680	1160	-3052	309	-893	-610	670
1700000093690	955	-2849	562	-878	-399	560
1700000093700	660	-2650	699	-893	-218	381
1700000093710	448	-2444	868	-911	-22	166
1700000093720	246	-2193	935	-810	143	-82
1700000093730	68	-1988	941	-764	380	-275
1700000093740	13	-1729	894	-688	553	-485
1700000093750	-17	-1622	782	-548	668	-640
1700000093760	87	-1369	658	-426	801	-708
1700000093770	276	-1218	416	-241	929	-675
1700000093780	543	-1106	178	-138	1048	-563
1700000093790	884	-971	-116	50	1072	-401
1700000093800	1299	-955	-469	131	1085	-195
1700000093810	1746	-928	-784	275	1067	34
1700000093820	2112	-951	-1008	450	990	286
1700000093830	2574	-979	-644	552	877	521
1700000093840	2919	-1097	-301	663	819	567
1700000093850	3144	-1229	3	705	663	712
1700000093860	3432	-1383	250	757	489	691
1700000093870	3601	-1538	513	776	303	560
1700000093880	3615	-1751	688	764	155	399
1700000093890	3630	-1949	846	800	-61	189
1700000093900	3518	-2196	933	714	-222	-15
1700000093910	3398	-2445	964	607	-430	-220
1700000093920	3278	-2604	926	514	-622	-497
1700000093930	3112	-2865	803	433	-740	-592
1700000093940	2909	-3013	668	302	-909	-734
1700000093950	2810	-3195	451	181	-990	-679
1700000093960	2590	-3318	224	20	-1077	-582
1700000093970	2465	-3418	-45	-121	-1167	-434
1700000093980	2354	-3482	-352	-278	-1189	-223
1700000093990	2219	-3539	-755	-387	-1160	24
1700000094000	2058	-3543	-1100	-593	-1087	228
1700000094010	1860	-3516	-812	-653	-1029	434
1700000094020	1727	-3362	-377	-751	-903	638
1700000094030	1549	-3294	-48	-850	-773	663
1700000094040	1302	-3087	209	-936	-646	710
1700000094050	998	-3006	493	-929	-458	628
1700000094060	799	-2699	661	-998	-251	472
1700000094070	546	-2464	826	-880	-79	257
1700000094080	343	-2307	916	-836	117	52
1700000094090	145	-2077	970	-839	294	-243
1700000094100	-4	-1848	922	-726	480	-436
1700000094110	-9	-1680	877	-571	591	-598
1700000094120	94	-1430	686	-457	789	-683
1700000094130	188	-1244	507	-295	881	-719
1700000094140	453	-1123	257	-136	994	-627
1700000094150	752	-1051	-22	-9	1061	-464
1700000094160	1171	-962	-322	136	1047	-259
1700000094170	1567	-936	-672	255	1091	-54
1700000094180	1985	-909	-1028	420	1003	172
1700000094190	2376	-951	-801	510	951	387
1700000094200	2817	-1059	-467	613	866	559
1700000094210	3077	-1154	-149	665	701	641
1700000094220	3366	-1317	157	803	562	709
1700000094230	3503	-1475	383	801	424	626
1700000094240	3586	-1644	660	791	223	505
1700000094250	3589	-1851	840	768	58	285
1700000094260	3578	-2099	880	709	-158	68
1700000094270	3473	-2297	946	649	-377	-198
1700000094280	3329	-2539	945	599	-566	-405
1700000094290	3120	-2762	899	446	-720	-557
1700000094300	3030	-2943	728	299	-858	-648
1700000094310	2767	-3152	567	190	-952	-671
1700000094320	2651	-3275	304	83	-1049	-652
1700000094330	2530	-3410	57	-96	-1158	-536
1700000094340	2355	-3436	-305	-250	-1148	-321
1700000094350	2254	-3531	-635	-357	-1117	-61
1700000094360	2109	-3482	-977	-516	-1150	160
1700000094370	1971	-3514	-888	-626	-1078	391
1700000094380	1776	-3449	-504	-709	-966	537
1700000094390	1576	-3302	-221	-819	-820	664
1700000094400	1345	-3184	100	-835	-671	695
1700000094410	1132	-2994	382	-908	-526	664
1700000094420	856	-2804	622	-930	-348	494
1700000094430	630	-2595	808	-874	-120	313
1700000094440	375	-2404	894	-878	58	73
1700000094450	190	-2163	883	-792	234	-137
1700000094460	88	-1933	962	-748	384	-351
1700000094470	27	-1699	889	-601	551	-539
1700000094480	15	-1475	775	-512	721	-626
1700000094490	143	-1326	540	-333	882	-719
1700000094500	350	-1208	412	-251	953	-640
1700000094510	648	-1059	105	-83	1026	-551
1700000094520	1003	-991	-233	91	1065	-331
1700000094530	1424	-953	-518	235	1073	-129
1700000094540	1816	-931	-836	359	1028	129
1700000094550	2194	-934	-969	475	991	316
1700000094560	2633	-1020	-598	596	907	513
1700000094570	2965	-1132	-220	664	769	648
1700000094580	3250	-1220	64	752	659	717
1700000094590	3450	-1435	336	781	434	652
1700000094600	3553	-1585	560	813	280	558
1700000094610	3648	-1783	752	784	95	394
1700000094620	3575	-1988	852	779	-102	123
1700000094630	3499	-2258	890	700	-277	-100
1700000094640	3375	-2449	981	631	-524	-306
1700000094650	3229	-2667	896	536	-624	-537
1700000094660	3054	-2904	785	385	-821	-664
1700000094670	2847	-3046	648	266	-951	-778
1700000094680	2717	-3204	390	89	-1062	-683
1700000094690	2563	-3322	118	9	-1086	-615
1700000094700	2438	-3441	-143	-144	-1157	-391
1700000094710	2314	-3491	-493	-307	-1175	-151
1700000094720	2150	-3554	-815	-512	-1148	80
1700000094730	2020	-3453	-977	-620	-1050	301
1700000094740	1848	-3464	-637	-651	-1026	470
1700000094750	1658	-3373	-305	-802	-864	611
1700000094760	1450	-3234	7	-871	-769	679
1700000094770	1222	-3066	263	-897	-590	643
1700000094780	925	-2848	535	-967	-426	566
1700000094790	679	-2664	692	-932	-221	406
1700000094800	412	-2466	823	-898	-63	175
1700000094810	269	-2217	956	-865	175	-39
1700000094820	108	-1994	975	-768	362	-273
1700000094830	-23	-1819	907	-656	476	-468
1700000094840	-13	-1608	814	-566	683	-620
1700000094850	89	-1409	642	-434	780	-677
1700000094860	265	-1228	440	-260	945	-686
1700000094870	496	-1112	235	-115	1038	-564
1700000094880	860	-1014	-117	22	1079	-421
1700000094890	1268	-946	-407	130	1082	-222
1700000094900	1676	-902	-759	272	1041	29
1700000094910	2106	-945	-1107	428	1019	241
1700000094920	2499	-965	-685	578	932	460
1700000094930	2862	-1075	-367	694	799	583
1700000094940	3149	-1197	-79	738	640	667
1700000094950	3370	-1365	204	751	523	673
1700000094960	3527	-1524	481	779	350	567
1700000094970	3614	-1733	671	789	118	452
1700000094980	3616	-1926	820	772	-88	221
1700000094990	3535	-2182	928	697	-272	-31
1700000095000	3399	-2401	937	606	-388	-249
1700000095010	3270	-2602	887	516	-583	-423
1700000095020	3070	-2798	823	434	-716	-594
1700000095030	2964	-2978	660	333	-895	-677
1700000095040	2792	-3221	509	173	-1008	-647
1700000095050	2618	-3320	256	3	-1082	-615
1700000095060	2486	-3414	-23	-149	-1116	-470
1700000095070	2352	-3478	-378	-225	-1189	-250
1700000095080	2166	-3544	-721	-388	-1175	11
1700000095090	2127	-3547	-1069	-539	-1116	204
1700000095100	1903	-3471	-734	-677	-1107	413
1700000095110	1722	-3366	-424	-760	-968	597
1700000095120	1506	-3297	-104	-817	-794	658
1700000095130	1290	-3125	207	-870	-641	669
1700000095140	1038	-2942	447	-909	-499	595
1700000095150	833	-2740	672	-919	-295	462
1700000095160	548	-2523	813	-862	-112	265
1700000095170	347	-2313	920	-879	95	17
1700000095180	154	-2116	955	-739	301	-198
1700000095190	38	-1856	960	-687	425	-413
1700000095200	23	-1659	886	-591	655	-613
1700000095210	60	-1480	703	-499	704	-664
1700000095220	212	-1329	514	-322	856	-700
1700000095230	403	-1169	280	-178	1026	-637
1700000095240	708	-1019	-9	-59	1041	-435
1700000095250	1113	-988	-345	79	1047	-312
1700000095260	1528	-945	-641	250	1060	-45
1700000095270	1969	-935	-1025	411	999	231
1700000095280	2360	-981	-823	484	993	415
1700000095290	2754	-1023	-490	637	846	565
1700000095300	3056	-1143	-163	664	738	646
1700000095310	3329	-1270	126	809	554	705
1700000095320	3475	-1504	378	782	428	654
1700000095330	3593	-1633	582	761	241	504
1700000095340	3634	-1835	798	776	61	303
1700000095350	3549	-2122	925	704	-144	59
1700000095360	3491	-2242	956	684	-341	-155
1700000095370	3315	-2551	975	575	-486	-379
1700000095380	3132	-2787	902	483	-756	-526
1700000095390	2963	-2953	744	344	-843	-603
1700000095400	2776	-3116	581	235	-926	-688
1700000095410	2705	-3275	316	93	-1052	-656
1700000095420	2548	-3408	59	-55	-1161	-514
1700000095430	2376	-3453	-227	-246	-1179	-340
1700000095440	2234	-3498	-591	-378	-1167	-82
1700000095450	2105	-3555	-908	-517	-1114	108
1700000095460	1990	-3503	-884	-588	-1034	322
1700000095470	1785	-3431	-553	-764	-1009	539
1700000095480	1597	-3298	-207	-808	-865	646
1700000095490	1362	-3189	77	-875	-735	680
1700000095500	1135	-3007	400	-895	-518	661
1700000095510	893	-2806	601	-927	-377	489
1700000095520	598	-2626	714	-952	-183	363
1700000095530	387	-2430	929	-918	26	108
1700000095540	181	-2152	950	-823	193	-105
1700000095550	84	-1923	880	-753	394	-331
1700000095560	12	-1744	909	-597	545	-568
1700000095570	25	-1533	787	-541	704	-627
1700000095580	154	-1394	612	-386	869	-707
1700000095590	296	-1268	339	-188	940	-644
1700000095600	598	-1055	69	-82	1016	-572
1700000095610	947	-970	-189	75	1028	-318
1700000095620	1326	-967	-505	195	1093	-154
1700000095630	1791	-956	-872	341	1031	90
1700000095640	2229	-940	-989	495	962	310
1700000095650	2609	-1012	-603	557	866	510
1700000095660	2974	-1134	-265	659	761	655
1700000095670	3213	-1235	25	721	627	664
1700000095680	3472	-1399	289	770	504	649
1700000095690	3540	-1586	530	798	299	547
1700000095700	3611	-1792	759	803	167	365
1700000095710	3596	-1985	861	717	-100	147
1700000095720	3539	-2223	883	675	-271	-46
1700000095730	3392	-2394	945	640	-469	-313
1700000095740	3235	-2659	882	533	-636	-470
1700000095750	3036	-2881	840	424	-796	-603
1700000095760	2888	-3064	657	263	-911	-739
1700000095770	2717	-3210	403	129	-1057	-645
1700000095780	2576	-3306	177	-44	-1142	-585
1700000095790	2403	-3432	-124	-191	-1189	-397
1700000095800	2338	-3466	-423	-330	-1184	-159
1700000095810	2194	-3536	-800	-447	-1144	66
1700000095820	2067	-3506	-1058	-585	-1081	260
1700000095830	1877	-3466	-673	-658	-1026	438
1700000095840	1639	-3377	-382	-782	-928	652
1700000095850	1451	-3276	-47	-835	-746	702
1700000095860	1229	-3102	255	-947	-631	651
1700000095870	977	-2907	509	-891	-421	593
1700000095880	726	-2692	674	-909	-241	417
1700000095890	491	-2472	823	-903	-27	194
1700000095900	291	-2252	956	-856	190	-48
1700000095910	135	-2043	960	-758	342	-260
1700000095920	48	-1813	947	-671	525	-429
1700000095930	7	-1595	846	-554	673	-589
1700000095940	86	-1434	664	-441	825	-714
1700000095950	255	-1230	465	-310	961	-681
1700000095960	558	-1154	241	-152	989	-576
1700000095970	811	-1041	-97	2	1040	-406
1700000095980	1230	-961	-407	170	1109	-229
1700000095990	1644	-945	-750	290	1043	15
1700000096000	2060	-942	-1078	449	1014	201
1700000096010	2469	-989	-766	529	913	439
1700000096020	2850	-1052	-341	635	844	557
1700000096030	3154	-1227	-98	728	677	696
1700000096040	3331	-1319	214	770	555	643
1700000096050	3501	-1488	462	764	367	611
1700000096060	3627	-1716	662	786	185	469
1700000096070	3647	-1911	826	756	-18	255
1700000096080	3534	-2175	963	725	-196	16
1700000096090	3430	-2407	967	651	-392	-163
1700000096100	3298	-2562	937	553	-562	-444
1700000096110	3130	-2789	854	450	-760	-608
1700000096120	2938	-2985	672	308	-881	-640
1700000096130	2786	-3165	498	154	-976	-694
1700000096140	2644	-3316	251	28	-1059	-610
1700000096150	2461	-3414	-36	-105	-1135	-486
1700000096160	2372	-3455	-329	-253	-1177	-264
1700000096170	2141	-3521	-687	-417	-1132	-36
1700000096180	2084	-3533	-1064	-532	-1118	209
1700000096190	1908	-3476	-814	-618	-1034	394
1700000096200	1767	-3411	-484	-765	-982	601
1700000096210	1545	-3320	-99	-844	-805	667
1700000096220	1321	-3141	125	-868	-657	716
1700000096230	1060	-2966	421	-917	-509	628
1700000096240	830	-2775	633	-936	-298	497
1700000096250	596	-2598	808	-926	-119	266
1700000096260	372	-2363	924	-828	64	55
1700000096270	208	-2096	962	-779	267	-156
1700000096280	95	-1880	956	-772	416	-415
1700000096290	-14	-1713	859	-580	585	-543
1700000096300	57	-1481	708	-469	802	-648
1700000096310	177	-1288	541	-330	882	-712
1700000096320	389	-1225	292	-225	936	-635
1700000096330	723	-1065	-16	-63	1015	-488
1700000096340	1078	-1001	-283	139	1045	-284
1700000096350	1442	-938	-584	246	1119	-57
1700000096360	1952	-917	-940	356	1066	144
1700000096370	2316	-950	-904	442	952	361
1700000096380	2754	-987	-525	589	853	561
1700000096390	3050	-1135	-210	673	736	672
1700000096400	3273	-1268	127	739	549	695
1700000096410	3461	-1430	376	791	413	656
1700000096420	3606	-1618	591	774	262	520
1700000096430	3667	-1878	803	779	88	311
1700000096440	3585	-2084	871	755	-177	68
1700000096450	3500	-2290	975	655	-341	-133
1700000096460	3360	-2517	972	584	-507	-353
1700000096470	3190	-2725	902	500	-692	-543
1700000096480	2994	-2895	792	402	-805	-653
1700000096490	2819	-3095	592	259	-939	-715
1700000096500	2660	-3249	360	71	-1052	-661
1700000096510	2591	-3354	91	-57	-1145	-516
1700000096520	2402	-3445	-243	-230	-1175	-330
1700000096530	2286	-3526	-563	-363	-1229	-146
1700000096540	2125	-3523	-903	-482	-1137	112
1700000096550	1983	-3474	-953	-586	-1072	325
1700000096560	1845	-3419	-590	-698	-992	508
1700000096570	1656	-3338	-272	-849	-858	619
1700000096580	1390	-3189	38	-870	-739	690
1700000096590	1165	-3007	333	-867	-540	669
1700000096600	896	-2899	576	-908	-405	531
1700000096610	671	-2608	777	-932	-210	387
1700000096620	439	-2439	871	-884	-3	176
1700000096630	237	-2166	911	-805	215	-76
1700000096640	69	-2001	929	-725	363	-294
1700000096650	17	-1766	900	-647	599	-494
1700000096660	58	-1551	796	-538	725	-628
1700000096670	108	-1358	613	-436	823	-670
1700000096680	313	-1283	398	-225	895	-638
1700000096690	603	-1120	147	-99	1004	-574
1700000096700	952	-990	-173	19	989	-343
1700000096710	1374	-935	-491	158	1137	-197
1700000096720	1747	-906	-820	323	1049	76
1700000096730	2147	-895	-996	472	990	333
1700000096740	2553	-1009	-642	528	943	483
1700000096750	2898	-1077	-354	676	783	640
1700000096760	3225	-1250	1	747	650	676
1700000096770	3412	-1362	256	785	494	656
1700000096780	3565	-1603	521	762	308	578
1700000096790	3587	-1786	722	777	141	377
1700000096800	3583	-2016	826	761	-52	213
1700000096810	3506	-2219	949	703	-265	-64
1700000096820	3384	-2419	956	632	-469	-248
1700000096830	3250	-2632	929	516	-616	-442
1700000096840	3064	-2844	769	404	-783	-606
1700000096850	2931	-3046	638	277	-928	-635
1700000096860	2749	-3204	454	160	-994	-679
1700000096870	2574	-3366	156	-39	-1118	-559
1700000096880	2449	-3467	-113	-160	-1156	-411
1700000096890	2321	-3469	-426	-293	-1169	-219
1700000096900	2158	-3549	-767	-502	-1155	41
1700000096910	2042	-3494	-1077	-577	-1072	270
1700000096920	1893	-3461	-714	-699	-1023	458
1700000096930	1714	-3349	-351	-771	-897	591
1700000096940	1457	-3263	-10	-828	-745	675
1700000096950	1263	-3097	214	-908	-656	677
1700000096960	989	-2894	478	-922	-483	592
1700000096970	765	-2708	671	-928	-274	436
1700000096980	483	-2504	830	-904	-72	242
1700000096990	298	-2294	943	-836	145	7
1700000097000	110	-2052	945	-809	289	-237
1700000097010	30	-1801	923	-659	465	-406
1700000097020	-26	-1598	827	-579	689	-632
1700000097030	32	-1425	693	-431	805	-677
1700000097040	240	-1278	497	-252	905	-703
1700000097050	504	-1151	196	-148	1053	-619
1700000097060	805	-1028	-24	-33	1062	-430
1700000097070	1195	-940	-375	108	1067	-265
1700000097080	1590	-943	-739	313	1050	-6
1700000097090	2037	-933	-1039	406	1049	230
1700000097100	2466	-994	-747	543	952	451
1700000097110	2790	-1091	-410	665	843	641
1700000097120	3151	-1203	-99	752	736	650
1700000097130	3339	-1303	207	729	545	660
1700000097140	3521	-1487	436	799	354	646
1700000097150	3597	-1745	640	797	259	437
1700000097160	3626	-1879	829	757	25	299
1700000097170	3563	-2122	896	741	-164	45
1700000097180	3435	-2319	945	685	-385	-149
1700000097190	3320	-2535	928	549	-560	-426
1700000097200	3123	-2749	855	464	-726	-544
1700000097210	2953	-2969	711	378	-872	-671
1700000097220	2820	-3173	529	207	-974	-684
1700000097230	2646	-3323	285	54	-1059	-630
1700000097240	2542	-3397	-9	-107	-1143	-479
1700000097250	2398	-3473	-312	-236	-1140	-313
1700000097260	2236	-3466	-685	-374	-1143	-74
1700000097270	2087	-3522	-979	-495	-1125	183
1700000097280	1930	-3486	-835	-658	-1071	418
1700000097290	1771	-3411	-533	-761	-946	598
1700000097300	1554	-3284	-157	-836	-830	643
1700000097310	1305	-3155	141	-871	-694	676
1700000097320	1109	-3011	385	-910	-514	598
1700000097330	846	-2782	671	-930	-323	477
1700000097340	577	-2588	812	-937	-167	301
1700000097350	381	-2362	901	-826	52	45
1700000097360	156	-2105	937	-807	202	-153
1700000097370	57	-1938	933	-742	422	-311
1700000097380	-39	-1718	864	-546	622	-536
1700000097390	32	-1521	767	-468	751	-664
1700000097400	169	-1307	577	-347	870	-697
1700000097410	377	-1204	336	-247	969	-628
1700000097420	654	-1065	25	-38	1074	-505
1700000097430	1060	-953	-232	63	1061	-338
1700000097440	1509	-965	-616	227	1095	-85
1700000097450	1845	-957	-939	342	1027	151
1700000097460	2302	-915	-912	490	968	348
1700000097470	2677	-1006	-579	583	871	503
1700000097480	2963	-1083	-221	684	771	672
1700000097490	3283	-1252	98	760	634	714
1700000097500	3495	-1435	354	790	436	676
1700000097510	3609	-1590	606	787	260	536
1700000097520	3630	-1850	803	749	92	330
1700000097530	3581	-2004	900	740	-96	106
1700000097540	3471	-2278	951	736	-343	-121
1700000097550	3312	-2513	913	620	-461	-321
1700000097560	3187	-2716	880	521	-652	-524
1700000097570	3040	-2888	805	405	-820	-624
1700000097580	2876	-3085	577	237	-920	-736
1700000097590	2708	-3227	367	104	-1008	-646
1700000097600	2601	-3345	132	-20	-1151	-512
1700000097610	2415	-3479	-200	-196	-1127	-391
1700000097620	2291	-3486	-533	-324	-1188	-169
1700000097630	2165	-3509	-871	-478	-1161	96
1700000097640	2019	-3476	-1008	-615	-1086	292
1700000097650	1832	-3455	-642	-686	-974	502
1700000097660	1638	-3358	-271	-758	-885	596
1700000097670	1427	-3202	9	-882	-719	691
1700000097680	1172	-3040	332	-925	-597	694
1700000097690	923	-2874	515	-924	-384	552
1700000097700	694	-2662	747	-905	-224	347
1700000097710	439	-2464	871	-919	17	187
1700000097720	237	-2220	936	-841	165	-82
1700000097730	101	-2006	946	-752	346	-272
1700000097740	30	-1794	932	-664	546	-478
1700000097750	-8	-1575	817	-570	672	-643
1700000097760	42	-1424	647	-398	829	-706
1700000097770	305	-1194	394	-290	965	-670
1700000097780	581	-1079	185	-140	984	-598
1700000097790	894	-977	-130	22	1053	-387
1700000097800	1280	-951	-467	180	1056	-188
1700000097810	1679	-925	-809	292	1060	44
1700000097820	2166	-961	-1025	416	1000	268
1700000097830	2524	-969	-679	532	891	512
1700000097840	2910	-1111	-336	601	803	611
1700000097850	3180	-1265	-45	730	641	708
1700000097860	3394	-1347	257	759	498	654
1700000097870	3566	-1542	497	800	314	516
1700000097880	3636	-1752	692	795	141	376
1700000097890	3637	-1965	821	792	-57	204
1700000097900	3526	-2195	913	693	-242	-60
1700000097910	3393	-2402	965	621	-439	-250
1700000097920	3273	-2603	930	569	-619	-449
1700000097930	3109	-2848	858	401	-793	-575
1700000097940	2923	-3027	680	288	-879	-670
1700000097950	2764	-3181	426	109	-1020	-641
1700000097960	2604	-3311	225	12	-1089	-576
1700000097970	2465	-3423	-60	-131	-1136	-450
1700000097980	2317	-3512	-391	-294	-1144	-195
1700000097990	2195	-3543	-688	-443	-1185	-15
1700000098000	2095	-3488	-1080	-584	-1131	230
1700000098010	1946	-3456	-769	-724	-1058	476
1700000098020	1725	-3375	-421	-734	-908	593
1700000098030	1548	-3301	-75	-847	-812	645
1700000098040	1254	-3113	203	-923	-647	669
1700000098050	1019	-2902	472	-914	-468	610
1700000098060	772	-2723	664	-942	-272	441
1700000098070	511	-2485	817	-848	-107	249
1700000098080	288	-2306	909	-874	95	28
1700000098090	126	-2082	980	-787	292	-232
1700000098100	11	-1857	916	-700	477	-417
1700000098110	26	-1657	837	-586	689	-599
1700000098120	46	-1488	729	-448	777	-697
1700000098130	214	-1297	520	-352	892	-663
1700000098140	439	-1119	268	-219	973	-607
1700000098150	717	-1030	-10	-42	1013	-428
1700000098160	1145	-982	-331	109	1094	-291
1700000098170	1604	-944	-670	227	1062	-72
1700000098180	1988	-913	-1086	393	1035	205
1700000098190	2389	-948	-816	534	973	412
1700000098200	2757	-1066	-429	658	851	525
1700000098210	3102	-1121	-130	664	705	676
1700000098220	3353	-1316	130	724	549	717
1700000098230	3510	-1459	399	788	374	647
1700000098240	3612	-1700	669	797	189	495
1700000098250	3600	-1897	814	772	19	306
1700000098260	3557	-2066	918	713	-209	88
1700000098270	3407	-2317	935	675	-352	-159
1700000098280	3303	-2545	902	560	-539	-438
1700000098290	3130	-2733	888	481	-698	-553
1700000098300	2973	-2990	740	333	-830	-667
1700000098310	2771	-3113	530	178	-976	-686
1700000098320	2626	-3241	324	72	-1053	-590
1700000098330	2486	-3373	43	-67	-1139	-519
1700000098340	2415	-3446	-275	-188	-1146	-298
1700000098350	2251	-3476	-636	-386	-1177	-36
1700000098360	2111	-3504	-969	-560	-1115	123
1700000098370	1973	-3473	-878	-584	-1057	367
1700000098380	1794	-3424	-463	-688	-967	538
1700000098390	1589	-3294	-175	-836	-841	652
1700000098400	1366	-3156	137	-888	-728	771
1700000098410	1135	-2991	386	-948	-512	609
1700000098420	852	-2828	610	-960	-359	504
1700000098430	591	-2612	791	-915	-161	311
1700000098440	362	-2369	889	-888	103	88
1700000098450	158	-2165	982	-843	238	-130
1700000098460	27	-1933	953	-729	388	-356
1700000098470	-26	-1701	836	-637	596	-578
1700000098480	12	-1487	767	-484	720	-665
1700000098490	178	-1347	651	-339	867	-686
1700000098500	310	-1167	338	-249	951	-645
1700000098510	634	-1102	86	-106	1024	-516
1700000098520	1021	-972	-259	70	1063	-340
1700000098530	1367	-945	-542	245	1055	-135
1700000098540	1841	-907	-875	329	1045	136
1700000098550	2232	-945	-886	471	954	315
1700000098560	2666	-1032	-583	578	868	514
1700000098570	3011	-1109	-266	677	736	645
1700000098580	3283	-1257	85	734	635	685
1700000098590	3452	-1412	354	767	439	628
1700000098600	3547	-1587	568	763	261	549
1700000098610	3589	-1808	747	746	121	376
1700000098620	3577	-2031	907	714	-81	154
1700000098630	3515	-2276	953	679	-306	-58
1700000098640	3337	-2482	990	562	-503	-324
1700000098650	3202	-2674	896	494	-648	-544
1700000098660	3057	-2871	767	392	-772	-594
1700000098670	2846	-3043	631	260	-932	-674
1700000098680	2723	-3237	359	130	-1071	-679
1700000098690	2541	-3402	113	-31	-1109	-560
1700000098700	2410	-3500	-169	-129	-1202	-380
1700000098710	2333	-3512	-530	-305	-1189	-169
1700000098720	2141	-3507	-811	-432	-1111	34
1700000098730	2016	-3507	-965	-590	-1108	271
1700000098740	1850	-3429	-672	-689	-1008	473
1700000098750	1621	-3340	-328	-764	-876	653
1700000098760	1467	-3210	-37	-875	-732	680
1700000098770	1214	-3100	290	-926	-594	657
1700000098780	967	-2833	507	-932	-408	556
1700000098790	717	-2690	677	-921	-211	411
1700000098800	488	-2463	852	-926	-3	164
1700000098810	249	-2229	924	-855	178	-77
1700000098820	81	-2020	948	-750	400	-289
1700000098830	29	-1771	886	-698	546	-510
1700000098840	-19	-1639	816	-560	697	-623
1700000098850	72	-1395	655	-411	824	-667
1700000098860	233	-1231	471	-297	929	-696
1700000098870	508	-1112	202	-135	998	-567
1700000098880	904	-1044	-115	1	1053	-392
1700000098890	1251	-969	-405	149	1109	-243
1700000098900	1677	-911	-775	297	1041	24
1700000098910	2109	-928	-1043	422	1031	269
1700000098920	2493	-1008	-687	553	948	456
1700000098930	2913	-1031	-395	636	759	599
1700000098940	3143	-1219	-82	702	695	670
1700000098950	3391	-1362	253	703	569	661
1700000098960	3574	-1573	482	855	320	600
1700000098970	3582	-1725	708	750	192	458
1700000098980	3623	-1967	838	784	-25	219
1700000098990	3500	-2171	933	716	-234	19
1700000099000	3450	-2384	976	642	-399	-293
1700000099010	3285	-2619	967	533	-576	-439
1700000099020	3069	-2850	817	437	-762	-612
1700000099030	2974	-3005	701	273	-876	-694
1700000099040	2721	-3184	465	169	-959	-676
1700000099050	2617	-3334	269	41	-1106	-590
1700000099060	2465	-3436	-49	-94	-1122	-506
1700000099070	2334	-3475	-358	-285	-1124	-272
1700000099080	2202	-3513	-716	-387	-1146	-18
1700000099090	2071	-3519	-1081	-550	-1142	188
1700000099100	1922	-3439	-746	-660	-1057	428
1700000099110	1722	-3414	-464	-732	-935	596
1700000099120	1530	-3248	-100	-834	-823	698
1700000099130	1259	-3147	158	-885	-666	691
1700000099140	1050	-2951	455	-924	-488	661
1700000099150	776	-2745	644	-936	-324	484
1700000099160	559	-2575	783	-923	-78	263
1700000099170	352	-2356	891	-866	72	27
1700000099180	136	-2058	912	-827	239	-192
1700000099190	42	-1845	968	-693	459	-367
1700000099200	1	-1650	829	-614	603	-552
1700000099210	50	-1464	724	-467	769	-647
1700000099220	204	-1270	517	-350	883	-749
1700000099230	422	-1138	296	-209	927	-622
1700000099240	743	-1037	-18	-12	1027	-517
1700000099250	1058	-955	-300	76	1029	-322
1700000099260	1506	-905	-684	217	1075	-107
1700000099270	1953	-888	-1048	386	1035	188
1700000099280	2349	-993	-855	505	944	388
1700000099290	2737	-1025	-473	635	863	516
1700000099300	3102	-1176	-213	674	748	635
1700000099310	3328	-1298	142	807	594	663
1700000099320	3527	-1500	414	784	435	669
1700000099330	3599	-1655	639	779	270	509
1700000099340	3623	-1891	817	787	17	281
1700000099350	3533	-2050	924	767	-141	87
1700000099360	3511	-2294	946	672	-368	-181
1700000099370	3288	-2505	943	595	-519	-377
1700000099380	3176	-2754	853	482	-712	-529
1700000099390	2970	-2975	773	388	-861	-674
1700000099400	2815	-3121	559	229	-952	-737
1700000099410	2622	-3270	309	84	-1060	-645
1700000099420	2536	-3358	70	-77	-1103	-513
1700000099430	2408	-3450	-227	-228	-1136	-343
1700000099440	2265	-3520	-586	-340	-1178	-98
1700000099450	2150	-3549	-942	-488	-1121	111
1700000099460	1960	-3513	-914	-608	-1046	340
1700000099470	1834	-3451	-563	-703	-988	546
1700000099480	1578	-3310	-176	-829	-860	656
1700000099490	1396	-3192	61	-874	-723	720
1700000099500	1126	-3039	350	-931	-532	645
1700000099510	897	-2827	588	-941	-387	569
1700000099520	628	-2597	748	-888	-174	378
1700000099530	397	-2368	917	-900	9	176
1700000099540	195	-2155	970	-814	224	-122
1700000099550	67	-1961	962	-695	428	-338
1700000099560	3	-1743	901	-608	592	-509
1700000099570	28	-1573	743	-525	724	-675
1700000099580	126	-1359	593	-344	814	-654
1700000099590	361	-1209	361	-235	932	-634
1700000099600	652	-1046	147	-74	1041	-554
1700000099610	992	-992	-233	18	1033	-343
1700000099620	1375	-919	-545	216	1037	-181
1700000099630	1785	-939	-890	346	1069	67
1700000099640	2200	-893	-991	452	998	322
1700000099650	2602	-1007	-593	561	883	529
1700000099660	2913	-1068	-289	654	827	647
1700000099670	3242	-1228	20	724	643	710
1700000099680	3471	-1357	341	756	481	644
1700000099690	3555	-1595	569	839	316	559
1700000099700	3606	-1803	749	775	104	379
1700000099710	3605	-1984	895	750	-65	157
1700000099720	3513	-2217	954	693	-258	-76
1700000099730	3313	-2422	914	659	-466	-313
1700000099740	3216	-2669	901	522	-622	-552
1700000099750	3041	-2838	826	401	-778	-672
1700000099760	2890	-3086	626	248	-951	-675
1700000099770	2707	-3219	406	149	-1070	-641
1700000099780	2594	-3347	143	-22	-1112	-552
1700000099790	2439	-3434	-108	-191	-1192	-408
1700000099800	2321	-3497	-453	-304	-1174	-194
1700000099810	2222	-3499	-782	-429	-1115	41
1700000099820	2059	-3527	-1024	-585	-1095	255
1700000099830	1887	-3502	-738	-702	-1043	470
1700000099840	1688	-3344	-377	-804	-911	613
1700000099850	1471	-3253	19	-865	-750	688
1700000099860	1249	-3070	277	-892	-663	670
1700000099870	978	-2858	494	-942	-432	559
1700000099880	727	-2704	719	-932	-251	445
1700000099890	483	-2488	830	-892	-51	209
1700000099900	262	-2288	928	-854	106	-50
1700000099910	123	-2061	931	-782	327	-292
1700000099920	30	-1804	895	-627	491	-487
1700000099930	1	-1647	839	-562	655	-596
1700000099940	42	-1407	685	-430	770	-679
1700000099950	249	-1255	485	-316	920	-708
1700000099960	510	-1145	266	-143	1004	-607
1700000099970	830	-995	-132	49	1098	-467
1700000099980	1220	-957	-406	124	1091	-244
1700000099990	1631	-896	-757	294	1057	10
1700000100000	2047	-932	-1083	415	996	175
1700000100010	2477	-1010	-714	549	947	418
1700000100020	2850	-1065	-402	630	850	603
1700000100030	3160	-1182	-72	712	689	673
1700000100040	3396	-1342	228	769	568	732
1700000100050	3476	-1523	460	770	364	596
1700000100060	3627	-1718	696	768	165	438
1700000100070	3596	-1905	806	772	-35	256
1700000100080	3533	-2123	955	735	-237	0
1700000100090	3447	-2375	966	663	-424	-182
1700000100100	3308	-2600	936	538	-556	-414
1700000100110	3106	-2807	881	412	-718	-547
1700000100120	2918	-3004	691	301	-840	-689
1700000100130	2809	-3153	483	181	-975	-647
1700000100140	2632	-3296	265	64	-1095	-628
1700000100150	2480	-3406	-24	-80	-1163	-497
1700000100160	2333	-3490	-368	-274	-1157	-261
1700000100170	2204	-3522	-686	-403	-1147	-38
1700000100180	2062	-3522	-1013	-545	-1122	241
1700000100190	1935	-3482	-855	-658	-1075	390
1700000100200	1727	-3375	-475	-815	-913	574
1700000100210	1537	-3274	-106	-810	-745	654
1700000100220	1359	-3134	131	-895	-668	684
1700000100230	1124	-2960	413	-935	-472	603
1700000100240	792	-2804	653	-944	-311	467
1700000100250	583	-2548	781	-909	-159	302
1700000100260	329	-2305	883	-829	79	83
1700000100270	127	-2110	950	-802	294	-206
1700000100280	39	-1915	887	-691	426	-363
1700000100290	-10	-1663	853	-584	645	-551
1700000100300	90	-1509	681	-491	769	-613
1700000100310	192	-1351	547	-329	845	-663
1700000100320	419	-1196	341	-240	984	-661
1700000100330	678	-1084	25	-14	1032	-500
1700000100340	1045	-972	-278	53	1040	-283
1700000100350	1437	-928	-598	269	1061	-78
1700000100360	1913	-895	-961	362	1032	181
1700000100370	2303	-990	-862	485	970	342
1700000100380	2678	-1030	-507	591	888	565
1700000100390	3080	-1166	-182	682	695	679
1700000100400	3305	-1239	157	760	598	683
1700000100410	3498	-1438	380	739	376	635
1700000100420	3620	-1632	608	778	208	511
1700000100430	3592	-1841	809	808	67	338
1700000100440	3583	-2052	865	717	-162	101
1700000100450	3515	-2269	921	691	-328	-140
1700000100460	3388	-2491	962	584	-511	-373
1700000100470	3200	-2797	918	494	-662	-520
1700000100480	3010	-2949	769	391	-831	-651
1700000100490	2839	-3088	605	226	-964	-716
1700000100500	2668	-3268	328	109	-1079	-654
1700000100510	2493	-3388	59	-54	-1089	-483
1700000100520	2418	-3512	-195	-204	-1185	-362
1700000100530	2293	-3466	-512	-341	-1147	-137
1700000100540	2164	-3528	-911	-513	-1109	116
1700000100550	1980	-3484	-899	-639	-1068	279
1700000100560	1807	-3464	-605	-686	-963	497
1700000100570	1608	-3348	-264	-808	-876	662
1700000100580	1447	-3192	83	-849	-725	665
1700000100590	1182	-3060	327	-910	-544	666
1700000100600	909	-2894	556	-959	-358	530
1700000100610	676	-2662	744	-868	-210	361
1700000100620	389	-2417	908	-925	2	120
1700000100630	201	-2209	924	-829	193	-77
1700000100640	73	-1994	984	-759	410	-316
1700000100650	0	-1777	884	-637	566	-489
1700000100660	24	-1574	794	-530	673	-642
1700000100670	122	-1323	621	-385	851	-676
1700000100680	334	-1221	420	-260	986	-638
1700000100690	584	-1099	130	-133	994	-515
1700000100700	974	-1007	-158	48	1027	-371
1700000100710	1320	-945	-476	219	1033	-174
1700000100720	1706	-910	-830	339	1053	68
1700000100730	2189	-953	-1015	465	969	271
1700000100740	2604	-1017	-639	524	889	500
1700000100750	2927	-1100	-273	702	803	625
1700000100760	3229	-1235	-41	682	619	694
1700000100770	3441	-1401	260	750	531	668
1700000100780	3575	-1571	486	788	346	548
1700000100790	3619	-1751	738	796	140	425
1700000100800	3632	-1981	827	788	-56	202
1700000100810	3531	-2212	955	723	-243	-70
1700000100820	3370	-2411	949	624	-429	-279
1700000100830	3217	-2631	952	519	-615	-457
1700000100840	3096	-2825	835	352	-763	-625
1700000100850	2919	-3053	689	270	-887	-697
1700000100860	2788	-3208	447	113	-1042	-679
1700000100870	2604	-3335	201	6	-1080	-561
1700000100880	2461	-3449	-95	-140	-1133	-430
1700000100890	2319	-3463	-440	-296	-1205	-201
1700000100900	2176	-3521	-729	-456	-1159	31
1700000100910	2055	-3528	-1034	-512	-1105	251
1700000100920	1918	-3421	-751	-661	-996	491
1700000100930	1715	-3344	-391	-795	-911	581
1700000100940	1480	-3228	-36	-831	-771	683
1700000100950	1260	-3109	224	-870	-631	689
1700000100960	1030	-2899	473	-901	-423	595
1700000100970	740	-2694	704	-957	-246	461
1700000100980	531	-2542	817	-896	-53	207
1700000100990	280	-2296	913	-865	65	-27
1700000101000	53	-2053	1016	-768	284	-245
1700000101010	45	-1851	895	-667	495	-479
1700000101020	1	-1584	807	-550	661	-612
1700000101030	55	-1463	652	-393	746	-669
1700000101040	251	-1266	496	-297	907	-673
1700000101050	510	-1113	247	-170	1015	-549
1700000101060	749	-1068	-55	-14	1057	-449
1700000101070	1181	-922	-353	154	1094	-242
1700000101080	1621	-935	-720	288	1081	-25
1700000101090	2030	-924	-1076	395	1014	190
1700000101100	2453	-952	-775	533	940	422
1700000101110	2802	-1039	-450	661	840	591
1700000101120	3104	-1191	-92	666	711	701
1700000101130	3365	-1321	181	769	566	674
1700000101140	3494	-1479	402	789	354	614
1700000101150	3595	-1701	656	776	209	467
1700000101160	3628	-1871	816	752	12	279
1700000101170	3533	-2143	920	719	-178	60
1700000101180	3438	-2326	951	684	-385	-197
1700000101190	3282	-2557	978	542	-576	-378
1700000101200	3156	-2801	845	443	-701	-561
1700000101210	2954	-2943	728	353	-857	-690
1700000101220	2783	-3142	501	189	-980	-672
1700000101230	2643	-3266	302	69	-1058	-594
1700000101240	2523	-3428	-57	-119	-1152	-508
1700000101250	2384	-3527	-290	-207	-1141	-263
1700000101260	2287	-3513	-666	-390	-1169	-34
1700000101270	2091	-3501	-975	-542	-1146	194
1700000101280	1930	-3451	-873	-628	-1029	377
1700000101290	1758	-3415	-469	-773	-968	521
1700000101300	1530	-3309	-196	-787	-831	652
1700000101310	1352	-3165	132	-887	-672	688
1700000101320	1093	-2996	409	-922	-510	640
1700000101330	857	-2766	622	-928	-354	497
1700000101340	574	-2582	810	-946	-149	297
1700000101350	358	-2391	892	-877	60	63
1700000101360	169	-2138	995	-822	208	-170
1700000101370	15	-1888	947	-723	395	-399
1700000101380	30	-1717	862	-668	565	-571
1700000101390	23	-1523	735	-516	759	-696
1700000101400	181	-1300	564	-321	864	-697
1700000101410	390	-1172	333	-232	965	-646
1700000101420	671	-1038	46	-83	994	-514
1700000101430	985	-998	-268	97	1046	-318
1700000101440	1445	-919	-607	231	1062	-135
1700000101450	1864	-939	-913	413	1015	137
1700000101460	2284	-998	-861	478	991	361
1700000101470	2712	-992	-572	601	906	522
1700000101480	3039	-1095	-226	671	768	648
1700000101490	3278	-1294	87	723	610	713
1700000101500	3505	-1424	363	734	445	636
1700000101510	3599	-1593	590	775	293	516
1700000101520	3641	-1812	763	772	84	344
1700000101530	3583	-2033	867	741	-137	126
1700000101540	3481	-2257	989	741	-301	-105
1700000101550	3372	-2485	919	584	-474	-365
1700000101560	3192	-2709	925	537	-684	-554
1700000101570	3070	-2869	790	372	-778	-664
1700000101580	2858	-3088	579	225	-970	-662
1700000101590	2712	-3220	373	98	-1075	-677
1700000101600	2546	-3391	105	-57	-1086	-557
1700000101610	2414	-3430	-194	-205	-1154	-354
1700000101620	2340	-3514	-488	-350	-1153	-167
1700000101630	2168	-3530	-883	-450	-1120	95
1700000101640	2023	-3482	-993	-597	-1081	346
1700000101650	1808	-3418	-591	-728	-987	528
1700000101660	1678	-3312	-317	-793	-865	631
1700000101670	1444	-3206	10	-843	-742	692
1700000101680	1179	-3043	330	-874	-633	696
1700000101690	900	-2871	539	-912	-400	555
1700000101700	687	-2665	719	-891	-203	407
1700000101710	441	-2454	832	-929	4	173
1700000101720	243	-2216	951	-811	171	-61
1700000101730	93	-1979	946	-739	352	-304
1700000101740	-4	-1784	907	-658	514	-492
1700000101750	27	-1578	795	-578	707	-664
1700000101760	103	-1332	641	-394	826	-666
1700000101770	266	-1226	390	-243	933	-663
1700000101780	554	-1114	184	-96	1054	-556
1700000101790	913	-984	-121	-11	1015	-449
1700000101800	1291	-953	-464	145	1092	-226
1700000101810	1711	-950	-816	297	1018	62
1700000101820	2146	-936	-1041	430	958	285
1700000101830	2577	-955	-694	529	951	440
1700000101840	2922	-1081	-333	654	787	633
1700000101850	3229	-1194	-19	698	660	667
1700000101860	3418	-1376	283	753	519	667
1700000101870	3546	-1535	509	803	350	556
1700000101880	3621	-1797	700	826	152	410
1700000101890	3608	-1922	832	760	-77	208
1700000101900	3528	-2178	939	706	-224	-18
1700000101910	3402	-2430	934	615	-447	-259
1700000101920	3301	-2626	877	505	-592	-458
1700000101930	3087	-2870	841	383	-775	-626
1700000101940	2883	-3023	701	302	-914	-688
1700000101950	2776	-3202	481	176	-1029	-656
1700000101960	2622	-3306	180	-26	-1103	-601
1700000101970	2425	-3409	-44	-123	-1114	-476
1700000101980	2340	-3475	-391	-297	-1168	-257
1700000101990	2197	-3558	-723	-458	-1116	29
1700000102000	2043	-3506	-1124	-509	-1138	268
1700000102010	1862	-3472	-711	-690	-1009	454
1700000102020	1757	-3392	-408	-758	-954	586
1700000102030	1520	-3262	-84	-859	-768	663
1700000102040	1311	-3054	225	-859	-649	692
1700000102050	1027	-2948	469	-892	-469	572
1700000102060	775	-2699	621	-936	-292	410
1700000102070	566	-2521	818	-894	-44	248
1700000102080	278	-2229	891	-878	91	29
1700000102090	153	-2082	927	-812	298	-197
1700000102100	48	-1833	961	-696	442	-429
1700000102110	-6	-1623	853	-577	642	-610
1700000102120	67	-1468	687	-449	783	-674
1700000102130	192	-1294	490	-266	888	-636
1700000102140	426	-1142	235	-145	1019	-583
1700000102150	792	-1017	5	-10	1054	-434
1700000102160	1169	-1009	-346	135	1096	-264
1700000102170	1556	-893	-694	241	1049	-53
1700000102180	2007	-943	-1029	402	994	211
1700000102190	2395	-973	-793	493	957	416
1700000102200	2778	-1073	-489	629	868	615
1700000102210	3089	-1176	-121	664	718	675
1700000102220	3346	-1337	210	741	563	695
1700000102230	3499	-1454	446	804	395	599
1700000102240	3611	-1655	634	765	186	457
1700000102250	3627	-1874	823	768	4	307
1700000102260	3554	-2064	925	772	-189	76
1700000102270	3431	-2324	926	639	-335	-157
1700000102280	3332	-2554	936	574	-533	-382
1700000102290	3131	-2787	852	471	-702	-515
1700000102300	2954	-2955	711	316	-839	-657
1700000102310	2800	-3165	525	221	-993	-689
1700000102320	2646	-3241	313	86	-1040	-628
1700000102330	2532	-3393	24	-93	-1104	-478
1700000102340	2372	-3481	-259	-224	-1193	-325
1700000102350	2225	-3488	-595	-362	-1164	-73
1700000102360	2129	-3483	-945	-490	-1109	113
1700000102370	1985	-3492	-882	-598	-1033	376
1700000102380	1782	-3423	-549	-701	-976	573
1700000102390	1575	-3297	-167	-821	-832	635
1700000102400	1371	-3180	108	-893	-696	691
1700000102410	1135	-2990	393	-903	-532	628
1700000102420	877	-2840	635	-935	-352	522
1700000102430	596	-2656	781	-889	-196	315
1700000102440	405	-2383	879	-878	50	93
1700000102450	207	-2158	947	-819	273	-166
1700000102460	63	-1936	909	-739	416	-367
1700000102470	-2	-1791	895	-658	572	-562
1700000102480	15	-1548	730	-552	695	-661
1700000102490	135	-1348	577	-361	847	-685
1700000102500	364	-1180	347	-223	948	-608
1700000102510	617	-1065	96	-72	993	-564
1700000102520	998	-969	-245	74	1043	-373
1700000102530	1409	-911	-586	247	1036	-86
1700000102540	1806	-887	-880	353	1049	104
1700000102550	2244	-993	-948	472	986	336
1700000102560	2639	-1032	-577	560	872	546
1700000102570	2978	-1138	-246	673	772	649
1700000102580	3286	-1241	66	721	644	719
1700000102590	3455	-1378	333	791	460	664
1700000102600	3597	-1608	529	746	266	528
1700000102610	3615	-1815	751	771	102	342
1700000102620	3591	-2030	879	713	-98	167
1700000102630	3478	-2257	913	712	-311	-90
1700000102640	3350	-2474	943	619	-490	-340
1700000102650	3242	-2707	908	549	-651	-502
1700000102660	3058	-2900	762	379	-804	-631
1700000102670	2868	-3060	643	251	-921	-660
1700000102680	2694	-3252	395	76	-1039	-625
1700000102690	2604	-3325	135	-22	-1072	-536
1700000102700	2413	-3425	-182	-149	-1175	-415
1700000102710	2298	-3497	-491	-315	-1206	-191
1700000102720	2185	-3478	-846	-458	-1111	72
1700000102730	2003	-3482	-1021	-576	-1093	277
1700000102740	1865	-3465	-642	-701	-1032	498
1700000102750	1662	-3337	-320	-741	-905	637
1700000102760	1438	-3245	15	-833	-748	699
1700000102770	1190	-3046	286	-894	-551	667
1700000102780	935	-2878	527	-919	-391	558
1700000102790	706	-2712	709	-936	-262	357
1700000102800	481	-2479	868	-895	-20	174
1700000102810	218	-2274	905	-892	139	-50
1700000102820	95	-1989	974	-779	340	-296
1700000102830	-23	-1802	929	-665	506	-468
1700000102840	-10	-1628	817	-585	700	-631
1700000102850	101	-1452	666	-410	800	-678
1700000102860	248	-1192	444	-258	891	-659
1700000102870	555	-1104	198	-112	972	-564
1700000102880	861	-1046	-81	16	1045	-403
1700000102890	1286	-930	-426	146	1076	-189
1700000102900	1671	-928	-770	283	1047	62
1700000102910	2128	-920	-1075	414	977	229
1700000102920	2525	-964	-710	536	917	457
1700000102930	2899	-1130	-385	647	811	647
1700000102940	3155	-1197	-64	692	711	696
1700000102950	3403	-1393	173	754	519	693
1700000102960	3521	-1503	493	789	309	614
1700000102970	3658	-1714	702	757	164	453
1700000102980	3626	-1935	830	764	-47	229
1700000102990	3538	-2142	934	738	-247	23
1700000103000	3398	-2409	946	626	-416	-232
1700000103010	3275	-2567	982	582	-587	-494
1700000103020	3103	-2820	863	440	-749	-571
1700000103030	2912	-3000	678	313	-876	-655
1700000103040	2734	-3156	484	179	-1040	-690
1700000103050	2631	-3277	227	21	-1098	-645
1700000103060	2429	-3386	-37	-131	-1130	-415
1700000103070	2353	-3483	-375	-283	-1184	-244
1700000103080	2176	-3539	-754	-423	-1143	-33
1700000103090	2076	-3508	-1073	-557	-1114	207
1700000103100	1895	-3454	-736	-680	-1043	450
1700000103110	1729	-3374	-419	-736	-972	602
1700000103120	1515	-3293	-146	-830	-808	618
1700000103130	1259	-3079	166	-870	-662	677
1700000103140	1027	-2936	413	-930	-446	645
1700000103150	774	-2756	655	-929	-286	485
1700000103160	531	-2512	803	-900	-59	286
1700000103170	301	-2325	930	-886	72	65
1700000103180	101	-2080	957	-788	325	-182
1700000103190	67	-1838	938	-692	417	-435
1700000103200	22	-1690	833	-636	650	-586
1700000103210	52	-1503	740	-468	788	-675
1700000103220	202	-1318	513	-327	873	-729
1700000103230	431	-1153	319	-162	990	-646
1700000103240	715	-1017	37	-37	1053	-478
1700000103250	1082	-990	-304	87	1091	-284
1700000103260	1497	-919	-642	276	1042	-87
1700000103270	1939	-949	-996	389	1066	172
1700000103280	2340	-940	-863	523	974	328
1700000103290	2740	-1052	-514	625	852	606
1700000103300	3090	-1154	-162	665	772	650
1700000103310	3372	-1282	122	723	539	666
1700000103320	3514	-1486	374	776	391	620
1700000103330	3598	-1685	626	809	273	527
1700000103340	3628	-1865	803	799	78	314
1700000103350	3611	-2089	886	715	-145	104
1700000103360	3499	-2315	968	675	-334	-141
1700000103370	3302	-2556	911	597	-494	-346
1700000103380	3177	-2767	904	473	-673	-583
1700000103390	2985	-2941	778	371	-815	-619
1700000103400	2855	-3118	576	245	-957	-663
1700000103410	2672	-3293	349	103	-1081	-645
1700000103420	2523	-3422	51	-39	-1100	-545
1700000103430	2382	-3454	-278	-229	-1099	-347
1700000103440	2264	-3522	-583	-388	-1207	-90
1700000103450	2120	-3510	-904	-555	-1148	159
1700000103460	1975	-3475	-905	-619	-1046	391
1700000103470	1811	-3397	-559	-712	-968	519
1700000103480	1592	-3331	-260	-823	-883	659
1700000103490	1383	-3208	105	-892	-727	683
1700000103500	1099	-3028	366	-886	-540	630
1700000103510	889	-2811	610	-892	-344	532
1700000103520	657	-2627	795	-945	-169	314
1700000103530	401	-2386	859	-873	20	116
1700000103540	202	-2187	995	-817	178	-119
1700000103550	78	-1935	958	-693	399	-379
1700000103560	9	-1709	902	-630	611	-467
1700000103570	17	-1524	758	-516	730	-635
1700000103580	101	-1346	590	-366	868	-733
1700000103590	307	-1201	410	-227	987	-673
1700000103600	638	-1091	82	-100	984	-539
1700000103610	961	-1035	-220	55	1078	-374
1700000103620	1340	-951	-499	218	1112	-111
1700000103630	1811	-916	-871	294	1023	70
1700000103640	2200	-957	-971	457	987	338
1700000103650	2608	-1004	-617	533	898	509
1700000103660	2924	-1108	-279	689	772	623
1700000103670	3225	-1223	34	738	644	683
1700000103680	3426	-1408	310	762	457	671
1700000103690	3599	-1549	564	766	296	564
1700000103700	3604	-1791	729	781	106	382
1700000103710	3631	-2031	836	762	-75	169
1700000103720	3532	-2234	946	713	-267	-96
1700000103730	3372	-2488	958	614	-446	-292
1700000103740	3200	-2669	934	512	-616	-492
1700000103750	3036	-2823	818	441	-801	-645
1700000103760	2885	-3041	641	267	-909	-681
1700000103770	2732	-3202	430	98	-1000	-675
1700000103780	2553	-3322	175	-47	-1084	-559
1700000103790	2427	-3456	-147	-191	-1146	-409
1700000103800	2270	-3554	-470	-301	-1159	-189
1700000103810	2168	-3515	-838	-418	-1130	33
1700000103820	2032	-3495	-1071	-590	-1126	291
1700000103830	1874	-3406	-701	-711	-1089	437
1700000103840	1659	-3370	-315	-813	-928	603
1700000103850	1504	-3247	-28	-865	-775	668
1700000103860	1271	-3109	263	-878	-597	655
1700000103870	1033	-2878	500	-890	-455	554
1700000103880	700	-2665	732	-902	-261	389
1700000103890	545	-2492	888	-886	-55	208
1700000103900	256	-2251	943	-843	142	-25
1700000103910	136	-2086	986	-785	328	-271
1700000103920	16	-1821	872	-682	499	-489
1700000103930	-8	-1637	831	-556	673	-589
1700000103940	60	-1404	694	-434	804	-703
1700000103950	254	-1238	460	-222	913	-659
1700000103960	531	-1111	220	-178	990	-617
1700000103970	846	-998	-78	21	1050	-426
1700000103980	1253	-972	-427	156	1035	-262
1700000103990	1629	-894	-726	289	1056	-4
1700000104000	2045	-952	-1111	408	1027	269
1700000104010	2493	-991	-733	516	939	458
1700000104020	2825	-1093	-398	599	833	615
1700000104030	3182	-1161	-54	702	672	662
1700000104040	3416	-1360	186	807	527	680
1700000104050	3535	-1500	475	786	381	609
1700000104060	3618	-1698	645	781	201	433
1700000104070	3578	-1923	837	735	-21	261
1700000104080	3548	-2167	928	693	-180	-2
1700000104090	3436	-2398	932	715	-385	-222
1700000104100	3287	-2600	907	523	-603	-427
1700000104110	3127	-2809	879	451	-739	-568
1700000104120	2993	-2980	642	320	-871	-723
1700000104130	2794	-3182	505	178	-973	-655
1700000104140	2649	-3316	232	44	-1099	-640
1700000104150	2471	-3365	-60	-112	-1150	-490
1700000104160	2365	-3508	-314	-280	-1198	-197
1700000104170	2213	-3548	-691	-376	-1171	-45
1700000104180	2112	-3536	-1063	-581	-1123	223
1700000104190	1945	-3465	-775	-628	-1032	391
1700000104200	1763	-3373	-450	-738	-956	565
1700000104210	1537	-3305	-162	-821	-789	661
1700000104220	1349	-3169	222	-887	-676	656
1700000104230	1081	-2962	425	-899	-465	600
1700000104240	851	-2766	638	-935	-287	491
1700000104250	595	-2546	776	-965	-74	299
1700000104260	314	-2367	909	-856	50	40
1700000104270	197	-2079	907	-816	267	-174
1700000104280	22	-1903	943	-697	441	-405
1700000104290	23	-1701	844	-646	574	-568
1700000104300	53	-1475	742	-503	764	-636
1700000104310	201	-1260	545	-345	865	-691
1700000104320	396	-1171	341	-179	985	-606
1700000104330	685	-1061	45	-19	1035	-494
1700000104340	1064	-962	-295	81	1049	-290
1700000104350	1464	-946	-571	249	1093	-76
1700000104360	1929	-925	-969	366	1025	160
1700000104370	2337	-948	-860	493	955	372
1700000104380	2702	-1028	-509	615	887	529
1700000104390	3016	-1136	-175	705	743	624
1700000104400	3284	-1330	132	757	586	675
1700000104410	3497	-1414	339	786	395	638
1700000104420	3618	-1671	595	747	256	490
1700000104430	3593	-1837	795	776	44	296
1700000104440	3589	-2094	900	711	-145	119
1700000104450	3480	-2295	939	658	-336	-145
1700000104460	3332	-2532	931	568	-495	-293
1700000104470	3157	-2749	881	440	-662	-529
1700000104480	3017	-2946	752	374	-803	-650
1700000104490	2807	-3096	612	230	-961	-704
1700000104500	2701	-3248	342	80	-1042	-641
1700000104510	2556	-3371	86	-58	-1146	-553
1700000104520	2395	-3436	-222	-206	-1198	-341
1700000104530	2244	-3512	-555	-351	-1124	-144
1700000104540	2126	-3506	-919	-516	-1094	135
1700000104550	1973	-3488	-954	-658	-1067	350
1700000104560	1837	-3413	-549	-683	-983	505
1700000104570	1642	-3319	-229	-799	-869	638
1700000104580	1418	-3199	27	-858	-702	713
1700000104590	1156	-3014	350	-937	-589	612
1700000104600	911	-2810	539	-955	-380	554
1700000104610	611	-2637	767	-932	-166	370
1700000104620	448	-2440	857	-940	21	123
1700000104630	188	-2176	952	-835	215	-153
1700000104640	76	-1986	921	-737	364	-335
1700000104650	75	-1773	937	-633	556	-489
1700000104660	-4	-1561	802	-554	680	-626
1700000104670	138	-1380	635	-413	818	-698
1700000104680	276	-1215	405	-248	918	-663
1700000104690	605	-1060	119	-144	1040	-547
1700000104700	940	-982	-130	46	1046	-363
1700000104710	1308	-944	-477	219	1026	-148
1700000104720	1755	-931	-844	318	1021	69
1700000104730	2162	-939	-1029	456	993	304
1700000104740	2599	-1004	-652	557	903	482
1700000104750	2975	-1091	-326	612	794	649
1700000104760	3200	-1215	15	697	689	702
1700000104770	3441	-1390	297	792	495	706
1700000104780	3527	-1565	520	800	348	588
1700000104790	3595	-1787	703	780	90	409
1700000104800	3582	-1991	833	763	-97	137
1700000104810	3529	-2253	946	679	-222	-66
1700000104820	3425	-2414	914	603	-426	-243
1700000104830	3232	-2638	875	532	-604	-503
1700000104840	3061	-2848	855	404	-772	-609
1700000104850	2893	-3066	632	323	-908	-686
1700000104860	2763	-3189	467	117	-1044	-633
1700000104870	2603	-3351	194	-6	-1085	-579
1700000104880	2387	-3445	-123	-166	-1161	-418
1700000104890	2317	-3491	-447	-272	-1119	-193
1700000104900	2186	-3522	-734	-438	-1113	48
1700000104910	2058	-3539	-1037	-547	-1110	241
1700000104920	1850	-3471	-716	-671	-1048	467
1700000104930	1674	-3372	-343	-795	-932	594
1700000104940	1453	-3258	-70	-845	-771	692
1700000104950	1266	-3096	218	-860	-636	674
1700000104960	1012	-2893	476	-923	-441	594
1700000104970	753	-2741	627	-944	-286	421
1700000104980	508	-2487	821	-933	-67	217
1700000104990	260	-2295	932	-879	112	0
1700000105000	74	-2095	925	-782	294	-261
1700000105010	10	-1851	968	-681	459	-434
1700000105020	4	-1630	887	-520	629	-618
1700000105030	65	-1410	704	-459	827	-650
1700000105040	249	-1244	452	-308	919	-665
1700000105050	472	-1096	264	-153	1007	-647
1700000105060	775	-1037	-28	-22	1045	-444
1700000105070	1157	-938	-406	128	1080	-226
1700000105080	1588	-899	-731	327	1026	-19
1700000105090	1995	-908	-1051	386	987	256
1700000105100	2481	-985	-762	583	986	424
1700000105110	2801	-1057	-458	634	837	595
1700000105120	3144	-1183	-87	689	701	711
1700000105130	3310	-1317	199	753	581	670
1700000105140	3478	-1479	419	812	405	640
1700000105150	3611	-1692	642	795	189	469
1700000105160	3597	-1891	797	793	23	273
1700000105170	3575	-2117	898	689	-211	31
1700000105180	3410	-2350	954	659	-408	-190
1700000105190	3302	-2547	935	558	-538	-400
1700000105200	3147	-2771	851	434	-718	-574
1700000105210	3000	-2961	693	360	-859	-697
1700000105220	2825	-3143	523	149	-991	-689
1700000105230	2621	-3240	279	49	-1080	-607
1700000105240	2503	-3392	-19	-90	-1155	-475
1700000105250	2384	-3511	-277	-253	-1198	-304
1700000105260	2195	-3553	-649	-349	-1140	-89
1700000105270	2117	-3529	-974	-494	-1109	156
1700000105280	1957	-3490	-871	-652	-1079	378
1700000105290	1772	-3390	-470	-740	-944	571
1700000105300	1586	-3324	-139	-795	-858	659
1700000105310	1358	-3174	127	-935	-695	714
1700000105320	1114	-2945	349	-904	-524	629
1700000105330	871	-2812	653	-908	-324	526
1700000105340	637	-2561	795	-936	-163	320
1700000105350	392	-2359	897	-868	74	62
1700000105360	201	-2138	975	-811	221	-133
1700000105370	37	-1902	918	-684	451	-387
1700000105380	-5	-1673	906	-631	579	-537
1700000105390	44	-1529	727	-486	738	-668
1700000105400	159	-1331	573	-328	806	-663
1700000105410	384	-1173	307	-227	947	-666
1700000105420	675	-1067	36	-62	1063	-498
1700000105430	1048	-980	-272	90	1064	-356
1700000105440	1408	-913	-565	212	1087	-95
1700000105450	1877	-907	-936	325	1061	90
1700000105460	2301	-976	-927	452	970	352
1700000105470	2732	-1034	-515	538	905	539
1700000105480	3039	-1116	-235	671	773	661
1700000105490	3263	-1273	62	754	664	741
1700000105500	3485	-1445	398	750	438	638
1700000105510	3580	-1628	568	792	271	500
1700000105520	3564	-1806	762	790	84	354
1700000105530	3601	-2031	926	747	-144	118
1700000105540	3491	-2271	936	701	-318	-152
1700000105550	3384	-2484	958	581	-467	-322
1700000105560	3195	-2715	878	461	-677	-495
1700000105570	3009	-2897	776	401	-841	-651
1700000105580	2823	-3092	610	261	-995	-690
1700000105590	2711	-3234	362	85	-1067	-653
1700000105600	2557	-3349	91	-73	-1175	-568
1700000105610	2410	-3452	-183	-186	-1150	-381
1700000105620	2308	-3522	-504	-352	-1136	-133
1700000105630	2132	-3528	-871	-490	-1114	79
1700000105640	2035	-3476	-945	-580	-1091	288
1700000105650	1848	-3418	-634	-710	-995	469
1700000105660	1629	-3321	-267	-792	-880	628
1700000105670	1434	-3247	46	-855	-734	709
1700000105680	1181	-3063	332	-867	-591	673
1700000105690	951	-2839	548	-961	-391	546
1700000105700	692	-2637	725	-905	-190	397
1700000105710	410	-2416	869	-859	-19	191
1700000105720	274	-2218	944	-808	213	-75
1700000105730	112	-1991	962	-759	349	-322
1700000105740	4	-1796	933	-664	547	-493
1700000105750	-9	-1573	773	-592	652	-638
1700000105760	141	-1385	650	-416	785	-681
1700000105770	326	-1244	434	-254	936	-636
1700000105780	579	-1076	161	-111	1012	-586
1700000105790	863	-1019	-178	79	1048	-410
1700000105800	1288	-924	-429	179	1090	-172
1700000105810	1716	-908	-779	329	1086	56
1700000105820	2111	-941	-1051	470	1005	269
1700000105830	2557	-983	-682	533	893	478
1700000105840	2928	-1089	-361	656	788	642
1700000105850	3185	-1225	18	703	644	628
1700000105860	3408	-1359	269	765	512	657
1700000105870	3601	-1538	489	792	324	575
1700000105880	3628	-1763	671	791	152	425
1700000105890	3586	-1964	854	778	-27	233
1700000105900	3534	-2193	932	689	-217	-41
1700000105910	3453	-2404	987	615	-381	-261
1700000105920	3264	-2655	947	523	-578	-463
1700000105930	3113	-2824	839	444	-766	-594
1700000105940	2895	-3041	695	322	-909	-644
1700000105950	2786	-3191	466	137	-1018	-680
1700000105960	2584	-3303	204	45	-1089	-603
1700000105970	2483	-3413	-85	-156	-1167	-461
1700000105980	2357	-3491	-420	-283	-1178	-260
1700000105990	2191	-3537	-755	-447	-1183	-23
1700000106000	2016	-3539	-1065	-550	-1125	219
1700000106010	1915	-3494	-750	-675	-1039	414
1700000106020	1745	-3380	-430	-768	-850	569
1700000106030	1476	-3268	-71	-881	-811	669
1700000106040	1215	-3080	195	-893	-639	711
1700000106050	1023	-2954	455	-899	-446	597
1700000106060	789	-2750	680	-919	-275	446
1700000106070	528	-2511	816	-877	-79	242
1700000106080	324	-2296	896	-838	117	-33
1700000106090	99	-2062	969	-795	301	-189
1700000106100	2	-1844	946	-693	463	-449
1700000106110	-30	-1611	855	-569	627	-581
1700000106120	45	-1438	693	-439	797	-670
1700000106130	191	-1324	467	-316	919	-648
1700000106140	420	-1169	281	-210	943	-627
1700000106150	756	-1063	1	-56	1021	-477
1700000106160	1166	-946	-329	160	1048	-287
1700000106170	1510	-902	-650	293	1015	-25
1700000106180	1964	-972	-1021	360	1042	185
1700000106190	2403	-947	-769	504	963	378
1700000106200	2758	-1018	-434	607	838	529
1700000106210	3078	-1149	-125	707	736	714
1700000106220	3335	-1303	159	772	585	667
1700000106230	3490	-1472	427	767	380	568
1700000106240	3592	-1653	606	820	226	488
1700000106250	3610	-1886	812	777	26	255
1700000106260	3537	-2105	942	719	-148	53
1700000106270	3473	-2335	976	687	-380	-169
1700000106280	3295	-2540	955	623	-551	-390
1700000106290	3124	-2763	844	485	-698	-569
1700000106300	2996	-2978	732	341	-813	-699
1700000106310	2833	-3139	554	201	-920	-685
1700000106320	2665	-3269	278	47	-1081	-615
1700000106330	2531	-3401	0	-95	-1112	-491
1700000106340	2414	-3530	-306	-226	-1162	-285
1700000106350	2274	-3474	-633	-360	-1182	-36
1700000106360	2100	-3515	-967	-506	-1182	140
1700000106370	2010	-3499	-874	-646	-1047	374
1700000106380	1765	-3458	-522	-764	-956	544
1700000106390	1570	-3331	-200	-809	-829	655
1700000106400	1386	-3154	130	-837	-700	677
1700000106410	1117	-2958	377	-949	-527	614
1700000106420	886	-2811	585	-895	-365	481
1700000106430	566	-2629	796	-911	-176	393
1700000106440	394	-2346	875	-892	56	117
1700000106450	169	-2157	965	-812	250	-119
1700000106460	64	-1917	965	-730	397	-340
1700000106470	-27	-1725	906	-638	562	-539
1700000106480	26	-1524	778	-512	696	-640
1700000106490	173	-1374	602	-342	876	-703
1700000106500	364	-1185	384	-242	974	-644
1700000106510	647	-1096	81	-61	1044	-535
1700000106520	1019	-996	-235	57	1097	-345
1700000106530	1398	-954	-535	211	1017	-107
1700000106540	1830	-935	-914	335	1019	102
1700000106550	2219	-962	-963	421	971	335
1700000106560	2635	-1028	-571	583	909	539
1700000106570	2981	-1109	-242	676	793	669
1700000106580	3266	-1260	75	708	638	660
1700000106590	3455	-1429	319	784	462	696
1700000106600	3554	-1571	604	832	277	523
1700000106610	3604	-1784	751	796	107	382
1700000106620	3564	-2033	876	750	-96	134
1700000106630	3481	-2227	957	692	-309	-103
1700000106640	3350	-2446	916	618	-526	-328
1700000106650	3226	-2687	899	533	-641	-503
1700000106660	3075	-2916	774	364	-832	-619
1700000106670	2866	-3090	619	236	-940	-672
1700000106680	2696	-3254	411	70	-1060	-684
1700000106690	2605	-3377	116	-7	-1106	-543
1700000106700	2439	-3415	-174	-176	-1129	-384
1700000106710	2284	-3464	-500	-310	-1200	-182
1700000106720	2174	-3565	-831	-445	-1163	20
1700000106730	2022	-3505	-996	-553	-1072	305
1700000106740	1848	-3412	-646	-714	-1006	501
1700000106750	1664	-3325	-310	-799	-923	642
1700000106760	1455	-3238	12	-859	-763	666
1700000106770	1202	-3067	276	-913	-577	690
1700000106780	955	-2909	532	-948	-382	554
1700000106790	710	-2689	719	-944	-260	404
1700000106800	457	-2481	841	-957	0	194
1700000106810	257	-2253	959	-853	136	-51
1700000106820	138	-1980	953	-750	353	-242
1700000106830	-6	-1815	918	-681	548	-465
1700000106840	30	-1601	849	-531	687	-617
1700000106850	76	-1398	682	-416	847	-722
1700000106860	276	-1274	415	-283	930	-675
1700000106870	571	-1125	157	-138	1003	-597
1700000106880	864	-1035	-105	8	1076	-413
1700000106890	1249	-943	-422	206	1033	-220
1700000106900	1648	-938	-802	303	1068	26
1700000106910	2108	-944	-1067	402	998	221
1700000106920	2522	-1001	-720	524	941	493
1700000106930	2849	-1063	-385	583	810	597
1700000106940	3188	-1201	-35	735	649	671
1700000106950	3355	-1363	216	762	482	650
1700000106960	3518	-1533	538	812	352	592
1700000106970	3614	-1704	698	812	182	469
1700000106980	3605	-1947	794	807	-26	272
1700000106990	3544	-2191	952	711	-237	-3
1700000107000	3433	-2429	954	626	-401	-222
1700000107010	3312	-2597	887	550	-630	-443
1700000107020	3052	-2834	817	441	-748	-602
1700000107030	2931	-2947	707	308	-912	-649
1700000107040	2755	-3197	499	184	-1028	-704
1700000107050	2598	-3332	276	36	-1089	-599
1700000107060	2456	-3381	-27	-135	-1155	-462
1700000107070	2338	-3459	-382	-298	-1155	-263
1700000107080	2236	-3550	-759	-387	-1132	-5
1700000107090	2076	-3533	-1062	-553	-1136	188
1700000107100	1927	-3490	-782	-659	-1054	410
1700000107110	1772	-3380	-471	-739	-952	592
1700000107120	1516	-3298	-116	-874	-812	647
1700000107130	1300	-3148	164	-906	-634	706
1700000107140	1055	-2946	422	-936	-496	605
1700000107150	757	-2736	664	-942	-238	464
1700000107160	523	-2550	827	-933	-110	240
1700000107170	273	-2303	925	-839	84	14
1700000107180	150	-2094	979	-795	276	-231
1700000107190	24	-1845	928	-683	464	-399
1700000107200	24	-1631	866	-615	574	-556
1700000107210	41	-1500	756	-474	828	-618
1700000107220	180	-1308	532	-362	862	-714
1700000107230	398	-1117	271	-226	996	-596
1700000107240	747	-1010	-11	-65	1043	-488
1700000107250	1085	-958	-350	101	1080	-297
1700000107260	1540	-922	-655	268	1057	-37
1700000107270	1946	-892	-1018	385	1076	168
1700000107280	2357	-973	-799	484	928	391
1700000107290	2747	-1014	-506	603	862	526
1700000107300	3076	-1138	-154	669	748	641
1700000107310	3316	-1310	156	800	586	628
1700000107320	3489	-1438	371	794	441	569
1700000107330	3589	-1679	640	806	227	519
1700000107340	3637	-1872	792	747	19	318
1700000107350	3581	-2037	884	724	-161	93
1700000107360	3463	-2298	959	646	-333	-135
1700000107370	3330	-2518	933	587	-535	-346
1700000107380	3170	-2733	835	477	-697	-549
1700000107390	3015	-2881	788	394	-849	-622
1700000107400	2817	-3127	567	234	-978	-734
1700000107410	2688	-3253	345	79	-1040	-643
1700000107420	2540	-3339	51	-47	-1137	-469
1700000107430	2425	-3487	-248	-187	-1167	-323
1700000107440	2263	-3524	-548	-332	-1171	-111
1700000107450	2110	-3505	-932	-471	-1136	157
1700000107460	1957	-3509	-906	-607	-1047	381
1700000107470	1828	-3437	-541	-704	-976	511
1700000107480	1577	-3305	-211	-784	-860	663
1700000107490	1356	-3198	90	-893	-713	667
1700000107500	1147	-3000	342	-920	-558	604
1700000107510	883	-2849	590	-928	-336	544
1700000107520	596	-2624	752	-959	-171	334
1700000107530	372	-2404	904	-903	-7	117
1700000107540	168	-2176	946	-816	194	-119
1700000107550	112	-1978	950	-712	411	-335
1700000107560	8	-1702	901	-688	586	-542
1700000107570	-11	-1532	741	-522	714	-644
1700000107580	118	-1384	589	-357	859	-732
1700000107590	323	-1197	410	-283	965	-662
1700000107600	596	-1066	112	-72	1005	-522
1700000107610	940	-954	-205	48	1072	-395
1700000107620	1355	-947	-543	159	1047	-171
1700000107630	1746	-941	-870	361	1040	96
1700000107640	2192	-981	-971	459	1009	312
1700000107650	2633	-1009	-604	540	923	503
1700000107660	2951	-1099	-279	668	776	632
1700000107670	3243	-1246	28	729	626	691
1700000107680	3423	-1395	295	760	451	643
1700000107690	3542	-1583	561	800	314	537
1700000107700	3638	-1798	714	785	126	398
1700000107710	3576	-1997	882	765	-58	143
1700000107720	3489	-2223	928	706	-251	-60
1700000107730	3411	-2463	949	587	-462	-331
1700000107740	3247	-2644	918	532	-645	-441
1700000107750	3045	-2849	781	399	-780	-616
1700000107760	2880	-3044	620	263	-944	-717
1700000107770	2753	-3248	425	180	-1030	-659
1700000107780	2559	-3324	142	-20	-1055	-593
1700000107790	2410	-3411	-91	-156	-1118	-449
1700000107800	2317	-3484	-447	-308	-1147	-233
1700000107810	2221	-3535	-827	-477	-1132	60
1700000107820	2043	-3490	-1032	-595	-1079	288
1700000107830	1852	-3443	-671	-684	-1023	472
1700000107840	1696	-3349	-315	-812	-913	613
1700000107850	1440	-3207	-10	-865	-748	674
1700000107860	1230	-3073	293	-864	-603	664
1700000107870	982	-2884	496	-911	-453	544
1700000107880	721	-2732	737	-935	-222	376
1700000107890	465	-2485	859	-849	-49	177
1700000107900	307	-2254	932	-873	184	-65
1700000107910	123	-2072	939	-789	296	-227
1700000107920	0	-1802	943	-683	531	-469
1700000107930	19	-1557	787	-560	620	-582
1700000107940	81	-1470	679	-356	821	-712
1700000107950	244	-1248	489	-253	902	-691
1700000107960	486	-1160	237	-154	1027	-607
1700000107970	876	-1016	-92	-24	1061	-484
1700000107980	1218	-988	-412	128	1050	-228
1700000107990	1597	-919	-757	339	1063	-15
1700000108000	2081	-954	-1056	399	1009	229
1700000108010	2435	-947	-780	562	950	506
1700000108020	2828	-1072	-390	664	880	587
1700000108030	3161	-1222	-112	709	690	708
1700000108040	3371	-1340	199	772	552	676
1700000108050	3536	-1475	467	806	382	578
1700000108060	3609	-1678	677	792	179	464
1700000108070	3616	-1906	795	762	-20	219
1700000108080	3623	-2099	927	708	-226	26
1700000108090	3427	-2348	952	640	-354	-209
1700000108100	3253	-2618	952	566	-609	-422
1700000108110	3120	-2826	833	462	-709	-607
1700000108120	2935	-3019	713	308	-881	-670
1700000108130	2804	-3197	525	165	-971	-661
1700000108140	2568	-3321	274	37	-1082	-610
1700000108150	2488	-3429	36	-108	-1140	-521
1700000108160	2350	-3476	-295	-262	-1161	-269
1700000108170	2210	-3544	-679	-405	-1188	-51
1700000108180	2112	-3488	-1060	-497	-1087	242
1700000108190	1957	-3519	-800	-629	-990	425
1700000108200	1780	-3407	-450	-750	-953	529
1700000108210	1557	-3278	-100	-856	-814	670
1700000108220	1380	-3162	159	-880	-641	637
1700000108230	1055	-2934	428	-928	-484	643
1700000108240	798	-2749	647	-938	-330	485
1700000108250	550	-2561	806	-897	-110	300
1700000108260	331	-2327	926	-910	58	47
1700000108270	174	-2094	995	-833	290	-171
1700000108280	18	-1845	947	-716	458	-403
1700000108290	-28	-1699	874	-634	634	-566
1700000108300	61	-1477	724	-449	758	-672
1700000108310	213	-1338	556	-355	844	-689
1700000108320	393	-1149	277	-199	948	-609
1700000108330	728	-1060	18	-72	1017	-525
1700000108340	1113	-993	-317	104	1090	-315
1700000108350	1471	-926	-615	243	1057	-73
1700000108360	1908	-896	-961	383	1050	145
1700000108370	2318	-969	-875	512	998	367
1700000108380	2714	-1006	-530	560	866	527
1700000108390	3026	-1172	-203	653	764	656
1700000108400	3306	-1272	116	768	607	703
1700000108410	3490	-1476	358	771	435	650
1700000108420	3623	-1657	624	750	231	487
1700000108430	3609	-1856	762	765	29	350
1700000108440	3552	-2050	873	801	-153	114
1700000108450	3478	-2286	912	717	-333	-135
1700000108460	3350	-2491	955	604	-533	-332
1700000108470	3166	-2710	860	518	-683	-551
1700000108480	3053	-2933	748	380	-842	-671
1700000108490	2833	-3118	627	228	-942	-728
1700000108500	2681	-3257	396	70	-1052	-654
1700000108510	2581	-3407	57	-51	-1114	-503
1700000108520	2436	-3456	-220	-191	-1152	-319
1700000108530	2289	-3472	-572	-374	-1170	-132
1700000108540	2101	-3485	-922	-498	-1145	99
1700000108550	1984	-3507	-921	-620	-1118	294
1700000108560	1831	-3481	-565	-718	-993	505
1700000108570	1666	-3309	-232	-828	-863	649
1700000108580	1420	-3240	67	-860	-744	673
1700000108590	1199	-3044	333	-936	-544	668
1700000108600	933	-2834	565	-892	-361	537
1700000108610	643	-2688	769	-908	-203	361
1700000108620	435	-2416	851	-854	-11	110
1700000108630	198	-2284	961	-829	208	-112
1700000108640	66	-1992	960	-756	378	-308
1700000108650	-2	-1743	932	-674	594	-499
1700000108660	31	-1532	808	-546	717	-642
1700000108670	143	-1355	606	-413	852	-679
1700000108680	297	-1219	407	-262	947	-673
1700000108690	560	-1113	114	-129	1032	-601
1700000108700	955	-993	-118	84	1076	-356
1700000108710	1348	-930	-458	171	1067	-188
1700000108720	1734	-932	-856	305	1047	59
1700000108730	2136	-967	-1000	434	1017	239
1700000108740	2573	-988	-628	577	894	500
1700000108750	2908	-1111	-308	690	817	576
1700000108760	3211	-1237	-30	739	678	723
1700000108770	3436	-1410	313	776	518	642
1700000108780	3556	-1562	526	796	343	612
1700000108790	3596	-1746	728	782	106	391
1700000108800	3597	-1976	850	775	-91	184
1700000108810	3522	-2164	908	679	-291	-48
1700000108820	3379	-2439	969	637	-428	-233
1700000108830	3288	-2657	970	530	-660	-459
1700000108840	3072	-2858	824	394	-804	-610
1700000108850	2936	-3057	650	327	-900	-677
1700000108860	2749	-3198	451	187	-1049	-638
1700000108870	2577	-3365	197	13	-1117	-606
1700000108880	2481	-3439	-92	-151	-1149	-437
1700000108890	2307	-3487	-491	-295	-1125	-202
1700000108900	2191	-3568	-759	-432	-1169	25
1700000108910	2021	-3515	-1057	-553	-1069	219
1700000108920	1889	-3451	-729	-711	-1061	411
1700000108930	1688	-3359	-373	-820	-897	615
1700000108940	1498	-3255	-26	-826	-804	650
1700000108950	1271	-3081	252	-895	-601	634
1700000108960	1022	-2902	484	-929	-445	567
1700000108970	772	-2714	680	-937	-291	446
1700000108980	508	-2499	821	-883	-48	265
1700000108990	270	-2286	892	-851	103	-36
1700000109000	151	-2030	943	-766	301	-240
1700000109010	23	-1838	923	-684	462	-413
1700000109020	4	-1640	836	-605	636	-621
1700000109030	86	-1435	706	-479	778	-720
1700000109040	226	-1280	476	-278	936	-687
1700000109050	443	-1092	262	-165	1035	-692
1700000109060	740	-1025	-70	-29	1079	-451
1700000109070	1189	-923	-333	122	1065	-241
1700000109080	1570	-876	-708	281	1071	-9
1700000109090	2014	-922	-1025	417	1001	226
1700000109100	2434	-963	-788	523	917	423
1700000109110	2809	-1026	-426	631	849	569
1700000109120	3122	-1191	-117	695	702	620
1700000109130	3392	-1335	190	785	547	696
1700000109140	3517	-1503	493	754	408	606
1700000109150	3614	-1689	688	816	182	468
1700000109160	3656	-1884	815	781	23	250
1700000109170	3522	-2096	911	716	-227	27
1700000109180	3455	-2353	981	683	-392	-232
1700000109190	3350	-2609	935	547	-524	-430
1700000109200	3155	-2797	833	515	-777	-618
1700000109210	2964	-3007	754	333	-856	-637
1700000109220	2783	-3111	504	199	-973	-665
1700000109230	2594	-3309	321	57	-1101	-645
1700000109240	2516	-3371	-13	-106	-1149	-502
1700000109250	2381	-3439	-304	-226	-1152	-310
1700000109260	2224	-3586	-682	-399	-1137	-66
1700000109270	2083	-3503	-1003	-512	-1113	139
1700000109280	1895	-3474	-817	-619	-1066	397
1700000109290	1761	-3411	-504	-749	-996	564
1700000109300	1572	-3314	-186	-851	-814	697
1700000109310	1319	-3140	148	-893	-686	656
1700000109320	1073	-2985	395	-902	-459	651
1700000109330	853	-2807	615	-921	-278	500
1700000109340	578	-2574	788	-909	-111	307
1700000109350	361	-2394	887	-897	18	84
1700000109360	196	-2128	920	-795	227	-145
1700000109370	48	-1915	947	-756	432	-328
1700000109380	-37	-1711	904	-602	597	-545
1700000109390	18	-1501	752	-526	741	-664
1700000109400	143	-1313	540	-377	869	-679
1700000109410	342	-1213	328	-238	950	-644
1700000109420	731	-1064	74	-70	1038	-506
1700000109430	1043	-980	-284	59	1043	-343
1700000109440	1465	-933	-593	226	1075	-128
1700000109450	1869	-951	-911	330	1003	109
1700000109460	2314	-971	-896	492	969	350
1700000109470	2697	-1032	-559	559	867	528
1700000109480	3043	-1117	-234	663	746	612
1700000109490	3274	-1289	77	746	587	707
1700000109500	3433	-1451	318	781	390	641
1700000109510	3565	-1659	611	831	287	542
1700000109520	3622	-1791	796	775	49	388
1700000109530	3596	-2038	908	752	-150	182
1700000109540	3536	-2238	940	688	-289	-77
1700000109550	3342	-2526	955	604	-524	-321
1700000109560	3196	-2698	885	493	-684	-504
1700000109570	3036	-2881	773	405	-815	-628
1700000109580	2884	-3096	597	231	-931	-700
1700000109590	2678	-3247	368	136	-1009	-612
1700000109600	2525	-3352	116	-50	-1120	-541
1700000109610	2436	-3461	-176	-224	-1163	-373
1700000109620	2286	-3468	-526	-351	-1139	-162
1700000109630	2178	-3514	-836	-471	-1150	105
1700000109640	2015	-3487	-963	-616	-1082	331
1700000109650	1804	-3447	-630	-729	-965	507
1700000109660	1641	-3329	-268	-801	-879	625
1700000109670	1434	-3212	27	-859	-751	707
1700000109680	1159	-3063	310	-892	-576	626
1700000109690	911	-2889	578	-934	-383	567
1700000109700	710	-2643	749	-926	-173	347
1700000109710	485	-2439	873	-919	-49	175
1700000109720	238	-2251	972	-800	147	-100
1700000109730	86	-1984	956	-753	326	-314
1700000109740	-31	-1778	902	-665	532	-488
1700000109750	-8	-1616	796	-545	721	-639
1700000109760	117	-1381	647	-439	835	-702
1700000109770	266	-1245	424	-241	959	-689
1700000109780	519	-1100	149	-126	1004	-572
1700000109790	871	-981	-157	8	1054	-378
1700000109800	1299	-935	-473	163	1068	-166
1700000109810	1724	-943	-811	322	1056	16
1700000109820	2121	-917	-1042	474	972	265
1700000109830	2543	-1021	-643	538	907	511
1700000109840	2890	-1079	-353	658	789	627
1700000109850	3216	-1224	15	715	641	698
1700000109860	3439	-1367	241	794	522	645
1700000109870	3565	-1549	552	806	328	590
1700000109880	3649	-1750	701	784	162	455
1700000109890	3652	-1936	882	776	-39	243
1700000109900	3509	-2194	903	680	-273	-42
1700000109910	3439	-2408	942	610	-444	-251
1700000109920	3273	-2636	882	493	-661	-455
1700000109930	3073	-2832	802	444	-726	-594
1700000109940	2913	-3020	668	288	-866	-644
1700000109950	2746	-3170	473	143	-996	-666
1700000109960	2600	-3283	257	21	-1113	-613
1700000109970	2466	-3403	-56	-177	-1149	-470
1700000109980	2299	-3507	-395	-297	-1174	-222
1700000109990	2242	-3507	-733	-402	-1122	5
1700000110000	2058	-3496	-1061	-578	-1137	205
1700000110010	1928	-3457	-745	-674	-1032	419
1700000110020	1694	-3322	-394	-772	-908	592
1700000110030	1483	-3298	-73	-843	-820	674
1700000110040	1278	-3097	238	-913	-641	667
1700000110050	1049	-2945	475	-927	-497	579
1700000110060	731	-2693	669	-917	-266	496
1700000110070	473	-2490	811	-916	-105	268
1700000110080	291	-2291	925	-862	72	-1
1700000110090	140	-2078	969	-756	303	-189
1700000110100	6	-1818	931	-701	475	-419
1700000110110	2	-1605	834	-552	632	-598
1700000110120	53	-1473	694	-433	700	-667
1700000110130	159	-1273	516	-292	877	-670
1700000110140	424	-1139	296	-155	992	-585
1700000110150	717	-1020	10	-32	1021	-458
1700000110160	1153	-965	-352	142	1047	-273
1700000110170	1563	-940	-664	256	1090	-33
1700000110180	1966	-921	-989	354	1014	179
1700000110190	2406	-967	-807	487	956	393
1700000110200	2764	-1034	-414	616	878	571
1700000110210	3086	-1190	-121	707	695	627
1700000110220	3343	-1315	185	728	584	679
1700000110230	3576	-1491	430	783	398	605
1700000110240	3591	-1700	665	780	215	472
1700000110250	3600	-1890	802	781	11	273
1700000110260	3552	-2084	911	754	-170	68
1700000110270	3455	-2323	938	680	-353	-176
1700000110280	3335	-2531	941	617	-571	-405
1700000110290	3163	-2735	841	457	-700	-517
1700000110300	2997	-2941	785	327	-820	-649
1700000110310	2816	-3078	523	190	-972	-707
1700000110320	2644	-3299	293	70	-1079	-604
1700000110330	2511	-3398	-3	-122	-1116	-504
1700000110340	2401	-3476	-243	-218	-1200	-334
1700000110350	2236	-3487	-622	-419	-1175	-35
1700000110360	2128	-3529	-966	-507	-1117	150
1700000110370	1950	-3471	-897	-632	-1064	355
1700000110380	1782	-3436	-549	-749	-979	544
1700000110390	1611	-3311	-185	-838	-842	689
1700000110400	1373	-3133	127	-900	-637	718
1700000110410	1085	-3029	371	-958	-519	624
1700000110420	889	-2820	618	-923	-357	493
1700000110430	605	-2602	811	-942	-196	342
1700000110440	353	-2391	887	-896	47	80
1700000110450	205	-2145	926	-828	261	-94
1700000110460	71	-1931	944	-690	399	-337
1700000110470	-6	-1736	902	-633	570	-500
1700000110480	41	-1518	755	-474	704	-655
1700000110490	116	-1386	589	-379	835	-647
1700000110500	354	-1204	353	-209	975	-646
1700000110510	671	-1087	60	-87	1029	-508
1700000110520	995	-982	-196	91	1102	-357
1700000110530	1385	-932	-522	196	1062	-133
1700000110540	1818	-981	-901	324	1025	90
1700000110550	2269	-961	-931	495	981	370
1700000110560	2659	-1052	-555	545	913	523
1700000110570	2966	-1120	-250	679	737	624
1700000110580	3253	-1254	54	747	600	721
1700000110590	3458	-1427	337	751	402	641
1700000110600	3539	-1591	551	778	244	533
1700000110610	3616	-1819	744	723	76	378
1700000110620	3584	-2024	872	758	-107	166
1700000110630	3497	-2217	983	667	-320	-75
1700000110640	3350	-2468	949	638	-487	-297
1700000110650	3162	-2705	937	542	-674	-503
1700000110660	3043	-2918	763	427	-787	-639
1700000110670	2883	-3064	582	240	-906	-707
1700000110680	2766	-3222	417	141	-1054	-666
1700000110690	2572	-3365	133	-48	-1131	-573
1700000110700	2403	-3421	-132	-189	-1144	-418
1700000110710	2275	-3496	-533	-328	-1122	-153
1700000110720	2114	-3546	-872	-506	-1146	36
1700000110730	2036	-3504	-991	-552	-1114	294
1700000110740	1854	-3424	-676	-708	-974	483
1700000110750	1634	-3351	-285	-807	-860	616
1700000110760	1451	-3263	21	-866	-718	698
1700000110770	1192	-3044	305	-897	-575	669
1700000110780	966	-2878	543	-948	-407	576
1700000110790	684	-2667	750	-910	-241	398
1700000110800	456	-2464	862	-902	-5	195
1700000110810	247	-2240	931	-841	115	-62
1700000110820	79	-2012	966	-774	393	-292
1700000110830	28	-1791	881	-627	509	-506
1700000110840	40	-1584	789	-559	693	-623
1700000110850	111	-1394	670	-407	850	-686
1700000110860	264	-1264	407	-299	939	-693
1700000110870	527	-1101	179	-133	1023	-575
1700000110880	886	-1030	-95	44	1047	-404
1700000110890	1242	-927	-446	160	1075	-244
1700000110900	1688	-947	-796	304	1059	28
1700000110910	2075	-943	-1096	456	1030	286
1700000110920	2532	-976	-705	552	926	481
1700000110930	2863	-1105	-396	634	856	614
1700000110940	3179	-1229	-78	658	693	700
1700000110950	3432	-1362	271	761	473	701
1700000110960	3518	-1521	498	755	356	596
1700000110970	3581	-1713	717	836	177	429
1700000110980	3607	-1937	833	777	-16	206
1700000110990	3535	-2146	897	736	-244	11
1700000111000	3423	-2405	990	610	-410	-213
1700000111010	3293	-2614	946	520	-570	-445
1700000111020	3116	-2780	812	445	-748	-603
1700000111030	2930	-3014	665	283	-882	-685
1700000111040	2778	-3191	490	202	-1003	-674
1700000111050	2627	-3299	243	21	-1075	-607
1700000111060	2505	-3434	-61	-139	-1150	-442
1700000111070	2346	-3506	-339	-274	-1220	-276
1700000111080	2190	-3503	-720	-406	-1208	-1
1700000111090	2124	-3518	-1043	-588	-1064	221
1700000111100	1905	-3450	-802	-662	-1042	444
1700000111110	1779	-3397	-419	-750	-958	613
1700000111120	1526	-3264	-116	-831	-808	658
1700000111130	1281	-3126	181	-898	-646	670
1700000111140	1070	-2974	425	-913	-465	639
1700000111150	779	-2726	670	-942	-303	451
1700000111160	581	-2506	804	-928	-107	264
1700000111170	332	-2288	940	-856	74	75
1700000111180	182	-2086	915	-786	237	-196
1700000111190	42	-1862	994	-666	486	-430
1700000111200	-10	-1657	843	-601	623	-522
1700000111210	0	-1465	728	-523	776	-636
1700000111220	197	-1304	542	-380	863	-686
1700000111230	420	-1161	282	-206	989	-639
1700000111240	724	-1044	54	-50	1068	-529
1700000111250	1130	-966	-316	115	1059	-321
1700000111260	1499	-945	-645	258	1074	-127
1700000111270	1962	-911	-1019	350	1044	174
1700000111280	2378	-931	-849	498	977	387
1700000111290	2737	-1045	-476	617	887	552
1700000111300	3025	-1184	-148	648	758	637
1700000111310	3325	-1220	156	713	588	684
1700000111320	3479	-1482	431	757	411	633
1700000111330	3583	-1666	620	800	260	489
1700000111340	3623	-1888	769	782	56	300
1700000111350	3576	-2096	906	706	-132	63
1700000111360	3452	-2304	941	686	-322	-152
1700000111370	3297	-2517	929	575	-541	-384
1700000111380	3205	-2704	907	462	-705	-568
1700000111390	3005	-2960	737	332	-830	-655
1700000111400	2780	-3100	624	225	-969	-716
1700000111410	2655	-3241	341	103	-1054	-661
1700000111420	2497	-3440	71	-82	-1125	-490
1700000111430	2408	-3424	-262	-226	-1154	-308
1700000111440	2262	-3540	-622	-379	-1171	-112
1700000111450	2138	-3519	-955	-511	-1120	148
1700000111460	1980	-3513	-895	-598	-1063	382
1700000111470	1773	-3430	-568	-713	-980	561
1700000111480	1608	-3334	-248	-837	-843	634
1700000111490	1417	-3185	112	-872	-698	722
1700000111500	1155	-3043	340	-943	-521	622
1700000111510	840	-2838	577	-901	-347	543
1700000111520	621	-2613	725	-910	-182	350
1700000111530	414	-2436	883	-893	47	148
1700000111540	195	-2165	991	-843	195	-131
1700000111550	29	-1989	941	-715	432	-344
1700000111560	-43	-1748	922	-648	543	-485
1700000111570	-21	-1517	774	-543	712	-619
1700000111580	84	-1334	596	-369	815	-737
1700000111590	338	-1221	375	-223	942	-648
1700000111600	644	-1052	139	-86	1037	-537
1700000111610	949	-986	-159	57	1005	-410
1700000111620	1353	-933	-512	140	1090	-177
1700000111630	1766	-877	-842	314	1045	99
1700000111640	2190	-921	-957	486	987	334
1700000111650	2580	-993	-613	571	906	489
1700000111660	2957	-1119	-264	681	763	602
1700000111670	3244	-1255	34	735	635	695
1700000111680	3433	-1409	330	775	463	646
1700000111690	3551	-1592	490	795	285	594
1700000111700	3580	-1813	752	790	97	376
1700000111710	3643	-2041	903	738	-65	189
1700000111720	3476	-2255	933	661	-276	-56
1700000111730	3382	-2405	1009	595	-432	-300
1700000111740	3244	-2660	910	538	-609	-487
1700000111750	3086	-2902	797	397	-837	-621
1700000111760	2900	-3046	623	269	-922	-673
1700000111770	2771	-3200	418	106	-1053	-688
1700000111780	2581	-3357	172	-15	-1119	-564
1700000111790	2404	-3465	-96	-177	-1142	-427
1700000111800	2347	-3505	-465	-352	-1182	-218
1700000111810	2180	-3527	-798	-448	-1126	54
1700000111820	2026	-3485	-1046	-614	-1091	271
1700000111830	1918	-3498	-716	-685	-1017	507
1700000111840	1671	-3406	-366	-804	-898	625
1700000111850	1418	-3237	-6	-834	-796	679
1700000111860	1269	-3064	277	-883	-619	627
1700000111870	1020	-2909	504	-969	-381	586
1700000111880	742	-2700	712	-931	-215	422
1700000111890	469	-2462	822	-901	-57	222
1700000111900	278	-2271	946	-840	126	-10
1700000111910	115	-2031	958	-752	339	-273
1700000111920	-3	-1820	902	-676	487	-438
1700000111930	-17	-1625	849	-573	685	-622
1700000111940	51	-1464	631	-450	778	-699
1700000111950	263	-1240	482	-274	888	-664
1700000111960	473	-1095	229	-126	994	-592
1700000111970	836	-1034	-62	6	1047	-444
1700000111980	1225	-962	-411	142	1074	-222
1700000111990	1617	-932	-757	321	1032	43
1700000112000	1937	-2201	-153	-49	-51	-4
1700000112010	1941	-2208	-143	-55	-44	-9
1700000112020	1936	-2200	-151	-46	-37	-9
1700000112030	1938	-2199	-151	-45	-37	-4
1700000112040	1939	-2196	-148	-43	-47	-4
1700000112050	1938	-2199	-156	-51	-40	-4
1700000112060	1939	-2199	-160	-54	-55	-1
1700000112070	1941	-2191	-154	-37	-42	0
1700000112080	1939	-2200	-139	-43	-36	-8
1700000112090	1930	-2188	-154	-48	-49	-7
1700000112100	1934	-2204	-145	-53	-34	6
1700000112110	1934	-2198	-155	-57	-31	12
1700000112120	1929	-2191	-147	-48	-40	1
1700000112130	1928	-2192	-145	-40	-46	8
1700000112140	1943	-2196	-155	-48	-52	0
1700000112150	1936	-2195	-144	-56	-36	-15
1700000112160	1947	-2203	-149	-59	-42	0
1700000112170	1929	-2196	-145	-48	-41	5
1700000112180	1935	-2205	-144	-29	-36	2
1700000112190	1931	-2202	-152	-48	-32	-4
1700000112200	1939	-2198	-148	-56	-46	-2
1700000112210	1933	-2197	-151	-42	-52	12
1700000112220	1933	-2193	-157	-42	-46	5
1700000112230	1930	-2192	-144	-33	-40	-7
1700000112240	1926	-2189	-143	-53	-47	4
1700000112250	1933	-2193	-146	-55	-44	2
1700000112260	1927	-2197	-144	-57	-54	-8
1700000112270	1942	-2195	-145	-40	-52	-7
1700000112280	1930	-2189	-142	-42	-52	5
1700000112290	1920	-2196	-152	-46	-42	5
1700000112300	1921	-2191	-143	-45	-40	-1
1700000112310	1917	-2189	-146	-51	-47	-5
1700000112320	1920	-2194	-141	-54	-48	-1
1700000112330	1921	-2196	-152	-45	-43	0
1700000112340	1922	-2185	-146	-49	-40	1
1700000112350	1923	-2183	-136	-55	-42	5
1700000112360	1918	-2189	-148	-52	-50	-3
1700000112370	1914	-2186	-143	-57	-43	4
1700000112380	1915	-2191	-162	-44	-49	5
1700000112390	1923	-2187	-153	-44	-52	-1
1700000112400	1918	-2185	-142	-52	-53	2
1700000112410	1921	-2189	-149	-50	-46	0
1700000112420	1921	-2177	-146	-45	-50	-6
1700000112430	1922	-2186	-137	-55	-51	7
1700000112440	1915	-2195	-142	-48	-47	3
1700000112450	1910	-2186	-152	-45	-51	1
1700000112460	1914	-2180	-147	-40	-47	8
1700000112470	1915	-2188	-145	-44	-61	7
1700000112480	1912	-2186	-146	-42	-49	7
1700000112490	1914	-2183	-145	-44	-47	0
1700000112500	1920	-2181	-139	-61	-43	-3
1700000112510	1913	-2191	-141	-58	-47	5
1700000112520	1921	-2190	-147	-45	-44	4
1700000112530	1910	-2189	-159	-53	-50	2
1700000112540	1912	-2194	-149	-50	-38	4
1700000112550	1915	-2180	-152	-52	-50	5
1700000112560	1908	-2178	-144	-55	-47	8
1700000112570	1909	-2191	-145	-53	-51	7
1700000112580	1909	-2187	-140	-49	-47	3
1700000112590	1905	-2191	-149	-53	-46	2
1700000112600	1902	-2186	-145	-58	-61	-3
1700000112610	1911	-2192	-145	-47	-49	1
1700000112620	1912	-2191	-153	-45	-54	2
1700000112630	1913	-2189	-152	-53	-51	3
1700000112640	1897	-2172	-151	-32	-51	23
1700000112650	1900	-2181	-141	-45	-48	-1
1700000112660	1906	-2184	-145	-44	-66	3
1700000112670	1907	-2208	-140	-37	-50	14
1700000112680	1907	-2183	-143	-53	-54	18
1700000112690	1907	-2196	-147	-54	-53	21
1700000112700	1911	-2189	-140	-49	-50	3
1700000112710	1907	-2191	-137	-44	-52	-4
1700000112720	1905	-2191	-141	-52	-55	17
1700000112730	1900	-2186	-152	-55	-50	14
1700000112740	1892	-2182	-136	-45	-52	1
1700000112750	1908	-2176	-145	-49	-44	8
1700000112760	1897	-2181	-131	-47	-42	13
1700000112770	1898	-2194	-142	-45	-65	3
1700000112780	1891	-2176	-140	-55	-52	7
1700000112790	1893	-2191	-126	-53	-48	14
1700000112800	1890	-2188	-142	-41	-51	10
1700000112810	1891	-2187	-136	-49	-47	1
1700000112820	1897	-2185	-143	-40	-58	11
1700000112830	1894	-2186	-131	-45	-56	2
1700000112840	1900	-2184	-135	-56	-53	2
1700000112850	1898	-2187	-135	-49	-42	6
1700000112860	1899	-2169	-140	-50	-58	7
1700000112870	1896	-2188	-137	-55	-53	-5
1700000112880	1884	-2176	-134	-44	-64	1
1700000112890	1888	-2188	-133	-48	-57	20
1700000112900	1900	-2187	-134	-61	-59	1
1700000112910	1894	-2179	-132	-57	-50	4
1700000112920	1893	-2192	-144	-53	-58	16
1700000112930	1879	-2183	-128	-54	-60	13
1700000112940	1906	-2177	-138	-56	-44	21
1700000112950	1901	-2191	-137	-48	-53	10
1700000112960	1887	-2178	-140	-51	-58	7
1700000112970	1883	-2189	-127	-55	-54	8
1700000112980	1894	-2191	-128	-56	-47	17
1700000112990	1894	-2189	-136	-52	-67	5
1700000113000	1896	-2188	-137	-44	-69	9
1700000113010	1884	-2178	-126	-58	-44	9
1700000113020	1894	-2189	-138	-49	-57	17
1700000113030	1880	-2186	-123	-51	-45	11
1700000113040	1888	-2182	-135	-66	-54	14
1700000113050	1887	-2191	-120	-52	-53	1
1700000113060	1896	-2187	-133	-64	-56	10
1700000113070	1881	-2182	-129	-49	-50	16
1700000113080	1889	-2188	-128	-63	-48	7
1700000113090	1890	-2180	-128	-53	-56	20
1700000113100	1884	-2184	-129	-44	-53	7
1700000113110	1883	-2183	-138	-52	-54	9
1700000113120	1886	-2190	-115	-59	-60	10
1700000113130	1883	-2189	-137	-58	-59	11
1700000113140	1885	-2186	-117	-52	-63	12
1700000113150	1887	-2179	-121	-50	-64	18
1700000113160	1875	-2189	-133	-54	-55	16
1700000113170	1878	-2186	-124	-46	-57	-4
1700000113180	1879	-2194	-117	-51	-54	20
1700000113190	1876	-2190	-130	-58	-54	16
1700000113200	1881	-2193	-119	-66	-56	8
1700000113210	1873	-2194	-126	-57	-47	24
1700000113220	1871	-2182	-117	-46	-54	15
1700000113230	1878	-2189	-122	-45	-61	18
1700000113240	1879	-2186	-122	-57	-59	-2
1700000113250	1865	-2194	-119	-57	-56	21
1700000113260	1881	-2187	-128	-60	-53	13
1700000113270	1872	-2186	-107	-54	-57	22
1700000113280	1881	-2189	-122	-66	-62	2
1700000113290	1880	-2190	-127	-47	-60	16
1700000113300	1882	-2178	-124	-54	-58	10
1700000113310	1873	-2182	-120	-56	-65	5
1700000113320	1884	-2187	-107	-61	-52	3
1700000113330	1883	-2181	-116	-67	-50	17
1700000113340	1882	-2186	-107	-52	-58	13
1700000113350	1881	-2199	-107	-53	-63	8
1700000113360	1886	-2186	-117	-54	-54	13
1700000113370	1877	-2186	-118	-67	-48	13
1700000113380	1885	-2186	-121	-37	-57	14
1700000113390	1883	-2191	-125	-48	-52	11
1700000113400	1878	-2196	-112	-53	-59	13
1700000113410	1884	-2179	-132	-56	-55	19
1700000113420	1878	-2182	-115	-52	-53	10
1700000113430	1867	-2186	-123	-54	-63	13
1700000113440	1869	-2191	-118	-69	-56	13
1700000113450	1868	-2190	-105	-60	-59	22
1700000113460	1863	-2191	-124	-45	-54	11
1700000113470	1878	-2198	-112	-60	-49	15
1700000113480	1879	-2186	-114	-63	-59	18
1700000113490	1876	-2185	-102	-60	-64	11
1700000113500	1871	-2191	-114	-57	-58	17
1700000113510	1870	-2190	-104	-67	-50	21
1700000113520	1874	-2180	-105	-57	-49	26
1700000113530	1874	-2195	-114	-59	-52	11
1700000113540	1869	-2208	-109	-66	-56	7
1700000113550	1862	-2180	-106	-53	-57	16
1700000113560	1866	-2196	-112	-49	-61	26
1700000113570	1871	-2192	-110	-61	-67	19
1700000113580	1870	-2198	-113	-63	-62	19
1700000113590	1864	-2195	-120	-73	-54	18
1700000113600	1860	-2199	-105	-62	-62	16
1700000113610	1865	-2195	-100	-65	-61	17
1700000113620	1873	-2200	-114	-76	-61	17
1700000113630	1867	-2192	-109	-62	-72	11
1700000113640	1864	-2203	-110	-62	-64	20
1700000113650	1874	-2198	-106	-63	-58	14
1700000113660	1871	-2196	-106	-69	-64	16
1700000113670	1865	-2202	-107	-64	-54	16
1700000113680	1855	-2189	-102	-72	-55	19
1700000113690	1869	-2194	-104	-53	-56	3
1700000113700	1868	-2197	-103	-63	-53	6
1700000113710	1882	-2198	-105	-70	-58	15
1700000113720	1871	-2200	-104	-71	-73	19
1700000113730	1870	-2210	-102	-63	-62	16
1700000113740	1868	-2209	-99	-66	-61	15
1700000113750	1872	-2199	-101	-71	-57	15
1700000113760	1882	-2193	-100	-67	-76	11
1700000113770	1873	-2206	-100	-73	-54	19
1700000113780	1869	-2193	-105	-69	-62	17
1700000113790	1880	-2196	-84	-70	-59	13
1700000113800	1881	-2216	-96	-77	-63	16
1700000113810	1871	-2206	-103	-65	-57	9
1700000113820	1874	-2211	-100	-73	-57	14
1700000113830	1867	-2201	-99	-70	-59	19
1700000113840	1868	-2202	-114	-67	-57	25
1700000113850	1870	-2204	-92	-70	-64	5
1700000113860	1873	-2203	-95	-78	-52	16
1700000113870	1867	-2212	-106	-65	-49	16
1700000113880	1877	-2197	-93	-79	-62	9
1700000113890	1879	-2202	-98	-69	-62	2
1700000113900	1877	-2204	-95	-71	-59	20
1700000113910	1877	-2202	-86	-75	-71	8
1700000113920	1860	-2209	-89	-66	-69	27
1700000113930	1872	-2214	-90	-67	-66	20
1700000113940	1874	-2199	-87	-71	-63	19
1700000113950	1873	-2207	-87	-70	-62	26
1700000113960	1866	-2212	-93	-77	-72	19
1700000113970	1872	-2216	-86	-73	-64	14
1700000113980	1868	-2213	-84	-76	-66	15
1700000113990	1875	-2205	-89	-65	-56	3
1700000114000	1870	-2213	-88	-68	-70	19
1700000114010	1867	-2223	-89	-73	-72	16
1700000114020	1877	-2209	-89	-72	-64	2
1700000114030	1874	-2216	-94	-79	-61	13
1700000114040	1875	-2208	-87	-73	-68	22
1700000114050	1874	-2222	-85	-73	-72	16
1700000114060	1884	-2217	-88	-77	-58	19
1700000114070	1870	-2206	-103	-71	-68	15
1700000114080	1863	-2220	-85	-61	-77	19
1700000114090	1878	-2196	-87	-74	-75	8
1700000114100	1874	-2220	-84	-71	-64	12
1700000114110	1877	-2210	-88	-74	-74	23
1700000114120	1878	-2213	-73	-74	-71	17
1700000114130	1882	-2201	-87	-73	-57	14
1700000114140	1876	-2219	-93	-82	-62	6
1700000114150	1870	-2202	-84	-74	-67	20
1700000114160	1867	-2217	-82	-69	-72	-1
1700000114170	1874	-2225	-87	-71	-71	9
1700000114180	1884	-2218	-91	-80	-67	-1
1700000114190	1882	-2217	-80	-76	-70	10
1700000114200	1880	-2213	-87	-73	-63	20
1700000114210	1878	-2210	-86	-83	-66	11
1700000114220	1882	-2220	-82	-75	-64	24
1700000114230	1877	-2211	-85	-73	-56	15
1700000114240	1888	-2226	-72	-73	-61	7
1700000114250	1893	-2230	-92	-82	-63	20
1700000114260	1875	-2221	-70	-68	-68	10
1700000114270	1873	-2207	-78	-75	-59	-1
1700000114280	1882	-2220	-91	-75	-74	15
1700000114290	1892	-2217	-79	-79	-71	12
1700000114300	1880	-2217	-85	-78	-80	7
1700000114310	1875	-2226	-78	-81	-72	19
1700000114320	1881	-2226	-77	-68	-65	16
1700000114330	1887	-2223	-74	-87	-57	14
1700000114340	1881	-2217	-77	-85	-72	15
1700000114350	1885	-2230	-80	-75	-64	4
1700000114360	1881	-2226	-81	-80	-69	22
1700000114370	1894	-2216	-65	-87	-61	7
1700000114380	1889	-2226	-64	-74	-73	19
1700000114390	1894	-2219	-67	-79	-56	21
1700000114400	1897	-2225	-77	-89	-66	9
1700000114410	1883	-2235	-83	-85	-66	17
1700000114420	1878	-2223	-71	-84	-82	12
1700000114430	1894	-2235	-72	-85	-73	13
1700000114440	1880	-2230	-65	-75	-69	8
1700000114450	1875	-2236	-78	-76	-60	17
1700000114460	1883	-2227	-69	-82	-53	11
1700000114470	1883	-2230	-67	-89	-72	20
1700000114480	1894	-2227	-71	-82	-68	6
1700000114490	1894	-2231	-68	-79	-63	19
1700000114500	1889	-2223	-62	-89	-57	20
1700000114510	1897	-2240	-71	-88	-72	12
1700000114520	1888	-2227	-60	-89	-66	4
1700000114530	1889	-2216	-56	-85	-58	13
1700000114540	1886	-2222	-70	-92	-76	9
1700000114550	1895	-2235	-69	-89	-64	20
1700000114560	1880	-2235	-80	-78	-68	8
1700000114570	1890	-2235	-64	-84	-64	14
1700000114580	1900	-2226	-63	-82	-68	12
1700000114590	1888	-2235	-64	-78	-66	8
1700000114600	1892	-2230	-67	-86	-63	17
1700000114610	1896	-2235	-63	-79	-66	6
1700000114620	1900	-2229	-73	-87	-76	10
1700000114630	1900	-2241	-58	-80	-65	4
1700000114640	1898	-2226	-58	-86	-55	28
1700000114650	1903	-2233	-61	-97	-61	-2
1700000114660	1905	-2250	-58	-91	-67	10
1700000114670	1887	-2237	-58	-86	-73	5
1700000114680	1892	-2229	-63	-93	-72	1
1700000114690	1903	-2242	-59	-77	-72	10
1700000114700	1893	-2246	-54	-81	-66	6
1700000114710	1903	-2238	-57	-89	-67	16
1700000114720	1903	-2232	-47	-85	-75	0
1700000114730	1903	-2233	-61	-91	-67	8
1700000114740	1895	-2235	-60	-94	-70	12
1700000114750	1900	-2251	-63	-93	-74	7
1700000114760	1896	-2249	-65	-79	-74	16
1700000114770	1899	-2243	-52	-94	-64	12
1700000114780	1907	-2234	-64	-95	-63	3
1700000114790	1910	-2248	-53	-90	-57	8
1700000114800	1896	-2241	-56	-82	-74	18
1700000114810	1901	-2248	-55	-87	-68	2
1700000114820	1900	-2250	-52	-87	-68	13
1700000114830	1896	-2236	-56	-85	-71	3
1700000114840	1900	-2239	-60	-88	-81	2
1700000114850	1900	-2245	-67	-95	-71	11
1700000114860	1908	-2246	-62	-82	-57	1
1700000114870	1905	-2245	-54	-85	-60	8
1700000114880	1909	-2246	-52	-81	-60	6
1700000114890	1894	-2242	-45	-82	-69	5
1700000114900	1912	-2252	-50	-102	-68	23
1700000114910	1905	-2245	-57	-93	-67	8
1700000114920	1903	-2239	-57	-87	-76	6
1700000114930	1909	-2246	-48	-91	-66	3
1700000114940	1918	-2241	-52	-81	-58	10
1700000114950	1914	-2238	-50	-89	-67	8
1700000114960	1915	-2249	-58	-89	-60	13
1700000114970	1908	-2246	-63	-81	-65	0
1700000114980	1909	-2240	-51	-89	-64	5
1700000114990	1914	-2246	-55	-99	-64	3
1700000115000	1920	-2248	-37	-97	-73	-3
1700000115010	1916	-2250	-53	-85	-67	11
1700000115020	1914	-2252	-58	-86	-69	10
1700000115030	1917	-2247	-43	-81	-66	10
1700000115040	1920	-2248	-46	-82	-71	9
1700000115050	1919	-2244	-44	-84	-67	8
1700000115060	1922	-2249	-45	-91	-83	4
1700000115070	1924	-2248	-50	-75	-77	8
1700000115080	1927	-2238	-45	-94	-73	9
1700000115090	1910	-2250	-47	-94	-74	12
1700000115100	1921	-2255	-51	-106	-62	14
1700000115110	1912	-2256	-45	-88	-70	2
1700000115120	1923	-2248	-54	-93	-59	9
1700000115130	1917	-2254	-41	-86	-66	-6
1700000115140	1924	-2250	-43	-100	-64	8
1700000115150	1916	-2260	-34	-82	-71	5
1700000115160	1925	-2250	-36	-88	-68	17
1700000115170	1928	-2245	-44	-88	-69	3
1700000115180	1925	-2250	-41	-93	-79	1
1700000115190	1922	-2253	-54	-96	-70	0
1700000115200	1918	-2254	-38	-100	-67	7
1700000115210	1929	-2249	-48	-95	-67	-7
1700000115220	1921	-2255	-37	-96	-75	-9
1700000115230	1935	-2255	-41	-93	-61	-7
1700000115240	1918	-2257	-45	-90	-65	-6
1700000115250	1945	-2251	-54	-94	-73	-8
1700000115260	1931	-2256	-44	-103	-67	6
1700000115270	1929	-2244	-37	-93	-74	-2
1700000115280	1927	-2253	-49	-87	-63	12
1700000115290	1932	-2257	-45	-104	-65	13
1700000115300	1929	-2256	-48	-98	-68	0
1700000115310	1926	-2261	-49	-94	-71	2
1700000115320	1924	-2250	-43	-91	-75	-6
1700000115330	1953	-2263	-48	-88	-75	-4
1700000115340	1943	-2265	-46	-102	-58	1
1700000115350	1941	-2254	-41	-84	-68	9
1700000115360	1929	-2254	-43	-100	-63	2
1700000115370	1938	-2258	-42	-82	-59	-4
1700000115380	1939	-2261	-44	-93	-60	12
1700000115390	1951	-2261	-41	-87	-68	-4
1700000115400	1935	-2255	-44	-94	-66	-1
1700000115410	1932	-2262	-43	-96	-71	8
1700000115420	1932	-2258	-43	-92	-74	-6
1700000115430	1927	-2270	-49	-97	-74	6
1700000115440	1939	-2254	-42	-95	-67	-2
1700000115450	1950	-2248	-33	-94	-67	2
1700000115460	1939	-2263	-55	-89	-72	5
1700000115470	1944	-2270	-45	-98	-72	-1
1700000115480	1933	-2263	-39	-95	-58	-12
1700000115490	1929	-2252	-39	-94	-76	0
1700000115500	1942	-2262	-46	-85	-63	1
1700000115510	1937	-2268	-35	-85	-65	0
1700000115520	1950	-2265	-39	-97	-68	-3
1700000115530	1948	-2258	-36	-98	-56	-5
1700000115540	1953	-2254	-32	-95	-55	6
1700000115550	1946	-2258	-37	-79	-66	-4
1700000115560	1939	-2252	-40	-94	-66	6
1700000115570	1951	-2257	-31	-93	-61	-1
1700000115580	1954	-2260	-31	-89	-65	-8
1700000115590	1945	-2250	-44	-93	-67	-10
1700000115600	1945	-2261	-48	-84	-62	-17
1700000115610	1944	-2260	-47	-90	-60	4
1700000115620	1949	-2262	-35	-85	-64	-6
1700000115630	1949	-2259	-43	-81	-68	-8
1700000115640	1946	-2272	-42	-106	-66	6
1700000115650	1950	-2270	-39	-83	-63	-3
1700000115660	1947	-2253	-53	-87	-64	-2
1700000115670	1952	-2257	-37	-86	-77	1
1700000115680	1951	-2259	-35	-96	-64	-1
1700000115690	1947	-2255	-38	-77	-67	-8
1700000115700	1954	-2261	-48	-103	-50	-5
1700000115710	1956	-2248	-40	-86	-68	5
1700000115720	1960	-2267	-36	-96	-67	5
1700000115730	1953	-2272	-42	-95	-66	-3
1700000115740	1947	-2257	-43	-80	-55	-4
1700000115750	1947	-2272	-35	-97	-61	10
1700000115760	1955	-2254	-30	-78	-75	-4
1700000115770	1965	-2267	-38	-81	-65	-9
1700000115780	1957	-2255	-49	-89	-70	-6
1700000115790	1947	-2260	-46	-104	-62	-12
1700000115800	1959	-2259	-45	-87	-59	-5
1700000115810	1955	-2256	-40	-90	-52	-8
1700000115820	1951	-2261	-36	-83	-65	2
1700000115830	1962	-2269	-31	-79	-59	1
1700000115840	1951	-2267	-48	-90	-71	-13
1700000115850	1968	-2274	-39	-85	-65	-13
1700000115860	1960	-2265	-40	-86	-66	-6
1700000115870	1954	-2260	-59	-85	-64	2
1700000115880	1948	-2261	-34	-75	-64	-4
1700000115890	1948	-2272	-41	-98	-65	0
1700000115900	1954	-2249	-38	-81	-63	5
1700000115910	1954	-2268	-45	-89	-54	3
1700000115920	1961	-2260	-45	-91	-60	-8
1700000115930	1953	-2261	-35	-90	-56	-12
1700000115940	1951	-2259	-36	-95	-74	-5
1700000115950	1952	-2256	-30	-84	-58	-14
1700000115960	1970	-2268	-39	-92	-61	-8
1700000115970	1951	-2259	-36	-92	-70	-19
1700000115980	1954	-2263	-42	-75	-61	-5
1700000115990	1951	-2274	-53	-90	-66	-15
1700000116000	1955	-2262	-28	-80	-61	8
1700000116010	1953	-2256	-35	-91	-65	-6
1700000116020	1961	-2254	-38	-90	-71	-14
1700000116030	1952	-2260	-36	-80	-65	-4
1700000116040	1960	-2250	-50	-92	-61	-7
1700000116050	1958	-2256	-43	-87	-63	-16
1700000116060	1948	-2260	-45	-83	-51	-4
1700000116070	1949	-2259	-33	-77	-59	-7
1700000116080	1958	-2264	-33	-85	-59	-8
1700000116090	1952	-2260	-44	-84	-68	-3
1700000116100	1954	-2261	-38	-75	-56	0
1700000116110	1967	-2269	-42	-84	-58	-11
1700000116120	1952	-2252	-34	-82	-64	-13
1700000116130	1956	-2255	-50	-73	-70	-5
1700000116140	1968	-2262	-49	-88	-50	-3
1700000116150	1947	-2263	-37	-79	-64	-10
1700000116160	1962	-2265	-30	-84	-57	-7
1700000116170	1966	-2255	-42	-78	-60	-2
1700000116180	1953	-2255	-44	-79	-54	-17
1700000116190	1958	-2260	-33	-90	-66	-11
1700000116200	1962	-2251	-42	-75	-63	-3
1700000116210	1975	-2245	-47	-83	-64	-9
1700000116220	1958	-2248	-41	-86	-57	-16
1700000116230	1967	-2263	-51	-81	-65	-12
1700000116240	1961	-2256	-37	-77	-60	-19
1700000116250	1962	-2254	-36	-79	-60	-11
1700000116260	1964	-2261	-40	-79	-67	-13
1700000116270	1963	-2256	-50	-87	-47	-7
1700000116280	1958	-2251	-47	-75	-57	-13
1700000116290	1951	-2254	-36	-84	-64	-20
1700000116300	1967	-2243	-44	-74	-63	-22
1700000116310	1963	-2256	-45	-79	-66	-16
1700000116320	1941	-2251	-38	-72	-56	-13
1700000116330	1962	-2259	-44	-80	-67	-7
1700000116340	1955	-2258	-51	-74	-57	-21
1700000116350	1967	-2259	-53	-73	-56	-8
1700000116360	1952	-2244	-49	-74	-49	-17
1700000116370	1956	-2253	-41	-83	-64	-12
1700000116380	1970	-2254	-42	-83	-57	-14
1700000116390	1971	-2254	-51	-66	-63	-21
1700000116400	1955	-2249	-39	-80	-56	-19
1700000116410	1960	-2250	-47	-79	-60	-17
1700000116420	1960	-2255	-44	-68	-56	-8
1700000116430	1967	-2251	-38	-79	-56	-12
1700000116440	1965	-2246	-44	-79	-62	-20
1700000116450	1958	-2271	-51	-80	-54	-11
1700000116460	1962	-2249	-44	-71	-59	-11
1700000116470	1954	-2248	-48	-71	-74	-15
1700000116480	1952	-2253	-36	-83	-62	-11
1700000116490	1964	-2252	-58	-72	-61	-14
1700000116500	1963	-2260	-51	-68	-49	-6
1700000116510	1959	-2255	-55	-64	-55	-15
1700000116520	1961	-2256	-48	-71	-54	-25
1700000116530	1954	-2252	-50	-66	-59	-15
1700000116540	1960	-2247	-50	-71	-63	-24
1700000116550	1956	-2253	-57	-70	-60	-21
1700000116560	1952	-2246	-42	-69	-53	-9
1700000116570	1955	-2248	-48	-73	-70	-13
1700000116580	1959	-2247	-52	-64	-61	-11
1700000116590	1953	-2252	-50	-63	-65	-5
1700000116600	1957	-2244	-51	-65	-55	-5
1700000116610	1951	-2246	-46	-76	-55	-17
1700000116620	1955	-2243	-38	-75	-49	-15
1700000116630	1965	-2244	-55	-89	-46	-21
1700000116640	1943	-2245	-48	-61	-51	-18
1700000116650	1957	-2253	-51	-73	-56	-9
1700000116660	1949	-2250	-65	-62	-58	-13
1700000116670	1953	-2258	-50	-79	-59	-27
1700000116680	1948	-2234	-55	-72	-63	-16
1700000116690	1959	-2239	-49	-82	-61	-9
1700000116700	1944	-2236	-55	-61	-58	-13
1700000116710	1943	-2229	-58	-66	-49	-18
1700000116720	1953	-2247	-57	-69	-58	-18
1700000116730	1966	-2240	-52	-61	-38	-6
1700000116740	1953	-2249	-60	-69	-58	-12
1700000116750	1947	-2231	-52	-68	-53	-20
1700000116760	1956	-2254	-46	-62	-50	-19
1700000116770	1952	-2243	-43	-80	-53	-12
1700000116780	1954	-2240	-58	-58	-59	-19
1700000116790	1950	-2248	-54	-61	-52	-14
1700000116800	1950	-2246	-60	-62	-58	-18
1700000116810	1943	-2237	-59	-68	-48	-11
1700000116820	1940	-2242	-54	-63	-53	-13
1700000116830	1949	-2241	-57	-71	-49	-25
1700000116840	1954	-2232	-46	-65	-52	-17
1700000116850	1947	-2236	-60	-60	-55	-13
1700000116860	1956	-2245	-62	-62	-51	-18
1700000116870	1945	-2252	-48	-55	-54	-14
1700000116880	1946	-2242	-52	-76	-61	-20
1700000116890	1942	-2241	-60	-63	-59	-13
1700000116900	1942	-2245	-58	-66	-41	-13
1700000116910	1942	-2237	-60	-71	-48	-15
1700000116920	1941	-2239	-54	-69	-43	-18
1700000116930	1943	-2232	-63	-53	-46	-17
1700000116940	1944	-2235	-70	-58	-66	-20
1700000116950	1946	-2249	-60	-61	-54	-19
1700000116960	1955	-2225	-59	-50	-60	-6
1700000116970	1941	-2233	-44	-59	-55	-19
1700000116980	1937	-2235	-55	-59	-62	-17
1700000116990	1944	-2227	-62	-58	-51	-14
1700000117000	1942	-2232	-59	-68	-48	-15
1700000117010	1935	-2237	-58	-57	-55	-21
1700000117020	1937	-2228	-59	-62	-55	-13
1700000117030	1944	-2237	-54	-61	-57	-18
1700000117040	1937	-2226	-57	-63	-45	-16
1700000117050	1937	-2227	-61	-54	-61	-14
1700000117060	1949	-2232	-68	-63	-52	-19
1700000117070	1923	-2230	-59	-66	-64	-22
1700000117080	1950	-2233	-68	-45	-51	-20
1700000117090	1946	-2239	-59	-57	-57	-12
1700000117100	1941	-2224	-58	-61	-62	-16
1700000117110	1931	-2232	-66	-47	-49	-25
1700000117120	1926	-2230	-65	-59	-40	-9
1700000117130	1928	-2235	-67	-56	-56	-10
1700000117140	1940	-2232	-66	-56	-54	-14
1700000117150	1937	-2217	-77	-66	-44	-11
1700000117160	1926	-2231	-67	-56	-54	-9
1700000117170	1937	-2227	-68	-60	-59	-14
1700000117180	1941	-2232	-64	-52	-41	-16
1700000117190	1926	-2229	-68	-62	-45	-13
1700000117200	1930	-2223	-74	-59	-51	-22
1700000117210	1938	-2233	-77	-56	-50	-17
1700000117220	1926	-2222	-63	-56	-49	-24
1700000117230	1938	-2221	-66	-72	-46	0
1700000117240	1924	-2230	-66	-64	-59	-12
1700000117250	1931	-2219	-72	-56	-50	-15
1700000117260	1931	-2218	-70	-62	-51	-13
1700000117270	1935	-2220	-69	-51	-51	-19
1700000117280	1912	-2224	-81	-65	-44	-21
1700000117290	1931	-2228	-83	-45	-34	-18
1700000117300	1926	-2229	-67	-56	-44	-5
1700000117310	1937	-2221	-82	-48	-48	-19
1700000117320	1923	-2221	-56	-63	-40	-15
1700000117330	1922	-2226	-70	-55	-40	-23
1700000117340	1924	-2221	-74	-49	-51	-18
1700000117350	1921	-2220	-78	-52	-54	-10
1700000117360	1931	-2207	-77	-58	-45	-19
1700000117370	1916	-2225	-80	-60	-47	-22
1700000117380	1917	-2211	-80	-48	-43	-17
1700000117390	1924	-2223	-69	-56	-50	-16
1700000117400	1916	-2214	-76	-54	-48	-19
1700000117410	1927	-2212	-84	-50	-44	-23
1700000117420	1910	-2220	-75	-62	-50	-21
1700000117430	1916	-2208	-85	-46	-48	-20
1700000117440	1917	-2223	-80	-55	-36	-11
1700000117450	1918	-2205	-82	-50	-44	-9
1700000117460	1925	-2218	-83	-63	-42	-14
1700000117470	1903	-2205	-84	-59	-54	-10
1700000117480	1915	-2220	-89	-46	-36	-22
1700000117490	1910	-2213	-84	-45	-54	-14
1700000117500	1914	-2205	-89	-54	-57	-13
1700000117510	1906	-2210	-86	-52	-47	-18
1700000117520	1907	-2207	-85	-61	-48	-11
1700000117530	1925	-2218	-85	-40	-44	-13
1700000117540	1910	-2214	-89	-47	-45	-6
1700000117550	1918	-2206	-86	-53	-29	-14
1700000117560	1903	-2210	-86	-37	-46	-14
1700000117570	1921	-2212	-94	-50	-40	-15
1700000117580	1906	-2221	-84	-49	-56	-12
1700000117590	1901	-2202	-76	-57	-48	-15
1700000117600	1913	-2205	-86	-48	-43	-16
1700000117610	1913	-2204	-84	-41	-46	-13
1700000117620	1914	-2202	-86	-41	-41	-22
1700000117630	1914	-2217	-97	-49	-44	-33
1700000117640	1897	-2211	-85	-45	-47	-16
1700000117650	1901	-2209	-92	-49	-44	-8
1700000117660	1906	-2212	-91	-48	-42	-16
1700000117670	1911	-2214	-91	-43	-44	-29
1700000117680	1910	-2205	-93	-57	-38	-20
1700000117690	1916	-2208	-87	-55	-42	-14
1700000117700	1902	-2202	-95	-48	-40	-13
1700000117710	1904	-2202	-97	-45	-42	-11
1700000117720	1897	-2204	-97	-40	-50	-13
1700000117730	1903	-2199	-90	-49	-34	-24
1700000117740	1900	-2205	-87	-39	-36	-6
1700000117750	1898	-2199	-88	-54	-39	-12
1700000117760	1899	-2213	-83	-58	-50	-8
1700000117770	1902	-2206	-95	-52	-45	-4
1700000117780	1897	-2200	-98	-46	-49	-11
1700000117790	1900	-2203	-97	-43	-42	-22
1700000117800	1898	-2208	-102	-46	-39	-15
1700000117810	1904	-2202	-98	-49	-37	-18
1700000117820	1900	-2201	-97	-51	-51	-3
1700000117830	1901	-2194	-96	-46	-40	-8
1700000117840	1894	-2207	-98	-43	-41	-8
1700000117850	1897	-2201	-100	-58	-41	-9
1700000117860	1896	-2206	-100	-53	-32	-10
1700000117870	1897	-2203	-100	-36	-40	-10
1700000117880	1896	-2193	-92	-40	-38	-16
1700000117890	1891	-2183	-90	-52	-43	-14
1700000117900	1894	-2199	-99	-46	-38	-11
1700000117910	1889	-2207	-98	-36	-39	-12
1700000117920	1893	-2190	-102	-49	-36	-7
1700000117930	1894	-2201	-99	-47	-39	-18
1700000117940	1879	-2191	-92	-55	-36	-23
1700000117950	1889	-2196	-100	-34	-53	-10
1700000117960	1891	-2197	-103	-54	-38	-4
1700000117970	1885	-2194	-101	-31	-42	-15
1700000117980	1899	-2204	-108	-45	-39	-18
1700000117990	1892	-2206	-101	-48	-40	-15
1700000118000	1875	-2213	-110	-38	-29	-8
1700000118010	1887	-2190	-104	-41	-23	-18
1700000118020	1880	-2195	-106	-58	-38	-16
1700000118030	1893	-2200	-107	-46	-51	-15
1700000118040	1882	-2195	-108	-44	-29	-7
1700000118050	1891	-2200	-103	-51	-38	-12
1700000118060	1884	-2197	-109	-47	-20	-17
1700000118070	1890	-2193	-100	-58	-34	2
1700000118080	1890	-2197	-100	-51	-36	-14
1700000118090	1886	-2193	-102	-51	-44	-22
1700000118100	1887	-2191	-107	-45	-41	-12
1700000118110	1888	-2199	-104	-49	-42	-3
1700000118120	1892	-2196	-105	-42	-48	-22
1700000118130	1891	-2199	-107	-53	-36	-6
1700000118140	1893	-2185	-120	-40	-31	-12
1700000118150	1883	-2190	-123	-54	-35	2
1700000118160	1873	-2217	-103	-45	-40	-2
1700000118170	1883	-2183	-115	-43	-42	-16
1700000118180	1881	-2183	-113	-45	-42	-10
1700000118190	1887	-2191	-107	-45	-40	-3
1700000118200	1875	-2178	-110	-52	-37	-3
1700000118210	1880	-2190	-123	-51	-37	-1
1700000118220	1885	-2185	-115	-48	-36	-12
1700000118230	1878	-2186	-114	-44	-41	-11
1700000118240	1876	-2190	-114	-51	-32	-13
1700000118250	1873	-2192	-123	-47	-36	-14
1700000118260	1872	-2195	-115	-55	-36	-14
1700000118270	1880	-2188	-124	-59	-34	0
1700000118280	1876	-2189	-110	-49	-33	-17
1700000118290	1881	-2192	-112	-50	-41	-6
1700000118300	1886	-2193	-120	-47	-35	-14
1700000118310	1865	-2193	-120	-44	-46	-10
1700000118320	1884	-2190	-117	-36	-32	-4
1700000118330	1886	-2188	-115	-51	-37	-2
1700000118340	1878	-2198	-115	-51	-40	-9
1700000118350	1881	-2187	-112	-48	-44	-8
1700000118360	1872	-2183	-120	-38	-21	-17
1700000118370	1862	-2189	-117	-49	-36	-4
1700000118380	1871	-2195	-119	-53	-29	-8
1700000118390	1870	-2189	-130	-54	-28	-13
1700000118400	1884	-2192	-119	-48	-38	-12
1700000118410	1887	-2197	-111	-47	-28	-2
1700000118420	1878	-2193	-128	-51	-37	-1
1700000118430	1883	-2173	-119	-50	-33	-6
1700000118440	1867	-2183	-128	-48	-44	-7
1700000118450	1879	-2179	-126	-53	-33	-20
1700000118460	1866	-2177	-131	-52	-25	-15
1700000118470	1879	-2187	-125	-42	-42	-6
1700000118480	1862	-2190	-128	-65	-31	-7
1700000118490	1860	-2189	-122	-51	-46	-13
1700000118500	1876	-2172	-127	-43	-25	-9
1700000118510	1873	-2179	-129	-56	-35	-1
1700000118520	1866	-2184	-121	-52	-38	2
1700000118530	1862	-2187	-124	-62	-33	-3
1700000118540	1867	-2190	-122	-46	-32	2
1700000118550	1870	-2190	-119	-60	-39	-6
1700000118560	1863	-2182	-126	-54	-27	-11
1700000118570	1876	-2190	-124	-55	-40	-12
1700000118580	1876	-2191	-121	-55	-34	-3
1700000118590	1863	-2191	-125	-51	-35	-13
1700000118600	1861	-2190	-132	-43	-33	-8
1700000118610	1873	-2175	-130	-52	-25	-5
1700000118620	1869	-2175	-126	-48	-43	5
1700000118630	1866	-2187	-127	-51	-34	-5
1700000118640	1868	-2173	-132	-47	-25	-8
1700000118650	1868	-2183	-132	-52	-30	2
1700000118660	1871	-2182	-132	-53	-40	-10
1700000118670	1882	-2186	-131	-57	-31	-10
1700000118680	1877	-2177	-140	-50	-36	-1
1700000118690	1861	-2180	-120	-42	-24	-17
1700000118700	1870	-2198	-123	-61	-37	-3
1700000118710	1868	-2195	-124	-59	-28	-7
1700000118720	1876	-2191	-139	-55	-33	1
1700000118730	1879	-2184	-130	-62	-31	-4
1700000118740	1866	-2193	-134	-52	-32	-1
1700000118750	1875	-2187	-128	-52	-41	3
1700000118760	1875	-2175	-137	-54	-33	-8
1700000118770	1863	-2179	-145	-58	-29	-8
1700000118780	1869	-2180	-131	-54	-30	-11
1700000118790	1862	-2177	-133	-57	-31	-5
1700000118800	1864	-2182	-142	-47	-33	-7
1700000118810	1866	-2190	-122	-49	-38	-6
1700000118820	1866	-2179	-134	-48	-33	-9
1700000118830	1864	-2194	-140	-53	-30	-3
1700000118840	1871	-2185	-128	-56	-37	0
1700000118850	1875	-2186	-142	-58	-31	-4
1700000118860	1861	-2194	-138	-54	-37	2
1700000118870	1876	-2186	-131	-45	-34	-11
1700000118880	1871	-2186	-140	-56	-33	-4
1700000118890	1878	-2178	-138	-61	-27	-4
1700000118900	1871	-2188	-143	-58	-19	4
1700000118910	1876	-2187	-137	-51	-21	10
1700000118920	1877	-2194	-138	-58	-35	6
1700000118930	1873	-2190	-136	-52	-21	-8
1700000118940	1866	-2185	-146	-60	-30	-2
1700000118950	1866	-2192	-138	-56	-43	3
1700000118960	1883	-2187	-140	-48	-38	-5
1700000118970	1873	-2184	-138	-58	-19	-11
1700000118980	1867	-2193	-133	-70	-24	-8
1700000118990	1874	-2174	-139	-55	-31	-6
1700000119000	1877	-2169	-142	-52	-44	-8
1700000119010	1865	-2189	-138	-55	-29	1
1700000119020	1873	-2183	-144	-66	-45	12
1700000119030	1870	-2188	-140	-57	-31	1
1700000119040	1877	-2180	-138	-56	-35	-1
1700000119050	1876	-2191	-148	-58	-44	-4
1700000119060	1864	-2189	-148	-52	-41	-2
1700000119070	1868	-2187	-152	-74	-27	10
1700000119080	1874	-2188	-149	-62	-34	14
1700000119090	1870	-2189	-145	-72	-35	13
1700000119100	1882	-2190	-145	-49	-35	10
1700000119110	1870	-2203	-149	-70	-25	0
1700000119120	1885	-2198	-139	-69	-32	15
1700000119130	1884	-2193	-141	-61	-36	11
1700000119140	1871	-2190	-140	-53	-31	8
1700000119150	1872	-2197	-139	-65	-25	-10
1700000119160	1877	-2195	-145	-54	-41	-2
1700000119170	1875	-2193	-143	-61	-32	0
1700000119180	1877	-2188	-142	-56	-26	14
1700000119190	1870	-2184	-145	-68	-27	7
1700000119200	1880	-2186	-148	-63	-27	5
1700000119210	1876	-2191	-148	-56	-38	6
1700000119220	1877	-2194	-144	-61	-45	13
1700000119230	1878	-2183	-146	-70	-34	2
1700000119240	1873	-2179	-145	-67	-29	-1
1700000119250	1879	-2189	-150	-58	-36	15
1700000119260	1886	-2183	-153	-64	-33	5
1700000119270	1889	-2189	-148	-60	-44	-4
1700000119280	1880	-2185	-146	-66	-27	10
1700000119290	1879	-2181	-152	-66	-35	4
1700000119300	1881	-2192	-141	-72	-39	14
1700000119310	1898	-2186	-151	-61	-32	12
1700000119320	1876	-2194	-134	-70	-29	3
1700000119330	1889	-2183	-143	-46	-32	16
1700000119340	1880	-2191	-141	-67	-26	6
1700000119350	1881	-2188	-153	-62	-26	7
1700000119360	1893	-2197	-157	-59	-30	6
1700000119370	1885	-2191	-140	-63	-26	10
1700000119380	1885	-2188	-152	-60	-38	7
1700000119390	1870	-2194	-143	-71	-27	6
1700000119400	1883	-2192	-145	-78	-39	0
1700000119410	1886	-2196	-146	-67	-32	-6
1700000119420	1875	-2199	-151	-77	-26	16
1700000119430	1899	-2194	-155	-62	-31	8
1700000119440	1885	-2190	-148	-76	-36	2
1700000119450	1883	-2193	-160	-82	-34	0
1700000119460	1884	-2195	-142	-71	-33	0
1700000119470	1892	-2201	-145	-74	-20	10
1700000119480	1886	-2201	-156	-68	-40	10
1700000119490	1878	-2202	-151	-81	-35	4
1700000119500	1893	-2196	-148	-82	-23	12
1700000119510	1881	-2191	-150	-77	-27	9
1700000119520	1898	-2191	-152	-69	-42	8
1700000119530	1892	-2197	-149	-65	-28	13
1700000119540	1890	-2197	-155	-75	-27	11
1700000119550	1887	-2192	-155	-81	-39	15
1700000119560	1879	-2183	-156	-70	-40	8
1700000119570	1897	-2193	-157	-63	-31	10
1700000119580	1889	-2196	-153	-84	-21	13
1700000119590	1891	-2203	-151	-87	-30	20
1700000119600	1895	-2204	-152	-77	-31	17
1700000119610	1908	-2187	-140	-74	-31	4
1700000119620	1888	-2198	-143	-77	-33	5
1700000119630	1911	-2201	-150	-78	-30	0
1700000119640	1897	-2206	-145	-72	-29	9
1700000119650	1899	-2202	-163	-67	-29	13
1700000119660	1890	-2202	-150	-78	-29	13
1700000119670	1901	-2209	-148	-70	-22	14
1700000119680	1900	-2188	-143	-76	-29	14
1700000119690	1887	-2214	-140	-84	-31	11
1700000119700	1905	-2199	-143	-74	-27	7
1700000119710	1899	-2201	-148	-83	-40	10
1700000119720	1898	-2202	-152	-79	-39	1
1700000119730	1897	-2203	-139	-64	-23	17
1700000119740	1894	-2210	-160	-67	-41	17
1700000119750	1901	-2204	-146	-80	-26	13
1700000119760	1908	-2204	-156	-71	-33	9
1700000119770	1897	-2212	-152	-74	-37	8
1700000119780	1910	-2206	-153	-74	-26	19
1700000119790	1898	-2216	-154	-79	-24	14
1700000119800	1909	-2208	-153	-77	-28	7
1700000119810	1906	-2202	-148	-81	-21	21
1700000119820	1906	-2202	-149	-73	-41	22
1700000119830	1913	-2201	-150	-72	-30	5
1700000119840	1901	-2201	-146	-79	-29	8
1700000119850	1910	-2196	-140	-79	-20	12
1700000119860	1912	-2206	-144	-76	-32	12
1700000119870	1913	-2221	-155	-88	-33	24
1700000119880	1907	-2207	-159	-73	-43	10
1700000119890	1898	-2205	-154	-87	-34	12
1700000119900	1909	-2206	-141	-79	-34	-1
1700000119910	1900	-2216	-144	-87	-29	18
1700000119920	1915	-2208	-158	-70	-45	13
1700000119930	1904	-2204	-145	-82	-35	18
1700000119940	1909	-2214	-149	-81	-30	16
1700000119950	1913	-2208	-154	-81	-36	1
1700000119960	1922	-2208	-140	-91	-34	6
1700000119970	1930	-2211	-154	-87	-37	10
1700000119980	1919	-2211	-151	-80	-39	8
1700000119990	1915	-2207	-153	-82	-35	11
